id,contract,date,shift,area,block,equipo,bank,project,drill_type,drill_code,hour_from,hour_to,rop,hardness,high
89408270,Mina Bambas,2026-08-17,A,FERROBAMBA,Fase 5E,TD080,3915,053,PC,5763,14.3333333333333,15.0,24.0,,16.0
89408271,Mina Bambas,2026-08-17,A,FERROBAMBA,Fase 5E,TD080,3915,053,PC,5764,15.0,15.5,32.0,,16.0
89408272,Mina Bambas,2026-08-17,A,FERROBAMBA,Fase 5E,TD080,3915,053,PC,5765,15.5,15.8333333333333,47.9999999999999,,16.0
89408273,Mina Bambas,2026-08-17,A,FERROBAMBA,Fase 5E,TD080,3915,053,PC,5766,15.8333333333333,16.1666666666667,47.9999999999999,,16.0
89408274,Mina Bambas,2026-08-17,A,FERROBAMBA,Fase 5E,TD080,3915,053,PC,5767,16.1666666666667,16.5,48.0000000000002,,16.0
89408275,Mina Bambas,2026-08-17,A,FERROBAMBA,Fase 5E,TD080,3915,053,PC,5768,16.5,16.8333333333333,48.0000000000002,,16.0
89408276,Mina Bambas,2026-08-17,A,FERROBAMBA,Fase 5E,TD080,3915,053,PC,5769,16.8333333333333,17.1666666666667,47.9999999999997,,16.0
89408277,Mina Bambas,2026-08-17,A,FERROBAMBA,Fase 5E,TD080,3915,053,PC,5770,17.1666666666667,17.5,48.0000000000002,,16.0
89408278,Mina Bambas,2026-08-17,A,FERROBAMBA,Fase 5E,TD080,3915,053,PC,5771,17.5,17.8333333333333,48.0000000000002,,16.0
89408279,Mina Bambas,2026-08-17,A,FERROBAMBA,Fase 5E,TD080,3915,053,PC,5772,17.8333333333333,18.1666666666667,47.9999999999997,,16.0
89408280,Mina Bambas,2026-08-17,A,FERROBAMBA,Fase 5E,TD080,3915,053,PC,5773,18.1666666666667,18.5,48.0000000000002,,16.0
89410281,Mina Bambas,2026-08-17,A,FERROBAMBA,Fase 5E,TD012,3930,061,P,2314,6.5,7.25,19.7333333333333,,14.8
89410282,Mina Bambas,2026-08-17,A,FERROBAMBA,Fase 5E,TD012,3930,061,P,2297,7.5,8.0,29.6,,14.8
89410283,Mina Bambas,2026-08-17,A,FERROBAMBA,Fase 5E,TD012,3930,061,P,2388,8.0,8.5,29.6,,14.8
89410284,Mina Bambas,2026-08-17,A,FERROBAMBA,Fase 5E,TD012,3930,061,P,2341,8.5,9.0,29.6,,14.8
89410285,Mina Bambas,2026-08-17,A,FERROBAMBA,Fase 5E,TD012,3930,061,P,2313,9.0,9.5,29.6,,14.8
89410286,Mina Bambas,2026-08-17,A,FERROBAMBA,Fase 5E,TD012,3930,061,P,2296,9.5,10.0,29.6,,14.8
89410287,Mina Bambas,2026-08-17,A,FERROBAMBA,Fase 5E,TD012,3930,061,P,2364,10.0,10.5,29.6,,14.8
89410288,Mina Bambas,2026-08-17,A,FERROBAMBA,Fase 5E,TD012,3930,061,P,2312,10.5,11.0,29.6,,14.8
89410289,Mina Bambas,2026-08-17,A,FERROBAMBA,Fase 5E,TD012,3930,061,P,2295,11.0,11.5833333333333,25.3714285714285,,14.8
89410290,Mina Bambas,2026-08-17,A,FERROBAMBA,Fase 5E,TD012,3930,061,P,2276,11.5833333333333,12.0833333333333,29.6,,14.8
89410291,Mina Bambas,2026-08-17,A,FERROBAMBA,Fase 5E,TD012,3930,061,P,2339,12.0833333333333,12.5833333333333,29.6,,14.8
89410292,Mina Bambas,2026-08-17,A,FERROBAMBA,Fase 5E,TD012,3930,061,P,2311,12.8333333333333,13.5,22.2,,14.8
89410293,Mina Bambas,2026-08-17,A,FERROBAMBA,Fase 5E,TD012,3930,061,P,2294,13.5,14.0,29.6,,14.8
89410294,Mina Bambas,2026-08-17,A,FERROBAMBA,Fase 5E,TD012,3930,061,P,2275,14.0,14.5,29.6,,14.8
89410295,Mina Bambas,2026-08-17,A,FERROBAMBA,Fase 5E,TD012,3930,061,P,2362,14.5,15.0,29.6,,14.8
89410296,Mina Bambas,2026-08-17,A,FERROBAMBA,Fase 5E,TD012,3930,061,P,2338,15.0,15.5,29.6,,14.8
89410297,Mina Bambas,2026-08-17,A,FERROBAMBA,Fase 5E,TD012,3930,061,P,2310,15.5,16.0,29.6,,14.8
89410298,Mina Bambas,2026-08-17,A,FERROBAMBA,Fase 5E,TD012,3930,061,P,2293,16.0,16.5,29.6,,14.8
89410299,Mina Bambas,2026-08-17,A,FERROBAMBA,Fase 5E,TD012,3930,061,P,2274,16.5,17.0,29.6,,14.8
89410300,Mina Bambas,2026-08-17,A,FERROBAMBA,Fase 5E,TD012,3930,061,P,2361,17.0,17.5,29.6,,14.8
89410301,Mina Bambas,2026-08-17,A,FERROBAMBA,Fase 5E,TD012,3930,061,P,2360,17.5,18.0,29.6,,14.8
89410302,Mina Bambas,2026-08-17,A,FERROBAMBA,Fase 5E,TD012,3930,061,P,2337,18.0,18.5,29.6,,14.8
89411303,Mina Bambas,2026-08-17,A,FERROBAMBA,Fase 5E,TD079,3915,060,PC,5064,6.5,6.91666666666667,39.6,,16.5
89411304,Mina Bambas,2026-08-17,A,FERROBAMBA,Fase 5E,TD079,3915,060,PC,5065,6.91666666666667,7.33333333333333,39.6000000000001,,16.5
89411305,Mina Bambas,2026-08-17,A,FERROBAMBA,Fase 5E,TD079,3915,060,PC,5066,7.5,7.83333333333333,49.5,,16.5
89411306,Mina Bambas,2026-08-17,A,FERROBAMBA,Fase 5E,TD079,3915,060,PC,5067,7.83333333333333,8.16666666666667,49.5,,16.5
89411307,Mina Bambas,2026-08-17,A,FERROBAMBA,Fase 5E,TD079,3915,060,PC,5068,8.16666666666667,8.5,49.4999999999999,,16.5
89411308,Mina Bambas,2026-08-17,A,FERROBAMBA,Fase 5E,TD079,3915,060,PC,5069,8.5,8.83333333333333,49.4999999999999,,16.5
89411309,Mina Bambas,2026-08-17,A,FERROBAMBA,Fase 5E,TD079,3915,060,PC,5070,8.83333333333333,9.16666666666667,49.5000000000002,,16.5
89411310,Mina Bambas,2026-08-17,A,FERROBAMBA,Fase 5E,TD079,3915,060,PC,5071,9.16666666666667,9.5,49.4999999999999,,16.5
89411311,Mina Bambas,2026-08-17,A,FERROBAMBA,Fase 5E,TD079,3915,060,PC,5072,9.5,9.83333333333333,49.4999999999999,,16.5
89411312,Mina Bambas,2026-08-17,A,FERROBAMBA,Fase 5E,TD079,3915,060,PC,5073,9.83333333333333,10.1666666666667,49.5000000000002,,16.5
89411313,Mina Bambas,2026-08-17,A,FERROBAMBA,Fase 5E,TD079,3915,060,PC,5074,10.1666666666667,10.5,49.4999999999999,,16.5
89411314,Mina Bambas,2026-08-17,A,FERROBAMBA,Fase 5E,TD079,3915,060,PC,5075,10.5,10.8333333333333,49.4999999999999,,16.5
89411315,Mina Bambas,2026-08-17,A,FERROBAMBA,Fase 5E,TD079,3915,060,PC,5076,10.8333333333333,11.1666666666667,49.5000000000002,,16.5
89411316,Mina Bambas,2026-08-17,A,FERROBAMBA,Fase 5E,TD079,3915,060,PC,5077,11.1666666666667,11.5,49.4999999999999,,16.5
89411317,Mina Bambas,2026-08-17,A,FERROBAMBA,Fase 5E,TD079,3915,060,PC,5078,11.5,11.8333333333333,49.4999999999999,,16.5
89411318,Mina Bambas,2026-08-17,A,FERROBAMBA,Fase 5E,TD079,3915,060,PC,5079,11.8333333333333,12.1666666666667,49.5000000000002,,16.5
89411319,Mina Bambas,2026-08-17,A,FERROBAMBA,Fase 5E,TD079,3915,060,PC,5080,12.1666666666667,12.5,49.4999999999999,,16.5
89411320,Mina Bambas,2026-08-17,A,FERROBAMBA,Fase 5E,TD079,3915,060,PC,5081,12.5,12.8333333333333,49.4999999999999,,16.5
89411321,Mina Bambas,2026-08-17,A,FERROBAMBA,Fase 5E,TD079,3915,060,PC,5082,12.8333333333333,13.1666666666667,49.5000000000002,,16.5
89411322,Mina Bambas,2026-08-17,A,FERROBAMBA,Fase 5E,TD079,3915,060,PC,5083,13.1666666666667,13.5,49.4999999999999,,16.5
89411323,Mina Bambas,2026-08-17,A,FERROBAMBA,Fase 5E,TD079,3915,060,PC,5084,13.5,13.8333333333333,49.4999999999999,,16.5
89411324,Mina Bambas,2026-08-17,A,FERROBAMBA,Fase 5E,TD079,3915,060,PC,5085,15.9166666666667,16.2666666666667,47.1428571428572,,16.5
89411325,Mina Bambas,2026-08-17,A,FERROBAMBA,Fase 5E,TD079,3915,060,PC,5086,16.2666666666667,16.6166666666667,47.142857142857,,16.5
89411326,Mina Bambas,2026-08-17,A,FERROBAMBA,Fase 5E,TD079,3915,060,PC,5087,16.6166666666667,17.0,43.0434782608696,,16.5
89411327,Mina Bambas,2026-08-17,A,FERROBAMBA,Fase 5E,TD079,3915,060,PC,5088,18.0,18.5,33.0,,16.5
89412328,Mina Bambas Rotativas - Ferrobamba,2026-08-17,A,FERROBAMBA,Fase 5O,TD092,3555,264,MS,1293,6.5,7.08333333333333,26.7428571428572,,15.6
89412329,Mina Bambas Rotativas - Ferrobamba,2026-08-17,A,FERROBAMBA,Fase 5O,TD092,3555,264,MS,1266,7.33333333333333,7.83333333333333,31.0,,15.5
89412330,Mina Bambas Rotativas - Ferrobamba,2026-08-17,A,FERROBAMBA,Fase 5O,TD092,3555,264,B1,203,8.08333333333333,8.58333333333333,33.0,,16.5
89412331,Mina Bambas Rotativas - Ferrobamba,2026-08-17,A,FERROBAMBA,Fase 5O,TD092,3555,264,B1,204,8.66666666666667,9.33333333333333,24.9,,16.6
89412332,Mina Bambas Rotativas - Ferrobamba,2026-08-17,A,FERROBAMBA,Fase 5O,TD092,3555,264,B1,205,9.41666666666667,9.83333333333333,39.5999999999999,,16.5
89412333,Mina Bambas Rotativas - Ferrobamba,2026-08-17,A,FERROBAMBA,Fase 5O,TD092,3555,264,MS,1463,10.3333333333333,10.8333333333333,31.8,,15.9
89412334,Mina Bambas Rotativas - Ferrobamba,2026-08-17,A,FERROBAMBA,Fase 5O,TD092,3555,264,MS,1309,10.9166666666667,11.4166666666667,31.6,,15.8
89412335,Mina Bambas Rotativas - Ferrobamba,2026-08-17,A,FERROBAMBA,Fase 5O,TD092,3555,264,MS,1283,11.5,11.95,34.8888888888889,,15.7
89412336,Mina Bambas Rotativas - Ferrobamba,2026-08-17,A,FERROBAMBA,Fase 5O,TD092,3555,264,MS,1256,12.05,12.5,34.6666666666667,,15.6
89412337,Mina Bambas Rotativas - Ferrobamba,2026-08-17,A,FERROBAMBA,Fase 5O,TD092,3555,264,MS,1229,12.5666666666667,13.0833333333333,30.0,,15.5
89412338,Mina Bambas Rotativas - Ferrobamba,2026-08-17,A,FERROBAMBA,Fase 5O,TD092,3555,264,MS,1201,13.1666666666667,13.8333333333333,23.25,,15.5
89412339,Mina Bambas Rotativas - Ferrobamba,2026-08-17,A,FERROBAMBA,Fase 5O,TD092,3555,264,MS,1174,13.9166666666667,14.5,27.4285714285714,,16.0
89412340,Mina Bambas Rotativas - Ferrobamba,2026-08-17,A,FERROBAMBA,Fase 5O,TD092,3555,264,MS,1148,14.5833333333333,15.0833333333333,31.8,,15.9
89412341,Mina Bambas Rotativas - Ferrobamba,2026-08-17,A,FERROBAMBA,Fase 5O,TD092,3555,264,MS,1120,15.1666666666667,15.5833333333333,38.1599999999999,,15.9
89412342,Mina Bambas Rotativas - Ferrobamba,2026-08-17,A,FERROBAMBA,Fase 5O,TD092,3555,264,MS,1093,15.6666666666667,16.0833333333333,38.1600000000001,,15.9
89412343,Mina Bambas Rotativas - Ferrobamba,2026-08-17,A,FERROBAMBA,Fase 5O,TD092,3555,264,MS,1067,16.1666666666667,16.5833333333333,36.4800000000002,,15.2
89412344,Mina Bambas Rotativas - Ferrobamba,2026-08-17,A,FERROBAMBA,Fase 5O,TD092,3555,264,MS,1043,16.6666666666667,17.0833333333333,36.4800000000002,,15.2
89412345,Mina Bambas Rotativas - Ferrobamba,2026-08-17,A,FERROBAMBA,Fase 5O,TD092,3555,264,MS,1022,17.1666666666667,17.8333333333333,22.8000000000001,,15.2
89412346,Mina Bambas Rotativas - Ferrobamba,2026-08-17,A,FERROBAMBA,Fase 5O,TD092,3555,264,MS,1001,17.8833333333333,18.5,25.1351351351351,,15.5
89413347,Mina Bambas Rotativas - Chalcobamba,2026-08-17,A,CHALCOBAMBA,Fase 01,TD091,4480,652,D,1750,8.58333333333333,9.33333333333333,23.0666666666667,,17.3
89413348,Mina Bambas Rotativas - Chalcobamba,2026-08-17,A,CHALCOBAMBA,Fase 01,TD091,4480,652,D,1701,9.38333333333333,10.0833333333333,24.7142857142857,,17.3
89413349,Mina Bambas Rotativas - Chalcobamba,2026-08-17,A,CHALCOBAMBA,Fase 01,TD091,4480,652,D,1749,10.1333333333333,10.8333333333333,24.7142857142857,,17.3
89413350,Mina Bambas Rotativas - Chalcobamba,2026-08-17,A,CHALCOBAMBA,Fase 01,TD091,4480,652,MP,424,10.8833333333333,11.6666666666667,20.4255319148936,,16.0
89413351,Mina Bambas Rotativas - Chalcobamba,2026-08-17,A,CHALCOBAMBA,Fase 01,TD091,4480,652,MP,423,11.7,12.3333333333333,25.2631578947368,,16.0
89413352,Mina Bambas Rotativas - Chalcobamba,2026-08-17,A,CHALCOBAMBA,Fase 01,TD091,4480,652,MP,418,12.5833333333333,13.1666666666667,28.1142857142858,,16.4
89413353,Mina Bambas Rotativas - Chalcobamba,2026-08-17,A,CHALCOBAMBA,Fase 01,TD091,4480,652,MP,422,13.2,13.7833333333333,27.9428571428571,,16.3
89413354,Mina Bambas Rotativas - Chalcobamba,2026-08-17,A,CHALCOBAMBA,Fase 01,TD091,4480,652,MP,417,13.8333333333333,14.3333333333333,32.4,,16.2
89413355,Mina Bambas Rotativas - Chalcobamba,2026-08-17,A,CHALCOBAMBA,Fase 01,TD091,4480,652,MP,421,14.3666666666667,14.8666666666667,32.2,,16.1
89413356,Mina Bambas Rotativas - Chalcobamba,2026-08-17,A,CHALCOBAMBA,Fase 01,TD091,4480,652,MP,416,14.9166666666667,15.5,27.6,,16.1
89413357,Mina Bambas Rotativas - Chalcobamba,2026-08-17,A,CHALCOBAMBA,Fase 01,TD091,4480,652,MP,413,15.5333333333333,16.05,31.5483870967741,,16.3
89413358,Mina Bambas Rotativas - Chalcobamba,2026-08-17,A,CHALCOBAMBA,Fase 01,TD091,4480,652,MP,425,16.0833333333333,16.6666666666667,27.942857142857,,16.3
89413359,Mina Bambas Rotativas - Chalcobamba,2026-08-17,A,CHALCOBAMBA,Fase 01,TD091,4480,652,MP,420,16.7166666666667,17.2833333333333,28.7647058823528,,16.3
89413360,Mina Bambas Rotativas - Chalcobamba,2026-08-17,A,CHALCOBAMBA,Fase 01,TD091,4480,652,D,1649,17.3166666666667,17.8833333333333,30.5294117647059,,17.3
89413361,Mina Bambas Rotativas - Chalcobamba,2026-08-17,A,CHALCOBAMBA,Fase 01,TD091,4480,652,D,1600,17.9166666666667,18.5,29.6571428571429,,17.3
89414362,Mina Bambas,2026-08-17,A,FERROBAMBA,Fase 5E,TD030,3915,060,PC,5042,6.5,7.0,32.6,,16.3
89414363,Mina Bambas,2026-08-17,A,FERROBAMBA,Fase 5E,TD030,3915,060,PC,5043,7.0,7.5,32.6,,16.3
89414364,Mina Bambas,2026-08-17,A,FERROBAMBA,Fase 5E,TD030,3915,060,PC,5044,12.4166666666667,12.9166666666667,32.6,,16.3
89414365,Mina Bambas,2026-08-17,A,FERROBAMBA,Fase 5E,TD030,3915,060,PC,5045,12.9166666666667,13.4166666666667,32.6,,16.3
89414366,Mina Bambas,2026-08-17,A,FERROBAMBA,Fase 5E,TD030,3915,060,PC,5046,13.4166666666667,13.9166666666667,32.6,,16.3
89414367,Mina Bambas,2026-08-17,A,FERROBAMBA,Fase 5E,TD030,3915,060,PC,5047,13.9166666666667,14.3333333333333,39.1199999999999,,16.3
89414368,Mina Bambas,2026-08-17,A,FERROBAMBA,Fase 5E,TD030,3915,060,PC,5048,14.3333333333333,14.75,39.1200000000001,,16.3
89414369,Mina Bambas,2026-08-17,A,FERROBAMBA,Fase 5E,TD030,3915,060,PC,5049,14.75,15.1666666666667,39.1200000000001,,16.3
89414370,Mina Bambas,2026-08-17,A,FERROBAMBA,Fase 5E,TD030,3915,060,PC,5050,15.1666666666667,15.5,49.4999999999999,,16.5
89414371,Mina Bambas,2026-08-17,A,FERROBAMBA,Fase 5E,TD030,3915,060,PC,5051,15.5,15.8333333333333,49.4999999999999,,16.5
89414372,Mina Bambas,2026-08-17,A,FERROBAMBA,Fase 5E,TD030,3915,060,PC,5052,15.8333333333333,16.25,39.6000000000001,,16.5
89414373,Mina Bambas,2026-08-17,A,FERROBAMBA,Fase 5E,TD030,3915,060,PC,5053,16.25,16.6666666666667,39.5999999999999,,16.5
89414374,Mina Bambas,2026-08-17,A,FERROBAMBA,Fase 5E,TD030,3915,060,PC,5054,16.6666666666667,17.0833333333333,39.6000000000002,,16.5
89414375,Mina Bambas,2026-08-17,A,FERROBAMBA,Fase 5E,TD030,3915,060,PC,5055,17.0833333333333,17.4166666666667,49.4999999999997,,16.5
89414376,Mina Bambas,2026-08-17,A,FERROBAMBA,Fase 5E,TD030,3915,060,PC,5099,17.4166666666667,17.8333333333333,39.6000000000002,,16.5
89414377,Mina Bambas,2026-08-17,A,FERROBAMBA,Fase 5E,TD030,3915,060,PC,5101,17.8333333333333,18.1666666666667,49.4999999999997,,16.5
89414378,Mina Bambas,2026-08-17,A,FERROBAMBA,Fase 5E,TD030,3915,060,PC,5102,18.1666666666667,18.5,49.5000000000002,,16.5
89416379,Mina Bambas,2026-08-17,A,CHALCOBAMBA,Fase 01,TD073,4480,651,PC,5123,9.08333333333333,9.91666666666667,19.8,,16.5
89416380,Mina Bambas,2026-08-17,A,CHALCOBAMBA,Fase 01,TD073,4480,651,PC,5122,9.91666666666667,11.0,15.1384615384615,,16.4
89416381,Mina Bambas,2026-08-17,A,CHALCOBAMBA,Fase 01,TD073,4480,651,PC,5121,11.0,11.6666666666667,25.05,,16.7
89416382,Mina Bambas,2026-08-17,A,CHALCOBAMBA,Fase 01,TD073,4480,651,PC,5120,11.6666666666667,12.2,30.9375,,16.5
89416383,Mina Bambas,2026-08-17,A,CHALCOBAMBA,Fase 01,TD073,4480,651,PC,5119,12.2,12.75,30.1818181818181,,16.6
89416384,Mina Bambas,2026-08-17,A,CHALCOBAMBA,Fase 01,TD073,4480,651,PC,5118,12.75,13.3,30.3636363636363,,16.7
89416385,Mina Bambas,2026-08-17,A,CHALCOBAMBA,Fase 01,TD073,4480,651,PC,5117,13.3,13.8333333333333,31.5,,16.8
89416386,Mina Bambas,2026-08-17,A,CHALCOBAMBA,Fase 01,TD073,4480,651,PC,5116,13.8333333333333,14.3833333333333,30.3636363636364,,16.7
89416387,Mina Bambas,2026-08-17,A,CHALCOBAMBA,Fase 01,TD073,4480,651,PC,5115,14.3833333333333,14.9333333333333,30.5454545454545,,16.8
89416388,Mina Bambas,2026-08-17,A,CHALCOBAMBA,Fase 01,TD073,4480,651,PC,5114,14.9333333333333,15.5,29.6470588235294,,16.8
89416389,Mina Bambas,2026-08-17,A,CHALCOBAMBA,Fase 01,TD073,4480,651,PC,5113,15.5,16.0833333333333,28.8000000000001,,16.8
89418390,Mina Bambas,2026-08-17,A,FERROBAMBA,Fase 5O,TD076,3555,266,PC,5137,6.5,7.25,22.6666666666667,,17.0
89418391,Mina Bambas,2026-08-17,A,FERROBAMBA,Fase 5O,TD076,3555,266,PC,5131,7.5,8.08333333333333,29.1428571428571,,17.0
89418392,Mina Bambas,2026-08-17,A,FERROBAMBA,Fase 5O,TD076,3555,266,PC,5132,8.08333333333333,8.66666666666667,29.1428571428572,,17.0
89418393,Mina Bambas,2026-08-17,A,FERROBAMBA,Fase 5O,TD076,3555,266,PC,5133,10.0,10.5833333333333,29.1428571428571,,17.0
89418394,Mina Bambas,2026-08-17,A,FERROBAMBA,Fase 5O,TD076,3555,266,PC,5134,10.5833333333333,11.1666666666667,29.1428571428572,,17.0
89419395,Mina Bambas,2026-08-17,A,CHALCOBAMBA,Fase 01,TD077,4480,651,PC,5111,9.16666666666667,9.83333333333333,25.2,,16.8
89423433,Mina Bambas Rotativas - Chalcobamba,2026-08-17,B,CHALCOBAMBA,Fase 01,TD091,4480,652,D,419,6.5,7.0,32.0,,16.0
89423434,Mina Bambas Rotativas - Chalcobamba,2026-08-17,B,CHALCOBAMBA,Fase 01,TD091,4480,652,D,415,7.08333333333333,7.83333333333333,21.3333333333333,,16.0
89423435,Mina Bambas Rotativas - Chalcobamba,2026-08-17,B,CHALCOBAMBA,Fase 01,TD091,4480,652,D,411,7.91666666666667,8.41666666666667,32.0000000000001,,16.0
89423436,Mina Bambas Rotativas - Chalcobamba,2026-08-17,B,CHALCOBAMBA,Fase 01,TD091,4480,652,D,414,8.48333333333333,8.98333333333333,32.0,,16.0
89423437,Mina Bambas Rotativas - Chalcobamba,2026-08-17,B,CHALCOBAMBA,Fase 01,TD091,4480,652,D,410,9.05,9.58333333333333,30.0,,16.0
89423438,Mina Bambas Rotativas - Chalcobamba,2026-08-17,B,CHALCOBAMBA,Fase 01,TD091,4480,652,D,407,10.0,10.5,32.0,,16.0
89423439,Mina Bambas Rotativas - Chalcobamba,2026-08-17,B,CHALCOBAMBA,Fase 01,TD091,4480,652,D,409,10.5666666666667,11.0833333333333,30.9677419354838,,16.0
89423440,Mina Bambas Rotativas - Chalcobamba,2026-08-17,B,CHALCOBAMBA,Fase 01,TD091,4480,652,D,406,11.15,11.6666666666667,30.9677419354839,,16.0
89423441,Mina Bambas Rotativas - Chalcobamba,2026-08-17,B,CHALCOBAMBA,Fase 01,TD091,4480,652,D,412,11.7333333333333,12.3333333333333,26.6666666666666,,16.0
89423442,Mina Bambas Rotativas - Chalcobamba,2026-08-17,B,CHALCOBAMBA,Fase 01,TD091,4480,652,D,408,12.4166666666667,12.8666666666667,35.5555555555555,,16.0
89423443,Mina Bambas Rotativas - Chalcobamba,2026-08-17,B,CHALCOBAMBA,Fase 01,TD091,4480,652,D,405,12.95,13.4,35.5555555555555,,16.0
89423444,Mina Bambas Rotativas - Chalcobamba,2026-08-17,B,CHALCOBAMBA,Fase 01,TD091,4480,652,MP,1547,13.4666666666667,13.9166666666667,36.6666666666667,,16.5
89423445,Mina Bambas Rotativas - Chalcobamba,2026-08-17,B,CHALCOBAMBA,Fase 01,TD091,4480,652,MP,1548,14.0,14.45,36.6666666666667,,16.5
89423446,Mina Bambas Rotativas - Chalcobamba,2026-08-17,B,CHALCOBAMBA,Fase 01,TD091,4480,652,MP,1549,14.5333333333333,14.9833333333333,36.6666666666667,,16.5
89423447,Mina Bambas Rotativas - Chalcobamba,2026-08-17,B,CHALCOBAMBA,Fase 01,TD091,4480,652,D,403,15.0666666666667,15.5166666666667,35.5555555555555,,16.0
89423448,Mina Bambas Rotativas - Chalcobamba,2026-08-17,B,CHALCOBAMBA,Fase 01,TD091,4480,652,D,404,15.6,16.05,35.5555555555555,,16.0
89423449,Mina Bambas Rotativas - Chalcobamba,2026-08-17,B,CHALCOBAMBA,Fase 01,TD091,4480,652,D,401,16.1166666666667,16.5666666666667,35.5555555555556,,16.0
89423450,Mina Bambas Rotativas - Chalcobamba,2026-08-17,B,CHALCOBAMBA,Fase 01,TD091,4480,652,D,402,16.65,17.1,35.5555555555553,,16.0
89423451,Mina Bambas Rotativas - Chalcobamba,2026-08-17,B,CHALCOBAMBA,Fase 01,TD091,4480,652,MP,1551,17.1833333333333,17.6333333333333,37.7777777777778,,17.0
89423452,Mina Bambas Rotativas - Chalcobamba,2026-08-17,B,CHALCOBAMBA,Fase 01,TD091,4480,652,MP,1552,17.6666666666667,18.1,39.2307692307692,,17.0
89423453,Mina Bambas Rotativas - Chalcobamba,2026-08-17,B,CHALCOBAMBA,Fase 01,TD091,4480,652,MP,1601,18.1166666666667,18.5,44.608695652174,,17.1
89424454,Mina Bambas Rotativas - Ferrobamba,2026-08-17,B,FERROBAMBA,Fase 5O,TD092,3555,264,MS,1003,6.5,7.33333333333333,19.8,,16.5
89424455,Mina Bambas Rotativas - Ferrobamba,2026-08-17,B,FERROBAMBA,Fase 5O,TD092,3555,264,BF,243,7.58333333333333,8.01666666666667,38.076923076923,,16.5
89424456,Mina Bambas Rotativas - Ferrobamba,2026-08-17,B,FERROBAMBA,Fase 5O,TD092,3555,264,BF,242,8.08333333333333,8.7,27.5675675675676,,17.0
89424457,Mina Bambas Rotativas - Ferrobamba,2026-08-17,B,FERROBAMBA,Fase 5O,TD092,3555,264,BF,241,8.71666666666667,9.16666666666667,37.7777777777778,,17.0
89424458,Mina Bambas Rotativas - Ferrobamba,2026-08-17,B,FERROBAMBA,Fase 5O,TD092,3555,264,BF,240,9.2,9.81666666666667,27.5675675675675,,17.0
89424459,Mina Bambas Rotativas - Ferrobamba,2026-08-17,B,FERROBAMBA,Fase 5O,TD092,3555,264,BF,239,9.88333333333333,10.5166666666667,26.8421052631578,,17.0
89424460,Mina Bambas Rotativas - Ferrobamba,2026-08-17,B,FERROBAMBA,Fase 5O,TD092,3555,264,BF,234,10.5666666666667,11.1,31.875,,17.0
89424461,Mina Bambas Rotativas - Ferrobamba,2026-08-17,B,FERROBAMBA,Fase 5O,TD092,3555,264,BF,233,11.1166666666667,11.5,44.3478260869566,,17.0
89424462,Mina Bambas Rotativas - Ferrobamba,2026-08-17,B,FERROBAMBA,Fase 5O,TD092,3555,264,BF,232,11.75,12.3333333333333,29.1428571428571,,17.0
89424463,Mina Bambas Rotativas - Ferrobamba,2026-08-17,B,FERROBAMBA,Fase 5O,TD092,3555,264,BF,213,12.4,13.0166666666667,27.5675675675675,,17.0
89424464,Mina Bambas Rotativas - Ferrobamba,2026-08-17,B,FERROBAMBA,Fase 5O,TD092,3555,264,BF,401,13.0833333333333,13.6833333333333,27.5,,16.5
89424465,Mina Bambas Rotativas - Ferrobamba,2026-08-17,B,FERROBAMBA,Fase 5O,TD092,3555,264,MS,1013,13.75,14.2833333333333,30.9375,,16.5
89424466,Mina Bambas Rotativas - Ferrobamba,2026-08-17,B,FERROBAMBA,Fase 5O,TD092,3555,264,MS,1012,14.3333333333333,14.8833333333333,29.0909090909091,,16.0
89424467,Mina Bambas Rotativas - Ferrobamba,2026-08-17,B,FERROBAMBA,Fase 5O,TD092,3555,264,MS,1032,14.9166666666667,15.3166666666667,40.0,,16.0
89424468,Mina Bambas Rotativas - Ferrobamba,2026-08-17,B,FERROBAMBA,Fase 5O,TD092,3555,264,MS,1014,15.3666666666667,15.9166666666667,29.0909090909091,,16.0
89424469,Mina Bambas Rotativas - Ferrobamba,2026-08-17,B,FERROBAMBA,Fase 5O,TD092,3555,264,MS,1033,15.9666666666667,16.5,30.0,,16.0
89428568,Mina Bambas,2026-08-17,B,FERROBAMBA,Fase 5E,TD030,3915,060,PC,5102,6.5,7.0,33.0,,16.5
89428569,Mina Bambas,2026-08-17,B,FERROBAMBA,Fase 5E,TD030,3915,060,PC,5103,7.0,7.5,33.0,,16.5
89428570,Mina Bambas,2026-08-17,B,FERROBAMBA,Fase 5E,TD030,3915,060,PC,5104,8.16666666666667,8.58333333333333,39.5999999999999,,16.5
89428571,Mina Bambas,2026-08-17,B,FERROBAMBA,Fase 5E,TD030,3915,060,PC,5105,8.58333333333333,8.91666666666667,49.5000000000002,,16.5
89428572,Mina Bambas,2026-08-17,B,FERROBAMBA,Fase 5E,TD030,3915,060,PC,5106,8.91666666666667,9.25,49.4999999999999,,16.5
89428573,Mina Bambas,2026-08-17,B,FERROBAMBA,Fase 5E,TD030,3915,060,PC,5107,9.25,9.58333333333333,49.4999999999999,,16.5
89428574,Mina Bambas,2026-08-17,B,FERROBAMBA,Fase 5E,TD030,3915,060,PC,5109,9.58333333333333,10.0,39.6000000000001,,16.5
89428575,Mina Bambas,2026-08-17,B,FERROBAMBA,Fase 5E,TD030,3915,060,RPC,5111,10.0,10.4166666666667,39.6000000000001,,16.5
89428576,Mina Bambas,2026-08-17,B,FERROBAMBA,Fase 5E,TD030,3915,060,PC,5138,10.4166666666667,10.9166666666667,33.0,,16.5
89428577,Mina Bambas,2026-08-17,B,FERROBAMBA,Fase 5E,TD030,3915,060,PC,5139,10.9166666666667,11.4166666666667,33.0,,16.5
89428578,Mina Bambas,2026-08-17,B,FERROBAMBA,Fase 5E,TD030,3915,060,PC,5140,11.4166666666667,11.9166666666667,33.0,,16.5
89428579,Mina Bambas,2026-08-17,B,FERROBAMBA,Fase 5E,TD030,3915,060,PC,5141,11.9166666666667,12.3333333333333,39.5999999999999,,16.5
89428580,Mina Bambas,2026-08-17,B,FERROBAMBA,Fase 5E,TD030,3915,060,PC,5142,12.3333333333333,12.8333333333333,33.0,,16.5
89428581,Mina Bambas,2026-08-17,B,FERROBAMBA,Fase 5E,TD030,3915,060,PC,5143,12.8333333333333,13.3333333333333,33.0,,16.5
89428582,Mina Bambas,2026-08-17,B,FERROBAMBA,Fase 5E,TD030,3915,060,PC,5144,14.75,15.25,33.0,,16.5
89428583,Mina Bambas,2026-08-17,B,FERROBAMBA,Fase 5E,TD030,3915,060,PC,5145,15.25,15.75,33.0,,16.5
89428584,Mina Bambas,2026-08-17,B,FERROBAMBA,Fase 5E,TD030,3915,060,PC,5146,15.75,16.3333333333333,28.2857142857143,,16.5
89428585,Mina Bambas,2026-08-17,B,FERROBAMBA,Fase 5E,TD030,3915,060,PC,5147,16.3333333333333,16.8333333333333,33.0,,16.5
89428586,Mina Bambas,2026-08-17,B,FERROBAMBA,Fase 5E,TD030,3915,060,PC,5148,16.8333333333333,17.3333333333333,33.0,,16.5
89428587,Mina Bambas,2026-08-17,B,FERROBAMBA,Fase 5E,TD030,3915,060,PC,5149,17.3333333333333,17.8333333333333,33.0,,16.5
89428588,Mina Bambas,2026-08-17,B,FERROBAMBA,Fase 5E,TD030,3915,060,PC,5150,17.8333333333333,18.3333333333333,33.0,,16.5
89430589,Mina Bambas,2026-08-17,B,CHALCOBAMBA,Fase 01,TD073,4495,661,P,8256,14.5,15.0,32.0,,16.0
89430590,Mina Bambas,2026-08-17,B,CHALCOBAMBA,Fase 01,TD073,4495,661,P,8271,15.0,15.5833333333333,22.2857142857143,,13.0
89430591,Mina Bambas,2026-08-17,B,CHALCOBAMBA,Fase 01,TD073,4495,661,P,8249,15.5833333333333,16.1666666666667,27.4285714285714,,16.0
89430592,Mina Bambas,2026-08-17,B,CHALCOBAMBA,Fase 01,TD073,4495,661,P,8246,16.1666666666667,16.6666666666667,32.0,,16.0
89430593,Mina Bambas,2026-08-17,B,CHALCOBAMBA,Fase 01,TD073,4495,661,P,8258,16.6666666666667,17.1666666666667,24.0,,12.0
89430594,Mina Bambas,2026-08-17,B,CHALCOBAMBA,Fase 01,TD073,4495,661,P,8248,17.1666666666667,17.6666666666667,26.0,,13.0
89430595,Mina Bambas,2026-08-17,B,CHALCOBAMBA,Fase 01,TD073,4495,661,P,8222,17.6666666666667,18.0833333333333,38.4000000000002,,16.0
89430596,Mina Bambas,2026-08-17,B,CHALCOBAMBA,Fase 01,TD073,4495,661,P,8223,18.0833333333333,18.5,28.7999999999999,,12.0
89431597,Mina Bambas,2026-08-17,B,CHALCOBAMBA,Fase 01,TD074,4495,661,PS,9001,14.1666666666667,14.8333333333333,25.5,,17.0
89431598,Mina Bambas,2026-08-17,B,CHALCOBAMBA,Fase 01,TD074,4495,661,PS,9002,14.8333333333333,15.4166666666667,29.1428571428572,,17.0
89431599,Mina Bambas,2026-08-17,B,CHALCOBAMBA,Fase 01,TD074,4495,661,PS,9003,15.4166666666667,16.0,29.1428571428571,,17.0
89431600,Mina Bambas,2026-08-17,B,CHALCOBAMBA,Fase 01,TD074,4495,661,PS,9004,16.0,16.5,34.0,,17.0
89431601,Mina Bambas,2026-08-17,B,CHALCOBAMBA,Fase 01,TD074,4495,661,PS,9005,16.5,17.1666666666667,25.5,,17.0
89431602,Mina Bambas,2026-08-17,B,CHALCOBAMBA,Fase 01,TD074,4495,661,PS,9006,17.1666666666667,17.8333333333333,25.5000000000001,,17.0
89431603,Mina Bambas,2026-08-17,B,CHALCOBAMBA,Fase 01,TD074,4495,661,PS,9007,17.8333333333333,18.5,25.5,,17.0
89433604,Mina Bambas,2026-08-17,B,CHALCOBAMBA,Fase 01,TD077,4480,651,PC,5112,7.91666666666667,8.5,28.8,,16.8
89433605,Mina Bambas,2026-08-17,B,CHALCOBAMBA,Fase 01,TD077,4480,651,PC,5110,8.5,9.08333333333333,28.8,,16.8
89433606,Mina Bambas,2026-08-17,B,CHALCOBAMBA,Fase 01,TD077,4480,651,PC,5109,9.08333333333333,9.66666666666667,28.8000000000001,,16.8
89433607,Mina Bambas,2026-08-17,B,CHALCOBAMBA,Fase 01,TD077,4480,651,PC,5108,9.66666666666667,10.25,28.8,,16.8
89433608,Mina Bambas,2026-08-17,B,CHALCOBAMBA,Fase 01,TD077,4480,651,PC,5107,10.25,10.8333333333333,28.8,,16.8
89433609,Mina Bambas,2026-08-17,B,CHALCOBAMBA,Fase 01,TD077,4480,651,PC,5106,10.8333333333333,11.5,25.2,,16.8
89433610,Mina Bambas,2026-08-17,B,CHALCOBAMBA,Fase 01,TD077,4480,651,PC,5105,11.5,12.3333333333333,20.16,,16.8
89433611,Mina Bambas,2026-08-17,B,CHALCOBAMBA,Fase 01,TD077,4480,651,PC,5104,12.3333333333333,12.9166666666667,28.8000000000001,,16.8
89433612,Mina Bambas,2026-08-17,B,CHALCOBAMBA,Fase 01,TD077,4480,651,PC,5103,12.9166666666667,13.5,28.8,,16.8
89433613,Mina Bambas,2026-08-17,B,CHALCOBAMBA,Fase 01,TD077,4480,651,PC,5102,13.5,14.0833333333333,28.8,,16.8
89433614,Mina Bambas,2026-08-17,B,CHALCOBAMBA,Fase 01,TD077,4480,651,PC,5092,14.0833333333333,14.6666666666667,28.8000000000001,,16.8
89433615,Mina Bambas,2026-08-17,B,CHALCOBAMBA,Fase 01,TD077,4480,651,PC,5141,14.6666666666667,15.1666666666667,33.6,,16.8
89433616,Mina Bambas,2026-08-17,B,CHALCOBAMBA,Fase 01,TD077,4480,651,PC,5140,16.4166666666667,17.0,28.8000000000001,,16.8
89433617,Mina Bambas,2026-08-17,B,CHALCOBAMBA,Fase 01,TD077,4480,651,PC,5139,17.0,17.6666666666667,25.2,,16.8
89433618,Mina Bambas,2026-08-17,B,CHALCOBAMBA,Fase 01,TD077,4480,651,PC,5063,17.6666666666667,18.5,20.16,,16.8
89434619,Mina Bambas,2026-08-17,B,FERROBAMBA,Fase 5E,TD079,3915,060,PC,5089,6.5,6.91666666666667,39.6,,16.5
89434620,Mina Bambas,2026-08-17,B,FERROBAMBA,Fase 5E,TD079,3915,060,PC,5090,6.91666666666667,7.33333333333333,39.6000000000001,,16.5
89434621,Mina Bambas,2026-08-17,B,FERROBAMBA,Fase 5E,TD079,3915,060,PC,5091,7.58333333333333,8.0,39.6,,16.5
89434622,Mina Bambas,2026-08-17,B,FERROBAMBA,Fase 5E,TD079,3915,060,PC,5092,8.0,8.5,33.0,,16.5
89434623,Mina Bambas,2026-08-17,B,FERROBAMBA,Fase 5E,TD079,3915,060,PC,5093,8.5,9.0,33.0,,16.5
89434624,Mina Bambas,2026-08-17,B,FERROBAMBA,Fase 5E,TD079,3915,060,PC,5094,9.0,9.5,33.0,,16.5
89434625,Mina Bambas,2026-08-17,B,FERROBAMBA,Fase 5E,TD079,3915,060,PC,5095,9.5,10.0,33.0,,16.5
89434626,Mina Bambas,2026-08-17,B,FERROBAMBA,Fase 5E,TD079,3915,060,PC,5096,10.4166666666667,10.8333333333333,39.5999999999999,,16.5
89434627,Mina Bambas,2026-08-17,B,FERROBAMBA,Fase 5E,TD079,3915,060,PC,5097,10.8333333333333,11.3333333333333,33.0,,16.5
89434628,Mina Bambas,2026-08-17,B,FERROBAMBA,Fase 5E,TD079,3915,060,PC,5098,11.3333333333333,11.8333333333333,33.0,,16.5
89434629,Mina Bambas,2026-08-17,B,FERROBAMBA,Fase 5E,TD079,3915,060,PC,5112,11.8333333333333,12.3333333333333,33.0,,16.5
89434630,Mina Bambas,2026-08-17,B,FERROBAMBA,Fase 5E,TD079,3915,060,PC,5115,12.3333333333333,12.8333333333333,33.0,,16.5
89434631,Mina Bambas,2026-08-17,B,FERROBAMBA,Fase 5E,TD079,3915,060,PC,5117,12.8333333333333,13.3333333333333,33.0,,16.5
89434632,Mina Bambas,2026-08-17,B,FERROBAMBA,Fase 5E,TD079,3915,060,PC,5118,13.3333333333333,13.8333333333333,33.0,,16.5
89434633,Mina Bambas,2026-08-17,B,FERROBAMBA,Fase 5E,TD079,3915,060,PC,5120,15.0,15.3333333333333,49.4999999999999,,16.5
89434634,Mina Bambas,2026-08-17,B,FERROBAMBA,Fase 5E,TD079,3915,060,PC,5122,15.3333333333333,15.6666666666667,49.5000000000002,,16.5
89434635,Mina Bambas,2026-08-17,B,FERROBAMBA,Fase 5E,TD079,3915,060,PC,5124,15.6666666666667,16.0,49.4999999999999,,16.5
89434636,Mina Bambas,2026-08-17,B,FERROBAMBA,Fase 5E,TD079,3915,060,PC,5126,16.0,16.3333333333333,49.5000000000002,,16.5
89434637,Mina Bambas,2026-08-17,B,FERROBAMBA,Fase 5E,TD079,3915,060,RPC,5111,16.3333333333333,16.8333333333333,33.0,,16.5
89434638,Mina Bambas,2026-08-17,B,FERROBAMBA,Fase 5E,TD079,3915,060,PC,5128,16.8333333333333,17.4166666666667,28.2857142857142,,16.5
89434639,Mina Bambas,2026-08-17,B,FERROBAMBA,Fase 5E,TD079,3915,060,PC,5129,17.4166666666667,17.95,30.9375000000001,,16.5
89434640,Mina Bambas,2026-08-17,B,FERROBAMBA,Fase 5E,TD079,3915,060,PC,5130,17.95,18.5,30.0,,16.5
89435641,Mina Bambas,2026-08-17,B,FERROBAMBA,Fase 5E,TD012,3930,061,P,2292,6.5,7.0,29.2,,14.6
89435642,Mina Bambas,2026-08-17,B,FERROBAMBA,Fase 5E,TD012,3930,061,P,2227,7.0,7.66666666666667,21.9,,14.6
89435643,Mina Bambas,2026-08-17,B,FERROBAMBA,Fase 5E,TD012,3930,061,P,2286,7.66666666666667,8.41666666666667,19.7333333333334,,14.8
89435644,Mina Bambas,2026-08-17,B,FERROBAMBA,Fase 5E,TD012,3930,061,P,2304,8.41666666666667,8.91666666666667,29.6,,14.8
89435645,Mina Bambas,2026-08-17,B,FERROBAMBA,Fase 5E,TD012,3930,061,P,2333,8.91666666666667,9.33333333333333,35.5199999999999,,14.8
89435646,Mina Bambas,2026-08-17,B,FERROBAMBA,Fase 5E,TD012,3930,061,P,2305,9.33333333333333,9.91666666666667,25.3714285714286,,14.8
89435647,Mina Bambas,2026-08-17,B,FERROBAMBA,Fase 5E,TD012,3930,061,P,2334,9.91666666666667,10.4166666666667,30.0,,15.0
89435648,Mina Bambas,2026-08-17,B,FERROBAMBA,Fase 5E,TD012,3930,061,P,2306,10.4166666666667,10.8333333333333,35.7599999999999,,14.9
89435649,Mina Bambas,2026-08-17,B,FERROBAMBA,Fase 5E,TD012,3930,061,P,2359,10.8333333333333,11.3333333333333,29.6,,14.8
89435650,Mina Bambas,2026-08-17,B,FERROBAMBA,Fase 5E,TD012,3930,061,P,2335,11.3333333333333,11.8333333333333,29.6,,14.8
89435651,Mina Bambas,2026-08-17,B,FERROBAMBA,Fase 5E,TD012,3930,061,P,2307,11.8333333333333,12.3333333333333,29.6,,14.8
89435652,Mina Bambas,2026-08-17,B,FERROBAMBA,Fase 5E,TD012,3930,061,P,2290,12.3333333333333,12.8333333333333,29.2,,14.6
89435653,Mina Bambas,2026-08-17,B,FERROBAMBA,Fase 5E,TD012,3930,061,P,2271,12.8333333333333,13.3333333333333,29.2,,14.6
89435654,Mina Bambas,2026-08-17,B,FERROBAMBA,Fase 5E,TD012,3930,061,P,2253,13.3333333333333,13.8333333333333,29.2,,14.6
89435655,Mina Bambas,2026-08-17,B,FERROBAMBA,Fase 5E,TD012,3930,061,P,2238,13.8333333333333,14.5833333333333,19.3333333333333,,14.5
89435656,Mina Bambas,2026-08-17,B,FERROBAMBA,Fase 5E,TD012,3930,061,P,2300,14.5833333333333,15.1666666666667,25.0285714285715,,14.6
89435657,Mina Bambas,2026-08-17,B,FERROBAMBA,Fase 5E,TD012,3930,061,P,2279,15.1666666666667,15.8333333333333,21.75,,14.5
89435658,Mina Bambas,2026-08-17,B,FERROBAMBA,Fase 5E,TD012,3930,061,P,2280,15.8333333333333,16.4166666666667,24.8571428571428,,14.5
89435659,Mina Bambas,2026-08-17,B,FERROBAMBA,Fase 5E,TD012,3930,061,P,2278,16.4166666666667,17.0,25.0285714285715,,14.6
89435660,Mina Bambas,2026-08-17,B,FERROBAMBA,Fase 5E,TD012,3930,061,P,2277,17.0,17.75,19.4666666666667,,14.6
89435661,Mina Bambas,2026-08-17,B,FERROBAMBA,Fase 5E,TD012,3930,061,P,2257,17.75,18.5,18.0,,13.5
89436662,Mina Bambas,2026-08-17,B,FERROBAMBA,Fase 5E,TD080,3915,053,PC,5774,6.5,6.91666666666667,39.6,,16.5
89436663,Mina Bambas,2026-08-17,B,FERROBAMBA,Fase 5E,TD080,3915,053,PC,5775,6.91666666666667,7.33333333333333,39.6000000000001,,16.5
89436664,Mina Bambas,2026-08-17,B,FERROBAMBA,Fase 5E,TD080,3915,060,PC,5016,10.5,11.1666666666667,24.75,,16.5
89436665,Mina Bambas,2026-08-17,B,FERROBAMBA,Fase 5E,TD080,3915,060,PC,5017,11.1666666666667,11.9166666666667,22.0,,16.5
89436666,Mina Bambas,2026-08-17,B,FERROBAMBA,Fase 5E,TD080,3915,060,PC,5018,11.9166666666667,12.8333333333333,18.0,,16.5
89436667,Mina Bambas,2026-08-17,B,FERROBAMBA,Fase 5E,TD080,3915,060,PC,5019,12.8333333333333,13.5833333333333,22.0,,16.5
89436668,Mina Bambas,2026-08-17,B,FERROBAMBA,Fase 5E,TD080,3915,060,PC,5020,13.5833333333333,14.3333333333333,22.0,,16.5
89436669,Mina Bambas,2026-08-17,B,FERROBAMBA,Fase 5E,TD080,3915,060,PC,5021,14.3333333333333,14.9166666666667,28.2857142857143,,16.5
89436670,Mina Bambas,2026-08-17,B,FERROBAMBA,Fase 5E,TD080,3915,060,PC,5022,14.9166666666667,15.5,28.2857142857143,,16.5
89436671,Mina Bambas,2026-08-17,B,FERROBAMBA,Fase 5E,TD080,3915,060,PC,5023,15.5,16.0,33.0,,16.5
89436672,Mina Bambas,2026-08-17,B,FERROBAMBA,Fase 5E,TD080,3915,060,PC,5024,16.0,16.6666666666667,24.75,,16.5
89436673,Mina Bambas,2026-08-17,B,FERROBAMBA,Fase 5E,TD080,3915,060,PC,5025,16.6666666666667,17.1666666666667,33.0,,16.5
89436674,Mina Bambas,2026-08-17,B,FERROBAMBA,Fase 5E,TD080,3915,060,PC,5026,17.1666666666667,17.6666666666667,33.0,,16.5
89436675,Mina Bambas,2026-08-17,B,FERROBAMBA,Fase 5E,TD080,3915,060,PC,5027,17.6666666666667,18.0833333333333,39.6000000000002,,16.5
89436676,Mina Bambas,2026-08-17,B,FERROBAMBA,Fase 5E,TD080,3915,060,PC,5028,18.0833333333333,18.5,39.5999999999999,,16.5
89438677,Mina Bambas,2026-08-18,A,FERROBAMBA,Fase 5E,TD080,3915,060,PC,5029,6.5,6.91666666666667,39.36,,16.4
89438678,Mina Bambas,2026-08-18,A,FERROBAMBA,Fase 5E,TD080,3915,060,PC,5030,6.91666666666667,7.33333333333333,39.36,,16.4
89438679,Mina Bambas,2026-08-18,A,FERROBAMBA,Fase 5E,TD080,3915,060,PC,5031,7.5,7.83333333333333,49.2,,16.4
89438680,Mina Bambas,2026-08-18,A,FERROBAMBA,Fase 5E,TD080,3915,060,PC,5032,7.83333333333333,8.16666666666667,49.2,,16.4
89438681,Mina Bambas,2026-08-18,A,FERROBAMBA,Fase 5E,TD080,3915,060,PC,5033,8.16666666666667,8.5,49.1999999999999,,16.4
89438682,Mina Bambas,2026-08-18,A,FERROBAMBA,Fase 5E,TD080,3915,060,PC,5034,8.5,8.83333333333333,49.1999999999999,,16.4
89438683,Mina Bambas,2026-08-18,A,FERROBAMBA,Fase 5E,TD080,3915,060,PC,5001,8.83333333333333,9.33333333333333,32.0,,16.0
89438684,Mina Bambas,2026-08-18,A,FERROBAMBA,Fase 5E,TD080,3915,060,PC,5002,9.33333333333333,9.83333333333333,32.0,,16.0
89438685,Mina Bambas,2026-08-18,A,FERROBAMBA,Fase 5E,TD080,3915,060,PC,5003,9.83333333333333,10.3333333333333,32.0,,16.0
89438686,Mina Bambas,2026-08-18,A,FERROBAMBA,Fase 5E,TD080,3915,060,PC,5004,10.3333333333333,11.0,24.0,,16.0
89438687,Mina Bambas,2026-08-18,A,FERROBAMBA,Fase 5E,TD080,3915,060,PC,5005,11.8333333333333,12.4166666666667,27.4285714285715,,16.0
89438688,Mina Bambas,2026-08-18,A,FERROBAMBA,Fase 5E,TD080,3915,060,PC,5006,12.4166666666667,12.9166666666667,32.0,,16.0
89438689,Mina Bambas,2026-08-18,A,FERROBAMBA,Fase 5E,TD080,3915,060,PC,5007,12.9166666666667,13.5833333333333,24.0,,16.0
89438690,Mina Bambas,2026-08-18,A,FERROBAMBA,Fase 5E,TD080,3915,060,PC,5008,13.5833333333333,14.0,38.4000000000001,,16.0
89438691,Mina Bambas,2026-08-18,A,FERROBAMBA,Fase 5E,TD080,3915,060,PC,5009,14.0,14.5,32.0,,16.0
89438692,Mina Bambas,2026-08-18,A,FERROBAMBA,Fase 5E,TD080,3915,060,PC,5010,14.5,15.0,32.0,,16.0
89438693,Mina Bambas,2026-08-18,A,FERROBAMBA,Fase 5E,TD080,3915,060,PC,5011,15.0,15.5,32.0,,16.0
89438694,Mina Bambas,2026-08-18,A,FERROBAMBA,Fase 5E,TD080,3915,060,PC,5012,15.5,16.0,32.0,,16.0
89438695,Mina Bambas,2026-08-18,A,FERROBAMBA,Fase 5E,TD080,3915,060,PC,5013,16.0,16.5,32.0,,16.0
89440696,Mina Bambas,2026-08-18,A,FERROBAMBA,Fase 5E,TD012,3930,061,P,2253,6.5,7.25,19.3333333333333,,14.5
89440697,Mina Bambas,2026-08-18,A,FERROBAMBA,Fase 5E,TD012,3930,061,P,2336,7.5,8.25,19.2,,14.4
89440698,Mina Bambas,2026-08-18,A,FERROBAMBA,Fase 5E,TD012,3930,061,P,2291,8.25,8.83333333333333,25.0285714285714,,14.6
89440699,Mina Bambas,2026-08-18,A,FERROBAMBA,Fase 5E,TD012,3930,061,P,2272,14.0833333333333,14.5,35.04,,14.6
89440700,Mina Bambas,2026-08-18,A,FERROBAMBA,Fase 5E,TD012,3930,061,P,2254,14.5,14.9166666666667,35.04,,14.6
89440701,Mina Bambas,2026-08-18,A,FERROBAMBA,Fase 5E,TD012,3930,061,P,2255,14.9166666666667,15.3333333333333,35.0399999999999,,14.6
89440702,Mina Bambas,2026-08-18,A,FERROBAMBA,Fase 5E,TD012,3930,061,P,2292,15.3333333333333,15.6666666666667,43.8000000000002,,14.6
89440703,Mina Bambas,2026-08-18,A,FERROBAMBA,Fase 5E,TD012,3930,061,P,2273,15.6666666666667,16.0,43.7999999999999,,14.6
89440704,Mina Bambas,2026-08-18,A,FERROBAMBA,Fase 5E,TD012,3930,061,RP,2253,16.0,16.3333333333333,43.8000000000002,,14.6
89441705,Mina Bambas,2026-08-18,A,FERROBAMBA,Fase 5E,TD079,3915,060,PC,5131,6.5,6.91666666666667,39.6,,16.5
89441706,Mina Bambas,2026-08-18,A,FERROBAMBA,Fase 5E,TD079,3915,060,PC,5132,6.91666666666667,7.33333333333333,39.6000000000001,,16.5
89441707,Mina Bambas,2026-08-18,A,FERROBAMBA,Fase 5E,TD079,3915,060,PC,5133,7.5,7.96666666666667,35.3571428571428,,16.5
89441708,Mina Bambas,2026-08-18,A,FERROBAMBA,Fase 5E,TD079,3915,060,PC,5134,7.96666666666667,8.43333333333333,35.3571428571428,,16.5
89441709,Mina Bambas,2026-08-18,A,FERROBAMBA,Fase 5E,TD079,3915,060,PC,5135,8.43333333333333,8.9,35.3571428571428,,16.5
89441710,Mina Bambas,2026-08-18,A,FERROBAMBA,Fase 5E,TD079,3915,060,PC,5136,8.9,9.36666666666667,35.3571428571428,,16.5
89441711,Mina Bambas,2026-08-18,A,FERROBAMBA,Fase 5E,TD079,3915,060,PC,5137,9.36666666666667,9.83333333333333,35.3571428571428,,16.5
89441712,Mina Bambas,2026-08-18,A,FERROBAMBA,Fase 5E,TD079,3915,058,PS,9001,10.75,11.1666666666667,40.8000000000001,,17.0
89441713,Mina Bambas,2026-08-18,A,FERROBAMBA,Fase 5E,TD079,3900,035,P,6001,11.1666666666667,11.6666666666667,32.0,,16.0
89441714,Mina Bambas,2026-08-18,A,FERROBAMBA,Fase 5E,TD079,3900,035,P,6002,11.6666666666667,12.1666666666667,32.0,,16.0
89442715,Mina Bambas Rotativas - Ferrobamba,2026-08-18,A,FERROBAMBA,Fase 5S,TD092,3690,513,B1,261,13.25,13.75,32.0,,16.0
89442716,Mina Bambas Rotativas - Ferrobamba,2026-08-18,A,FERROBAMBA,Fase 5S,TD092,3690,513,B1,262,13.8333333333333,14.5833333333333,21.3333333333333,,16.0
89442717,Mina Bambas Rotativas - Ferrobamba,2026-08-18,A,FERROBAMBA,Fase 5S,TD092,3690,513,B1,263,14.6666666666667,15.3333333333333,24.15,,16.1
89442718,Mina Bambas Rotativas - Ferrobamba,2026-08-18,A,FERROBAMBA,Fase 5S,TD092,3690,513,B1,264,15.4166666666667,16.25,19.2,,16.0
89442719,Mina Bambas Rotativas - Ferrobamba,2026-08-18,A,FERROBAMBA,Fase 5S,TD092,3690,513,B1,265,16.3333333333333,17.0833333333333,21.6,,16.2
89443720,Mina Bambas Rotativas - Chalcobamba,2026-08-18,A,CHALCOBAMBA,Fase 01,TD091,4480,652,D,1602,6.5,7.0,34.0,,17.0
89443721,Mina Bambas Rotativas - Chalcobamba,2026-08-18,A,CHALCOBAMBA,Fase 01,TD091,4480,652,D,1553,7.58333333333333,8.25,25.5,,17.0
89443722,Mina Bambas Rotativas - Chalcobamba,2026-08-18,A,CHALCOBAMBA,Fase 01,TD091,4480,652,B2,253,8.3,8.83333333333333,25.3125,,13.5
89443723,Mina Bambas Rotativas - Chalcobamba,2026-08-18,A,CHALCOBAMBA,Fase 01,TD091,4480,652,B2,254,8.88333333333333,9.41666666666667,25.3125,,13.5
89443724,Mina Bambas Rotativas - Chalcobamba,2026-08-18,A,CHALCOBAMBA,Fase 01,TD091,4480,652,B2,255,9.46666666666667,9.96666666666667,27.0,,13.5
89443725,Mina Bambas Rotativas - Chalcobamba,2026-08-18,A,CHALCOBAMBA,Fase 01,TD091,4480,652,B2,256,10.0,10.4666666666667,28.9285714285714,,13.5
89443726,Mina Bambas Rotativas - Chalcobamba,2026-08-18,A,CHALCOBAMBA,Fase 01,TD091,4480,652,B2,257,10.5,10.9666666666667,28.9285714285714,,13.5
89443727,Mina Bambas Rotativas - Chalcobamba,2026-08-18,A,CHALCOBAMBA,Fase 01,TD091,4480,652,B1,224,11.0,11.4666666666667,35.3571428571428,,16.5
89443728,Mina Bambas Rotativas - Chalcobamba,2026-08-18,A,CHALCOBAMBA,Fase 01,TD091,4480,652,B1,225,11.5,12.0,33.0,,16.5
89443729,Mina Bambas Rotativas - Chalcobamba,2026-08-18,A,CHALCOBAMBA,Fase 01,TD091,4480,652,B1,226,12.25,12.6166666666667,44.9999999999999,,16.5
89443730,Mina Bambas Rotativas - Chalcobamba,2026-08-18,A,CHALCOBAMBA,Fase 01,TD091,4480,652,B1,227,12.65,13.0,47.7142857142858,,16.7
89443731,Mina Bambas Rotativas - Chalcobamba,2026-08-18,A,CHALCOBAMBA,Fase 01,TD091,4465,575,B2,261,15.5,15.9666666666667,33.2142857142857,,15.5
89443732,Mina Bambas Rotativas - Chalcobamba,2026-08-18,A,CHALCOBAMBA,Fase 01,TD091,4465,575,MP,481,16.0,16.5,33.0,,16.5
89444752,Mina Bambas,2026-08-18,A,FERROBAMBA,Fase 5E,TD030,3915,060,PC,5151,6.5,7.0,33.2,,16.6
89444753,Mina Bambas,2026-08-18,A,FERROBAMBA,Fase 5E,TD030,3915,060,PC,5152,7.0,7.5,33.2,,16.6
89444754,Mina Bambas,2026-08-18,A,FERROBAMBA,Fase 5E,TD030,3915,060,PC,5153,7.66666666666667,8.16666666666667,33.2000000000001,,16.6
89444755,Mina Bambas,2026-08-18,A,FERROBAMBA,Fase 5E,TD030,3915,060,PC,5154,8.16666666666667,8.66666666666667,33.2,,16.6
89444756,Mina Bambas,2026-08-18,A,FERROBAMBA,Fase 5E,TD030,3915,060,PC,5155,8.66666666666667,9.16666666666667,33.2,,16.6
89444757,Mina Bambas,2026-08-18,A,FERROBAMBA,Fase 5E,TD030,3915,060,PC,5156,9.16666666666667,9.66666666666667,33.2,,16.6
89444758,Mina Bambas,2026-08-18,A,FERROBAMBA,Fase 5E,TD030,3915,060,PC,5157,9.66666666666667,10.0833333333333,39.8399999999999,,16.6
89444759,Mina Bambas,2026-08-18,A,FERROBAMBA,Fase 5E,TD030,3915,060,PC,5158,10.0833333333333,10.5,39.8400000000001,,16.6
89444760,Mina Bambas,2026-08-18,A,FERROBAMBA,Fase 5E,TD030,3915,060,PC,5159,10.5,10.8333333333333,49.7999999999999,,16.6
89444761,Mina Bambas,2026-08-18,A,FERROBAMBA,Fase 5E,TD030,3915,060,PC,5160,10.8333333333333,11.1666666666667,49.8000000000002,,16.6
89444762,Mina Bambas,2026-08-18,A,FERROBAMBA,Fase 5E,TD030,3915,060,PC,5161,11.1666666666667,11.5,49.7999999999999,,16.6
89444763,Mina Bambas,2026-08-18,A,FERROBAMBA,Fase 5E,TD030,3915,060,PC,5162,11.5,11.8333333333333,49.7999999999999,,16.6
89446764,Mina Bambas,2026-08-18,A,CHALCOBAMBA,Fase 01,TD073,4495,661,P,8153,6.5,7.0,29.4,,14.7
89446765,Mina Bambas,2026-08-18,A,CHALCOBAMBA,Fase 01,TD073,4495,661,P,8155,7.75,8.08333333333333,44.0999999999999,,14.7
89446766,Mina Bambas,2026-08-18,A,CHALCOBAMBA,Fase 01,TD073,4495,661,P,8212,8.08333333333333,8.41666666666667,43.8000000000002,,14.6
89446767,Mina Bambas,2026-08-18,A,CHALCOBAMBA,Fase 01,TD073,4495,661,P,8260,8.41666666666667,8.83333333333333,36.7199999999999,,15.3
89446768,Mina Bambas,2026-08-18,A,CHALCOBAMBA,Fase 01,TD073,4495,661,P,8281,9.41666666666667,9.75,46.4999999999999,,15.5
89446769,Mina Bambas,2026-08-18,A,CHALCOBAMBA,Fase 01,TD073,4495,661,P,8255,9.75,10.0833333333333,47.9999999999999,,16.0
89446770,Mina Bambas,2026-08-18,A,CHALCOBAMBA,Fase 01,TD073,4495,661,P,8173,10.0833333333333,10.4166666666667,43.8000000000002,,14.6
89446771,Mina Bambas,2026-08-18,A,CHALCOBAMBA,Fase 01,TD073,4495,661,P,8230,10.4166666666667,10.75,43.4999999999999,,14.5
89446772,Mina Bambas,2026-08-18,A,CHALCOBAMBA,Fase 01,TD073,4495,661,P,8187,10.75,11.1666666666667,35.04,,14.6
89446773,Mina Bambas,2026-08-18,A,CHALCOBAMBA,Fase 01,TD073,4495,661,P,8202,12.0833333333333,12.5333333333333,32.6666666666667,,14.7
89446774,Mina Bambas,2026-08-18,A,CHALCOBAMBA,Fase 01,TD073,4495,661,P,8224,12.5333333333333,12.9833333333333,32.2222222222223,,14.5
89446775,Mina Bambas,2026-08-18,A,CHALCOBAMBA,Fase 01,TD073,4495,661,PS,9001,12.9833333333333,13.4333333333333,34.4444444444444,,15.5
89446776,Mina Bambas,2026-08-18,A,CHALCOBAMBA,Fase 01,TD073,4495,661,PS,9002,13.4333333333333,13.8833333333333,34.4444444444445,,15.5
89446777,Mina Bambas,2026-08-18,A,CHALCOBAMBA,Fase 01,TD073,4495,661,PS,9003,13.8833333333333,14.3333333333333,34.4444444444444,,15.5
89446778,Mina Bambas,2026-08-18,A,CHALCOBAMBA,Fase 01,TD073,4495,661,PS,9004,14.3333333333333,14.7833333333333,34.4444444444445,,15.5
89446779,Mina Bambas,2026-08-18,A,CHALCOBAMBA,Fase 01,TD073,4495,661,PS,9005,14.7833333333333,15.2333333333333,34.4444444444445,,15.5
89446780,Mina Bambas,2026-08-18,A,CHALCOBAMBA,Fase 01,TD073,4495,661,PS,9006,15.2333333333333,15.6833333333333,34.4444444444444,,15.5
89446781,Mina Bambas,2026-08-18,A,CHALCOBAMBA,Fase 01,TD073,4495,661,PS,9007,15.6833333333333,16.1333333333333,34.4444444444445,,15.5
89446782,Mina Bambas,2026-08-18,A,CHALCOBAMBA,Fase 01,TD073,4495,661,PS,9008,16.1333333333333,16.5,42.2727272727272,,15.5
89448783,Mina Bambas,2026-08-18,A,FERROBAMBA,Fase 5S,TD076,3690,511,PC,5368,16.0,16.5,33.0,,16.5
89448784,Mina Bambas,2026-08-18,A,FERROBAMBA,Fase 5S,TD076,3690,511,PC,5369,16.5,17.0,33.0,,16.5
89449785,Mina Bambas,2026-08-18,A,CHALCOBAMBA,Fase 01,TD077,4495,661,P,8194,11.75,12.3166666666667,27.3529411764706,,15.5
89449786,Mina Bambas,2026-08-18,A,CHALCOBAMBA,Fase 01,TD077,4495,661,PS,9001,12.3166666666667,12.9,26.5714285714285,,15.5
89449787,Mina Bambas,2026-08-18,A,CHALCOBAMBA,Fase 01,TD077,4495,661,P,8214,12.9,13.5833333333333,22.6829268292683,,15.5
89449788,Mina Bambas,2026-08-18,A,CHALCOBAMBA,Fase 01,TD077,4495,661,P,8192,13.5833333333333,14.1833333333333,25.8333333333333,,15.5
89449789,Mina Bambas,2026-08-18,A,CHALCOBAMBA,Fase 01,TD077,4495,661,P,8244,14.1833333333333,14.9,21.6279069767442,,15.5
89449790,Mina Bambas,2026-08-18,A,CHALCOBAMBA,Fase 01,TD077,4495,661,P,8251,14.9,15.5833333333333,22.6829268292683,,15.5
89449791,Mina Bambas,2026-08-18,A,CHALCOBAMBA,Fase 01,TD077,4495,661,P,8254,15.5833333333333,16.1666666666667,26.5714285714285,,15.5
89524970,Mina Bambas Rotativas - Chalcobamba,2026-08-19,B,CHALCOBAMBA,Fase 01,TD091,4465,575,B1,204,14.8333333333333,15.5,25.95,,17.3
89524971,Mina Bambas Rotativas - Chalcobamba,2026-08-19,B,CHALCOBAMBA,Fase 01,TD091,4465,575,B1,205,15.55,16.05,34.6,,17.3
89524972,Mina Bambas Rotativas - Chalcobamba,2026-08-19,B,CHALCOBAMBA,Fase 01,TD091,4465,575,B1,206,16.0833333333333,16.6666666666667,29.6571428571427,,17.3
89524973,Mina Bambas Rotativas - Chalcobamba,2026-08-19,B,CHALCOBAMBA,Fase 01,TD091,4465,575,B1,207,16.7,17.2833333333333,29.6571428571427,,17.3
89524974,Mina Bambas Rotativas - Chalcobamba,2026-08-19,B,CHALCOBAMBA,Fase 01,TD091,4465,575,B2,228,17.3333333333333,17.9166666666667,27.4285714285713,,16.0
89524975,Mina Bambas Rotativas - Chalcobamba,2026-08-19,B,CHALCOBAMBA,Fase 01,TD091,4465,575,B2,229,17.95,18.5,29.0909090909091,,16.0
89528037,Mina Bambas Rotativas - Ferrobamba,2026-08-19,B,FERROBAMBA,Fase 5S,TD092,3690,513,B1,266,7.41666666666667,8.25,19.32,,16.1
89528038,Mina Bambas Rotativas - Ferrobamba,2026-08-19,B,FERROBAMBA,Fase 5S,TD092,3690,513,B1,267,8.33333333333333,9.16666666666667,19.32,,16.1
89528039,Mina Bambas Rotativas - Ferrobamba,2026-08-19,B,FERROBAMBA,Fase 5S,TD092,3690,513,B1,268,9.25,10.0,21.3333333333333,,16.0
89528040,Mina Bambas Rotativas - Ferrobamba,2026-08-19,B,FERROBAMBA,Fase 5S,TD092,3690,513,B1,269,10.0833333333333,10.75,24.3,,16.2
89528041,Mina Bambas Rotativas - Ferrobamba,2026-08-19,B,FERROBAMBA,Fase 5S,TD092,3690,513,B1,270,10.8333333333333,11.5,25.5,,17.0
89528042,Mina Bambas Rotativas - Ferrobamba,2026-08-19,B,FERROBAMBA,Fase 5S,TD092,3690,515,B1,202,11.5833333333333,12.3333333333333,21.7333333333333,,16.3
89528043,Mina Bambas Rotativas - Ferrobamba,2026-08-19,B,FERROBAMBA,Fase 5S,TD092,3690,513,B2,342,12.4166666666667,13.0833333333333,24.3,,16.2
89528044,Mina Bambas Rotativas - Ferrobamba,2026-08-19,B,FERROBAMBA,Fase 5S,TD092,3690,513,B2,341,13.1666666666667,13.8333333333333,24.3,,16.2
89528045,Mina Bambas Rotativas - Ferrobamba,2026-08-19,B,FERROBAMBA,Fase 5S,TD092,3690,513,B2,340,13.9166666666667,14.5,27.7714285714285,,16.2
89528046,Mina Bambas Rotativas - Ferrobamba,2026-08-19,B,FERROBAMBA,Fase 5S,TD092,3690,513,B2,339,14.5833333333333,15.0833333333333,32.2,,16.1
89528047,Mina Bambas Rotativas - Ferrobamba,2026-08-19,B,FERROBAMBA,Fase 5S,TD092,3690,513,B2,338,15.3333333333333,15.9166666666667,27.7714285714286,,16.2
89528048,Mina Bambas Rotativas - Ferrobamba,2026-08-19,B,FERROBAMBA,Fase 5S,TD092,3690,513,B2,337,16.0,16.8333333333333,19.32,,16.1
89528049,Mina Bambas Rotativas - Ferrobamba,2026-08-19,B,FERROBAMBA,Fase 5S,TD092,3690,513,B2,336,16.9166666666667,17.75,19.32,,16.1
89528050,Mina Bambas Rotativas - Ferrobamba,2026-08-19,B,FERROBAMBA,Fase 5S,TD092,3690,513,MS,1515,17.8333333333333,18.5,24.3,,16.2
89531094,Mina Bambas,2026-08-19,B,FERROBAMBA,Fase 5E,TD030,3915,060,PC,5163,9.0,9.5,33.0,,16.5
89531095,Mina Bambas,2026-08-19,B,FERROBAMBA,Fase 5E,TD030,3915,060,PC,5164,9.5,10.0,33.0,,16.5
89531096,Mina Bambas,2026-08-19,B,FERROBAMBA,Fase 5E,TD030,3915,060,PC,5165,10.0,10.3333333333333,49.4999999999999,,16.5
89531097,Mina Bambas,2026-08-19,B,FERROBAMBA,Fase 5E,TD030,3915,060,PC,5166,10.3333333333333,10.6666666666667,49.5000000000002,,16.5
89531098,Mina Bambas,2026-08-19,B,FERROBAMBA,Fase 5E,TD030,3915,060,PC,5167,10.6666666666667,11.0,49.4999999999999,,16.5
89531099,Mina Bambas,2026-08-19,B,FERROBAMBA,Fase 5E,TD030,3915,060,PC,5168,11.0,11.25,66.0,,16.5
89531100,Mina Bambas,2026-08-19,B,FERROBAMBA,Fase 5S,TD030,3690,511,PC,5377,12.5,13.3333333333333,19.56,,16.3
89531101,Mina Bambas,2026-08-19,B,FERROBAMBA,Fase 5S,TD030,3690,511,PC,5378,13.3333333333333,14.1666666666667,19.56,,16.3
89531102,Mina Bambas,2026-08-19,B,FERROBAMBA,Fase 5S,TD030,3690,511,PC,5379,14.1666666666667,14.8333333333333,24.45,,16.3
89531103,Mina Bambas,2026-08-19,B,FERROBAMBA,Fase 5S,TD030,3690,511,PC,5380,14.8333333333333,15.5,24.45,,16.3
89531104,Mina Bambas,2026-08-19,B,FERROBAMBA,Fase 5S,TD030,3690,511,PC,5381,15.5,16.1666666666667,24.45,,16.3
89531105,Mina Bambas,2026-08-19,B,FERROBAMBA,Fase 5S,TD030,3690,511,PC,5384,16.1666666666667,16.8333333333333,24.4500000000001,,16.3
89531106,Mina Bambas,2026-08-19,B,FERROBAMBA,Fase 5S,TD030,3690,511,PC,5385,16.8333333333333,17.5,24.45,,16.3
89531107,Mina Bambas,2026-08-19,B,FERROBAMBA,Fase 5S,TD030,3690,511,PC,5386,17.5,18.0,32.6,,16.3
89531108,Mina Bambas,2026-08-19,B,FERROBAMBA,Fase 5S,TD030,3690,511,PC,5387,18.0,18.5,32.6,,16.3
89533109,Mina Bambas,2026-08-19,B,CHALCOBAMBA,Fase 01,TD073,4495,661,P,8168,13.4166666666667,13.8666666666667,34.4444444444444,,15.5
89533110,Mina Bambas,2026-08-19,B,CHALCOBAMBA,Fase 01,TD073,4495,661,P,8195,13.8666666666667,14.2666666666667,38.75,,15.5
89533111,Mina Bambas,2026-08-19,B,CHALCOBAMBA,Fase 01,TD073,4495,661,P,8184,14.2666666666667,14.6833333333333,37.2000000000001,,15.5
89533112,Mina Bambas,2026-08-19,B,CHALCOBAMBA,Fase 01,TD073,4495,661,P,8210,14.6833333333333,15.0166666666667,46.4999999999999,,15.5
89533113,Mina Bambas,2026-08-19,B,CHALCOBAMBA,Fase 01,TD073,4495,661,P,8236,15.0166666666667,15.5166666666667,31.0,,15.5
89533114,Mina Bambas,2026-08-19,B,CHALCOBAMBA,Fase 01,TD073,4495,661,P,8251,15.5166666666667,15.85,46.5000000000002,,15.5
89533115,Mina Bambas,2026-08-19,B,CHALCOBAMBA,Fase 01,TD073,4495,661,P,8220,15.85,16.25,38.75,,15.5
89533116,Mina Bambas,2026-08-19,B,CHALCOBAMBA,Fase 01,TD073,4495,661,PS,9001,16.25,16.5,62.0,,15.5
89533117,Mina Bambas,2026-08-19,B,CHALCOBAMBA,Fase 01,TD073,4495,661,P,8193,17.3333333333333,17.7666666666667,35.7692307692308,,15.5
89533118,Mina Bambas,2026-08-19,B,CHALCOBAMBA,Fase 01,TD073,4495,661,P,8201,17.7666666666667,18.1333333333333,42.2727272727272,,15.5
89533119,Mina Bambas,2026-08-19,B,CHALCOBAMBA,Fase 01,TD073,4495,661,PS,9002,18.1333333333333,18.5,42.2727272727272,,15.5
89535120,Mina Bambas,2026-08-19,B,FERROBAMBA,Fase 5S,TD076,3690,511,PC,5367,7.5,8.16666666666667,24.75,,16.5
89535121,Mina Bambas,2026-08-19,B,FERROBAMBA,Fase 5S,TD076,3690,511,PC,5370,8.16666666666667,8.83333333333333,24.75,,16.5
89535122,Mina Bambas,2026-08-19,B,FERROBAMBA,Fase 5S,TD076,3690,511,PC,5371,8.83333333333333,9.5,24.75,,16.5
89535123,Mina Bambas,2026-08-19,B,FERROBAMBA,Fase 5S,TD076,3690,511,PC,5366,13.5833333333333,14.25,24.75,,16.5
89535124,Mina Bambas,2026-08-19,B,FERROBAMBA,Fase 5S,TD076,3690,511,PC,5365,14.25,15.0,22.0,,16.5
89535125,Mina Bambas,2026-08-19,B,FERROBAMBA,Fase 5S,TD076,3690,511,PC,5364,15.0,15.5833333333333,28.2857142857143,,16.5
89535126,Mina Bambas,2026-08-19,B,FERROBAMBA,Fase 5S,TD076,3690,511,PC,5372,15.5833333333333,16.25,24.75,,16.5
89535127,Mina Bambas,2026-08-19,B,FERROBAMBA,Fase 5S,TD076,3690,511,PC,5373,16.25,16.8333333333333,28.2857142857143,,16.5
89535128,Mina Bambas,2026-08-19,B,FERROBAMBA,Fase 5S,TD076,3690,511,PC,5374,16.8333333333333,17.6666666666667,19.7999999999999,,16.5
89535129,Mina Bambas,2026-08-19,B,FERROBAMBA,Fase 5S,TD076,3690,511,PC,5375,17.6666666666667,18.5,19.8,,16.5
89536130,Mina Bambas,2026-08-19,B,CHALCOBAMBA,Fase 01,TD077,4465,576,PC,5052,14.5,15.0833333333333,29.8285714285714,,17.4
89536131,Mina Bambas,2026-08-19,B,CHALCOBAMBA,Fase 01,TD077,4465,576,PC,5051,15.0833333333333,15.6666666666667,29.8285714285715,,17.4
89536132,Mina Bambas,2026-08-19,B,CHALCOBAMBA,Fase 01,TD077,4465,576,PC,5050,15.6666666666667,16.25,29.8285714285714,,17.4
89536133,Mina Bambas,2026-08-19,B,CHALCOBAMBA,Fase 01,TD077,4465,576,PC,5049,16.25,16.9166666666667,26.1,,17.4
89536134,Mina Bambas,2026-08-19,B,CHALCOBAMBA,Fase 01,TD077,4465,576,PC,5048,16.9166666666667,17.5833333333333,26.1000000000001,,17.4
89536135,Mina Bambas,2026-08-19,B,CHALCOBAMBA,Fase 01,TD077,4465,576,PC,5047,17.8333333333333,18.5,26.1,,17.4
89537136,Mina Bambas,2026-08-19,B,PROYECTOS - FERROBAMBA,Fase 5S,TD079,3950,TRAMO 3,P,156,8.66666666666667,8.75,20.3999999999999,,1.7
89537137,Mina Bambas,2026-08-19,B,PROYECTOS - FERROBAMBA,Fase 5S,TD079,3950,TRAMO 3,P,3,8.8,8.93333333333333,22.5000000000001,,3.0
89537138,Mina Bambas,2026-08-19,B,PROYECTOS - FERROBAMBA,Fase 5S,TD079,3950,TRAMO 3,P,178,8.93333333333333,9.0,25.5000000000001,,1.7
89537139,Mina Bambas,2026-08-19,B,PROYECTOS - FERROBAMBA,Fase 5S,TD079,3950,TRAMO 3,P,65,9.08333333333333,9.23333333333333,32.666666666667,,4.9
89537140,Mina Bambas,2026-08-19,B,PROYECTOS - FERROBAMBA,Fase 5S,TD079,3950,TRAMO 3,P,209,9.23333333333333,9.33333333333333,17.9999999999997,,1.8
89537141,Mina Bambas,2026-08-19,B,PROYECTOS - FERROBAMBA,Fase 5S,TD079,3950,TRAMO 3,P,145,9.38333333333333,9.5,25.7142857142856,,3.0
89537142,Mina Bambas,2026-08-19,B,PROYECTOS - FERROBAMBA,Fase 5S,TD079,3950,TRAMO 3,P,227,9.66666666666667,9.8,17.9999999999998,,2.4
89537143,Mina Bambas,2026-08-19,B,PROYECTOS - FERROBAMBA,Fase 5S,TD079,3950,TRAMO 3,P,112,9.8,9.98333333333333,32.727272727273,,6.0
89537144,Mina Bambas,2026-08-19,B,PROYECTOS - FERROBAMBA,Fase 5S,TD079,3950,TRAMO 3,P,92,9.98333333333333,10.1166666666667,44.9999999999996,,6.0
89537145,Mina Bambas,2026-08-19,B,PROYECTOS - FERROBAMBA,Fase 5S,TD079,3950,TRAMO 3,P,166,10.1166666666667,10.15,90.0000000000003,,3.0
89537146,Mina Bambas,2026-08-19,B,PROYECTOS - FERROBAMBA,Fase 5S,TD079,3950,TRAMO 3,P,103,10.15,10.25,54.0000000000002,,5.4
89537147,Mina Bambas,2026-08-19,B,PROYECTOS - FERROBAMBA,Fase 5S,TD079,3950,TRAMO 3,P,99,10.25,10.3333333333333,59.9999999999996,,5.0
89537148,Mina Bambas,2026-08-19,B,PROYECTOS - FERROBAMBA,Fase 5S,TD079,3950,TRAMO 3,P,244,10.3333333333333,10.4666666666667,19.5000000000001,,2.6
89537149,Mina Bambas,2026-08-19,B,PROYECTOS - FERROBAMBA,Fase 5S,TD079,3950,TRAMO 3,P,98,10.4666666666667,10.5833333333333,34.2857142857141,,4.0
89537150,Mina Bambas,2026-08-19,B,PROYECTOS - FERROBAMBA,Fase 5S,TD079,3950,TRAMO 3,P,10,10.5833333333333,10.75,29.4000000000001,,4.9
89537151,Mina Bambas,2026-08-19,B,PROYECTOS - FERROBAMBA,Fase 5S,TD079,3950,TRAMO 3,P,177,10.75,10.8333333333333,23.9999999999998,,2.0
89537152,Mina Bambas,2026-08-19,B,PROYECTOS - FERROBAMBA,Fase 5S,TD079,3950,TRAMO 3,P,100,10.9166666666667,11.0333333333333,42.8571428571427,,5.0
89537153,Mina Bambas,2026-08-19,B,PROYECTOS - FERROBAMBA,Fase 5S,TD079,3950,TRAMO 3,P,45,11.0333333333333,11.25,19.3846153846154,,4.2
89537154,Mina Bambas,2026-08-19,B,PROYECTOS - FERROBAMBA,Fase 5S,TD079,3950,TRAMO 3,P,43,11.3333333333333,11.4666666666667,25.5000000000001,,3.4
89537155,Mina Bambas,2026-08-19,B,PROYECTOS - FERROBAMBA,Fase 5S,TD079,3950,TRAMO 3,P,188,11.4666666666667,11.5666666666667,18.0000000000001,,1.8
89537156,Mina Bambas,2026-08-19,B,PROYECTOS - FERROBAMBA,Fase 5S,TD079,3950,TRAMO 3,P,90,11.6,11.7333333333333,25.5000000000001,,3.4
89537157,Mina Bambas,2026-08-19,B,PROYECTOS - FERROBAMBA,Fase 5S,TD079,3950,TRAMO 3,P,74,11.7333333333333,11.8666666666667,28.4999999999997,,3.8
89537158,Mina Bambas,2026-08-19,B,PROYECTOS - FERROBAMBA,Fase 5S,TD079,3950,TRAMO 3,P,170,11.8666666666667,11.9833333333333,17.1428571428573,,2.0
89537159,Mina Bambas,2026-08-19,B,PROYECTOS - FERROBAMBA,Fase 5S,TD079,3950,TRAMO 3,P,206,11.9833333333333,12.0833333333333,19.9999999999997,,2.0
89537160,Mina Bambas,2026-08-19,B,PROYECTOS - FERROBAMBA,Fase 5S,TD079,3950,TRAMO 3,P,205,12.1666666666667,12.3166666666667,14.6666666666666,,2.2
89537161,Mina Bambas,2026-08-19,B,PROYECTOS - FERROBAMBA,Fase 5S,TD079,3950,TRAMO 3,P,152,12.3166666666667,12.4166666666667,20.0000000000001,,2.0
89537162,Mina Bambas,2026-08-19,B,PROYECTOS - FERROBAMBA,Fase 5S,TD079,3950,TRAMO 3,P,49,12.4666666666667,12.6333333333333,21.0000000000001,,3.5
89537163,Mina Bambas,2026-08-19,B,PROYECTOS - FERROBAMBA,Fase 5S,TD079,3950,TRAMO 3,P,52,12.6333333333333,12.7666666666667,24.7499999999998,,3.3
89537164,Mina Bambas,2026-08-19,B,PROYECTOS - FERROBAMBA,Fase 5S,TD079,3950,TRAMO 3,P,239,12.7666666666667,12.9,22.5000000000001,,3.0
89537165,Mina Bambas,2026-08-19,B,PROYECTOS - FERROBAMBA,Fase 5S,TD079,3950,TRAMO 3,P,162,12.9,13.0,22.0000000000001,,2.2
89537166,Mina Bambas,2026-08-19,B,PROYECTOS - FERROBAMBA,Fase 5S,TD079,3950,TRAMO 3,P,147,13.5,13.6333333333333,15.0000000000001,,2.0
89537167,Mina Bambas,2026-08-19,B,PROYECTOS - FERROBAMBA,Fase 5S,TD079,3950,TRAMO 3,P,254,13.6333333333333,13.7666666666667,26.2499999999997,,3.5
89537168,Mina Bambas,2026-08-19,B,PROYECTOS - FERROBAMBA,Fase 5S,TD079,3950,TRAMO 3,P,216,13.7666666666667,13.9,18.0000000000001,,2.4
89537169,Mina Bambas,2026-08-19,B,PROYECTOS - FERROBAMBA,Fase 5S,TD079,3950,TRAMO 3,P,230,13.9,14.0333333333333,22.5000000000001,,3.0
89537170,Mina Bambas,2026-08-19,B,PROYECTOS - FERROBAMBA,Fase 5S,TD079,3950,TRAMO 3,P,229,14.0333333333333,14.1666666666667,22.5000000000001,,3.0
89537171,Mina Bambas,2026-08-19,B,PROYECTOS - FERROBAMBA,Fase 5S,TD079,3950,TRAMO 3,P,151,14.1666666666667,14.3,14.9999999999999,,2.0
89537172,Mina Bambas,2026-08-19,B,PROYECTOS - FERROBAMBA,Fase 5S,TD079,3950,TRAMO 3,P,16,14.3,14.4333333333333,15.0000000000001,,2.0
89537173,Mina Bambas,2026-08-19,B,PROYECTOS - FERROBAMBA,Fase 5S,TD079,3950,TRAMO 3,P,19,14.4333333333333,14.5833333333333,23.9999999999999,,3.6
89537174,Mina Bambas,2026-08-19,B,PROYECTOS - FERROBAMBA,Fase 5S,TD079,3950,TRAMO 3,P,95,14.5833333333333,14.7166666666667,37.5000000000001,,5.0
89537175,Mina Bambas,2026-08-19,B,PROYECTOS - FERROBAMBA,Fase 5S,TD079,3950,TRAMO 3,P,109,14.7166666666667,14.8666666666667,39.9999999999999,,6.0
89537176,Mina Bambas,2026-08-19,B,PROYECTOS - FERROBAMBA,Fase 5S,TD079,3950,TRAMO 3,P,246,14.8666666666667,15.0,22.5000000000001,,3.0
89537177,Mina Bambas,2026-08-19,B,PROYECTOS - FERROBAMBA,Fase 5S,TD079,3950,TRAMO 3,P,47,15.0,15.1333333333333,33.0000000000001,,4.4
89537178,Mina Bambas,2026-08-19,B,PROYECTOS - FERROBAMBA,Fase 5S,TD079,3950,TRAMO 3,P,175,15.1333333333333,15.2666666666667,14.9999999999999,,2.0
89537179,Mina Bambas,2026-08-19,B,PROYECTOS - FERROBAMBA,Fase 5S,TD079,3950,TRAMO 3,P,142,15.2666666666667,15.4,15.0000000000001,,2.0
89537180,Mina Bambas,2026-08-19,B,PROYECTOS - FERROBAMBA,Fase 5S,TD079,3950,TRAMO 3,P,207,15.4,15.5333333333333,17.2500000000001,,2.3
89537181,Mina Bambas,2026-08-19,B,PROYECTOS - FERROBAMBA,Fase 5S,TD079,3950,TRAMO 3,P,93,15.5333333333333,15.6666666666667,40.5000000000001,,5.4
89537182,Mina Bambas,2026-08-19,B,PROYECTOS - FERROBAMBA,Fase 5S,TD079,3950,TRAMO 3,P,102,15.6666666666667,15.8333333333333,37.1999999999997,,6.2
89537183,Mina Bambas,2026-08-19,B,PROYECTOS - FERROBAMBA,Fase 5S,TD079,3950,TRAMO 3,P,253,15.8333333333333,15.9666666666667,26.2500000000001,,3.5
89537184,Mina Bambas,2026-08-19,B,PROYECTOS - FERROBAMBA,Fase 5S,TD079,3950,TRAMO 3,P,143,15.9666666666667,16.1,14.9999999999999,,2.0
89537185,Mina Bambas,2026-08-19,B,PROYECTOS - FERROBAMBA,Fase 5S,TD079,3950,TRAMO 3,P,108,16.1,16.2666666666667,40.8000000000006,,6.8
89537186,Mina Bambas,2026-08-19,B,PROYECTOS - FERROBAMBA,Fase 5S,TD079,3950,TRAMO 3,P,111,16.2666666666667,16.4333333333333,41.9999999999997,,7.0
89537187,Mina Bambas,2026-08-19,B,PROYECTOS - FERROBAMBA,Fase 5S,TD079,3950,TRAMO 3,P,2,16.4333333333333,16.5,52.5000000000002,,3.5
89537188,Mina Bambas,2026-08-19,B,PROYECTOS - FERROBAMBA,Fase 5S,TD079,3950,TRAMO 3,P,115,16.5,16.6666666666667,44.9999999999997,,7.5
89537189,Mina Bambas,2026-08-19,B,PROYECTOS - FERROBAMBA,Fase 5S,TD079,3950,TRAMO 3,RP,162,16.6666666666667,16.7333333333333,30.0000000000001,,2.0
89537190,Mina Bambas,2026-08-19,B,PROYECTOS - FERROBAMBA,Fase 5S,TD079,3950,TRAMO 3,P,173,16.7333333333333,16.8333333333333,20.0000000000004,,2.0
89537191,Mina Bambas,2026-08-19,B,PROYECTOS - FERROBAMBA,Fase 5S,TD079,3950,TRAMO 3,P,148,16.8333333333333,16.9,30.0000000000001,,2.0
89537192,Mina Bambas,2026-08-19,B,PROYECTOS - FERROBAMBA,Fase 5S,TD079,3950,TRAMO 3,P,24,16.9,16.9833333333333,47.9999999999986,,4.0
89537193,Mina Bambas,2026-08-19,B,PROYECTOS - FERROBAMBA,Fase 5S,TD079,3950,TRAMO 3,P,120,16.9833333333333,17.1666666666667,42.0,,7.7
89537194,Mina Bambas,2026-08-19,B,PROYECTOS - FERROBAMBA,Fase 5S,TD079,3950,TRAMO 3,P,41,17.1666666666667,17.25,48.0000000000007,,4.0
89537195,Mina Bambas,2026-08-19,B,PROYECTOS - FERROBAMBA,Fase 5S,TD079,3950,TRAMO 3,P,187,17.25,17.3333333333333,24.0000000000003,,2.0
89538196,Mina Bambas,2026-08-19,B,FERROBAMBA,Fase 5E,TD012,3930,061,P,2256,9.75,10.25,29.0,,14.5
89538197,Mina Bambas,2026-08-19,B,FERROBAMBA,Fase 5E,TD012,3930,061,P,2239,10.25,10.6666666666667,34.8,,14.5
89538198,Mina Bambas,2026-08-19,B,FERROBAMBA,Fase 5E,TD012,3930,061,RP,2238,15.9166666666667,16.25,43.4999999999999,,14.5
89538199,Mina Bambas,2026-08-19,B,FERROBAMBA,Fase 5E,TD012,3930,061,RP,2237,16.25,16.75,29.0,,14.5
89539200,Mina Bambas,2026-08-19,B,FERROBAMBA,Fase 5E,TD080,3915,060,PC,5014,7.83333333333333,8.5,24.0,,16.0
89539201,Mina Bambas,2026-08-19,B,FERROBAMBA,Fase 5E,TD080,3915,060,PC,5015,8.5,9.16666666666667,24.0,,16.0
89539202,Mina Bambas,2026-08-19,B,FERROBAMBA,Fase 5E,TD080,3915,058,PS,9001,9.33333333333333,9.66666666666667,48.0000000000002,,16.0
89539203,Mina Bambas,2026-08-19,B,FERROBAMBA,Fase 5E,TD080,3915,058,PS,9002,9.66666666666667,10.3333333333333,24.0,,16.0
89539204,Mina Bambas,2026-08-19,B,FERROBAMBA,Fase 5E,TD080,3915,058,PS,9003,10.3333333333333,10.6666666666667,48.0000000000002,,16.0
89539205,Mina Bambas,2026-08-19,B,FERROBAMBA,Fase 5E,TD080,3915,058,PS,9004,10.6666666666667,11.1666666666667,32.0,,16.0
89539206,Mina Bambas,2026-08-19,B,FERROBAMBA,Fase 5E,TD080,3915,058,PS,9005,11.1666666666667,11.8333333333333,24.0,,16.0
89539207,Mina Bambas,2026-08-19,B,FERROBAMBA,Fase 5E,TD080,3915,058,PS,9006,11.8333333333333,12.5,24.0,,16.0
89539208,Mina Bambas,2026-08-19,B,FERROBAMBA,Fase 5E,TD080,3915,058,PS,9007,12.5,13.0,32.0,,16.0
89539209,Mina Bambas,2026-08-19,B,FERROBAMBA,Fase 5E,TD080,3915,058,PS,9008,13.0,13.6666666666667,24.0,,16.0
89539210,Mina Bambas,2026-08-19,B,FERROBAMBA,Fase 5E,TD080,3915,058,PS,9009,13.6666666666667,14.0,48.5999999999999,,16.2
89539211,Mina Bambas,2026-08-19,B,FERROBAMBA,Fase 5E,TD080,3915,058,PS,9010,14.0,14.5,32.4,,16.2
89539212,Mina Bambas,2026-08-19,B,FERROBAMBA,Fase 5E,TD080,3915,058,PS,9011,14.5,14.8333333333333,48.5999999999999,,16.2
89539213,Mina Bambas,2026-08-19,B,FERROBAMBA,Fase 5E,TD080,3915,058,PS,9012,14.8333333333333,15.1666666666667,48.6000000000002,,16.2
89539214,Mina Bambas,2026-08-19,B,FERROBAMBA,Fase 5E,TD080,3915,058,PS,9013,15.1666666666667,15.5,48.5999999999999,,16.2
89539215,Mina Bambas,2026-08-19,B,FERROBAMBA,Fase 5E,TD080,3915,058,PS,9014,15.5,15.8333333333333,48.5999999999999,,16.2
89539216,Mina Bambas,2026-08-19,B,FERROBAMBA,Fase 5E,TD080,3915,058,PS,9015,15.8333333333333,16.1666666666667,48.5999999999999,,16.2
89539217,Mina Bambas,2026-08-19,B,FERROBAMBA,Fase 5E,TD080,3915,058,PS,9016,16.1666666666667,16.5,48.6000000000002,,16.2
89539218,Mina Bambas,2026-08-19,B,FERROBAMBA,Fase 5E,TD080,3915,058,PS,9017,16.5,16.8333333333333,48.6000000000002,,16.2
89539219,Mina Bambas,2026-08-19,B,FERROBAMBA,Fase 5E,TD080,3915,058,PS,9018,16.8333333333333,17.1666666666667,48.5999999999997,,16.2
89539220,Mina Bambas,2026-08-19,B,FERROBAMBA,Fase 5E,TD080,3915,058,PS,9019,17.1666666666667,17.5,48.6000000000002,,16.2
89539221,Mina Bambas,2026-08-19,B,FERROBAMBA,Fase 5E,TD080,3915,058,PS,9020,17.5,17.8333333333333,48.6000000000002,,16.2
89539222,Mina Bambas,2026-08-19,B,FERROBAMBA,Fase 5E,TD080,3915,058,PS,9021,17.8333333333333,18.1666666666667,48.5999999999997,,16.2
89539223,Mina Bambas,2026-08-19,B,FERROBAMBA,Fase 5E,TD080,3915,058,PS,9022,18.1666666666667,18.5,48.6000000000002,,16.2
89541224,Mina Bambas,2026-08-20,A,PROYECTOS - FERROBAMBA,Fase 5S,TD079,3950,TRAMO 3,P,118,7.5,7.75,30.8,,7.7
89541225,Mina Bambas,2026-08-20,A,PROYECTOS - FERROBAMBA,Fase 5S,TD079,3950,TRAMO 3,P,185,7.75,8.0,32.0,,8.0
89541226,Mina Bambas,2026-08-20,A,PROYECTOS - FERROBAMBA,Fase 5S,TD079,3950,TRAMO 3,P,33,8.0,8.25,28.0,,7.0
89541227,Mina Bambas,2026-08-20,A,PROYECTOS - FERROBAMBA,Fase 5S,TD079,3950,TRAMO 3,P,116,8.25,8.75,14.0,,7.0
89541228,Mina Bambas,2026-08-20,A,PROYECTOS - FERROBAMBA,Fase 5S,TD079,3950,TRAMO 3,P,180,8.75,9.0,8.0,,2.0
89541229,Mina Bambas,2026-08-20,A,PROYECTOS - FERROBAMBA,Fase 5S,TD079,3950,TRAMO 3,P,8,9.0,9.33333333333333,21.0,,7.0
89541230,Mina Bambas,2026-08-20,A,PROYECTOS - FERROBAMBA,Fase 5S,TD079,3950,TRAMO 3,P,113,9.33333333333333,9.66666666666667,12.0,,4.0
89541231,Mina Bambas,2026-08-20,A,PROYECTOS - FERROBAMBA,Fase 5S,TD079,3950,TRAMO 3,P,159,9.66666666666667,9.91666666666667,8.0,,2.0
89541232,Mina Bambas,2026-08-20,A,PROYECTOS - FERROBAMBA,Fase 5S,TD079,3950,TRAMO 3,P,104,9.91666666666667,10.25,21.0,,7.0
89541233,Mina Bambas,2026-08-20,A,PROYECTOS - FERROBAMBA,Fase 5S,TD079,3950,TRAMO 3,P,250,10.25,10.5,16.0,,4.0
89541234,Mina Bambas,2026-08-20,A,PROYECTOS - FERROBAMBA,Fase 5S,TD079,3950,TRAMO 3,P,124,10.5,10.8333333333333,29.9999999999999,,10.0
89541235,Mina Bambas,2026-08-20,A,PROYECTOS - FERROBAMBA,Fase 5S,TD079,3950,TRAMO 3,P,97,10.8333333333333,11.1666666666667,21.0000000000001,,7.0
89541236,Mina Bambas,2026-08-20,A,PROYECTOS - FERROBAMBA,Fase 5S,TD079,3950,TRAMO 3,P,128,11.1666666666667,11.3333333333333,11.9999999999999,,2.0
89541237,Mina Bambas,2026-08-20,A,PROYECTOS - FERROBAMBA,Fase 5S,TD079,3950,TRAMO 3,P,221,11.3333333333333,11.5,18.0000000000001,,3.0
89541238,Mina Bambas,2026-08-20,A,PROYECTOS - FERROBAMBA,Fase 5S,TD079,3950,TRAMO 3,P,123,11.5,11.9166666666667,24.0,,10.0
89541239,Mina Bambas,2026-08-20,A,PROYECTOS - FERROBAMBA,Fase 5S,TD079,3950,TRAMO 3,P,59,11.9166666666667,12.1666666666667,20.0,,5.0
89541240,Mina Bambas,2026-08-20,A,PROYECTOS - FERROBAMBA,Fase 5S,TD079,3950,TRAMO 3,P,117,12.1666666666667,12.5,27.0,,9.0
89541241,Mina Bambas,2026-08-20,A,PROYECTOS - FERROBAMBA,Fase 5S,TD079,3950,TRAMO 3,P,110,12.5,12.75,36.0,,9.0
89541242,Mina Bambas,2026-08-20,A,PROYECTOS - FERROBAMBA,Fase 5S,TD079,3950,TRAMO 3,P,5,12.75,12.9166666666667,24.0000000000001,,4.0
89541243,Mina Bambas,2026-08-20,A,PROYECTOS - FERROBAMBA,Fase 5S,TD079,3950,TRAMO 3,P,230,12.9166666666667,13.0833333333333,17.9999999999999,,3.0
89541244,Mina Bambas,2026-08-20,A,PROYECTOS - FERROBAMBA,Fase 5S,TD079,3950,TRAMO 3,P,101,13.0833333333333,13.25,42.0000000000001,,7.0
89541245,Mina Bambas,2026-08-20,A,PROYECTOS - FERROBAMBA,Fase 5S,TD079,3950,TRAMO 3,P,214,13.25,13.5,16.0,,4.0
89541246,Mina Bambas,2026-08-20,A,PROYECTOS - FERROBAMBA,Fase 5S,TD079,3950,TRAMO 3,P,224,13.5,13.75,8.0,,2.0
89541247,Mina Bambas,2026-08-20,A,PROYECTOS - FERROBAMBA,Fase 5S,TD079,3950,TRAMO 3,P,207,13.75,13.9166666666667,24.0000000000001,,4.0
89541248,Mina Bambas,2026-08-20,A,PROYECTOS - FERROBAMBA,Fase 5S,TD079,3950,TRAMO 3,P,203,13.9166666666667,14.1666666666667,12.0,,3.0
89541249,Mina Bambas,2026-08-20,A,PROYECTOS - FERROBAMBA,Fase 5S,TD079,3950,TRAMO 3,P,235,14.1666666666667,14.4166666666667,12.0,,3.0
89541250,Mina Bambas,2026-08-20,A,PROYECTOS - FERROBAMBA,Fase 5S,TD079,3950,TRAMO 3,P,26,14.4166666666667,14.5833333333333,23.9999999999998,,4.0
89541251,Mina Bambas,2026-08-20,A,PROYECTOS - FERROBAMBA,Fase 5S,TD079,3950,TRAMO 3,P,16,14.5833333333333,14.75,24.0000000000001,,4.0
89541252,Mina Bambas,2026-08-20,A,PROYECTOS - FERROBAMBA,Fase 5S,TD079,3950,TRAMO 3,P,14,14.75,14.9166666666667,24.0000000000001,,4.0
89541253,Mina Bambas,2026-08-20,A,PROYECTOS - FERROBAMBA,Fase 5S,TD079,3950,TRAMO 3,P,12,14.9166666666667,15.1666666666667,16.0,,4.0
89541254,Mina Bambas,2026-08-20,A,PROYECTOS - FERROBAMBA,Fase 5S,TD079,3950,TRAMO 3,P,46,15.1666666666667,15.4166666666667,16.0,,4.0
89541255,Mina Bambas,2026-08-20,A,PROYECTOS - FERROBAMBA,Fase 5S,TD079,3950,TRAMO 3,P,11,15.4166666666667,15.6666666666667,14.0,,3.5
89541256,Mina Bambas,2026-08-20,A,PROYECTOS - FERROBAMBA,Fase 5S,TD079,3950,TRAMO 3,P,192,15.6666666666667,15.8333333333333,11.9999999999999,,2.0
89541257,Mina Bambas,2026-08-20,A,PROYECTOS - FERROBAMBA,Fase 5S,TD079,3950,TRAMO 3,P,195,15.8333333333333,16.0,12.0,,2.0
89541258,Mina Bambas,2026-08-20,A,PROYECTOS - FERROBAMBA,Fase 5S,TD079,3950,TRAMO 3,P,51,16.0,16.1666666666667,20.9999999999999,,3.5
89541259,Mina Bambas,2026-08-20,A,PROYECTOS - FERROBAMBA,Fase 5S,TD079,3950,TRAMO 3,P,62,16.1666666666667,16.4166666666667,16.0,,4.0
89541260,Mina Bambas,2026-08-20,A,PROYECTOS - FERROBAMBA,Fase 5S,TD079,3950,TRAMO 3,P,41,16.4166666666667,16.5833333333333,24.0000000000003,,4.0
89541261,Mina Bambas,2026-08-20,A,PROYECTOS - FERROBAMBA,Fase 5S,TD079,3950,TRAMO 3,P,66,16.5833333333333,16.8,23.0769230769229,,5.0
89541262,Mina Bambas,2026-08-20,A,PROYECTOS - FERROBAMBA,Fase 5S,TD079,3950,TRAMO 3,P,210,16.8,17.25,7.77777777777779,,3.5
89541263,Mina Bambas,2026-08-20,A,PROYECTOS - FERROBAMBA,Fase 5S,TD079,3950,TRAMO 3,P,48,17.25,17.4166666666667,23.9999999999998,,4.0
89541264,Mina Bambas,2026-08-20,A,PROYECTOS - FERROBAMBA,Fase 5S,TD079,3950,TRAMO 3,P,29,17.4166666666667,17.5833333333333,24.0000000000003,,4.0
89541265,Mina Bambas,2026-08-20,A,PROYECTOS - FERROBAMBA,Fase 5S,TD079,3950,TRAMO 3,P,30,17.5833333333333,17.75,23.9999999999998,,4.0
89541266,Mina Bambas,2026-08-20,A,PROYECTOS - FERROBAMBA,Fase 5S,TD079,3950,TRAMO 3,P,27,17.75,17.9166666666667,29.9999999999998,,5.0
89541267,Mina Bambas,2026-08-20,A,PROYECTOS - FERROBAMBA,Fase 5S,TD079,3950,TRAMO 3,P,121,17.9166666666667,18.0,24.0000000000003,,2.0
89541268,Mina Bambas,2026-08-20,A,PROYECTOS - FERROBAMBA,Fase 5S,TD079,3950,TRAMO 3,P,178,18.0,18.0833333333333,24.0000000000003,,2.0
89541269,Mina Bambas,2026-08-20,A,PROYECTOS - FERROBAMBA,Fase 5S,TD079,3950,TRAMO 3,P,213,18.0833333333333,18.1666666666667,23.9999999999993,,2.0
89541270,Mina Bambas,2026-08-20,A,PROYECTOS - FERROBAMBA,Fase 5S,TD079,3950,TRAMO 3,P,37,18.1666666666667,18.2666666666667,40.0000000000009,,4.0
89541271,Mina Bambas,2026-08-20,A,PROYECTOS - FERROBAMBA,Fase 5S,TD079,3950,TRAMO 3,P,50,18.2666666666667,18.3666666666667,39.9999999999994,,4.0
89541272,Mina Bambas,2026-08-20,A,PROYECTOS - FERROBAMBA,Fase 5S,TD079,3950,TRAMO 3,P,34,18.3666666666667,18.5,30.0000000000001,,4.0
89542273,Mina Bambas,2026-08-20,A,FERROBAMBA,Fase 5E,TD012,3930,061,PC,6025,8.0,8.5,31.2,,15.6
89542274,Mina Bambas,2026-08-20,A,FERROBAMBA,Fase 5E,TD012,3930,061,PC,6001,8.5,9.08333333333333,26.7428571428571,,15.6
89542275,Mina Bambas,2026-08-20,A,FERROBAMBA,Fase 5E,TD012,3930,061,PC,6002,9.08333333333333,9.75,23.25,,15.5
89542276,Mina Bambas,2026-08-20,A,FERROBAMBA,Fase 5E,TD012,3930,061,PC,6003,9.75,10.3333333333333,26.5714285714285,,15.5
89542277,Mina Bambas,2026-08-20,A,FERROBAMBA,Fase 5E,TD012,3930,061,PC,6004,10.3333333333333,10.9166666666667,26.5714285714286,,15.5
89542278,Mina Bambas,2026-08-20,A,FERROBAMBA,Fase 5E,TD012,3930,061,PC,6005,10.9166666666667,11.5,26.5714285714285,,15.5
89542279,Mina Bambas,2026-08-20,A,FERROBAMBA,Fase 5E,TD012,3930,061,PC,6006,11.5,12.0,31.0,,15.5
89542280,Mina Bambas,2026-08-20,A,FERROBAMBA,Fase 5E,TD012,3930,061,PC,6007,12.0,12.5833333333333,26.2285714285714,,15.3
89542281,Mina Bambas,2026-08-20,A,FERROBAMBA,Fase 5E,TD012,3930,061,PC,6008,12.5833333333333,13.25,22.95,,15.3
89542282,Mina Bambas,2026-08-20,A,FERROBAMBA,Fase 5E,TD012,3930,061,PC,6009,13.25,13.8333333333333,26.2285714285714,,15.3
89542283,Mina Bambas,2026-08-20,A,FERROBAMBA,Fase 5E,TD012,3930,061,PC,6010,15.6666666666667,16.25,26.2285714285714,,15.3
89542284,Mina Bambas,2026-08-20,A,FERROBAMBA,Fase 5E,TD012,3930,061,PC,6011,17.0833333333333,17.4166666666667,44.9999999999997,,15.0
89542285,Mina Bambas,2026-08-20,A,FERROBAMBA,Fase 5E,TD012,3930,061,PC,6012,17.4166666666667,17.75,45.0000000000002,,15.0
89542286,Mina Bambas,2026-08-20,A,FERROBAMBA,Fase 5E,TD012,3930,061,PC,6013,17.75,18.0833333333333,45.0000000000002,,15.0
89542287,Mina Bambas,2026-08-20,A,FERROBAMBA,Fase 5E,TD012,3930,061,PC,6014,18.0833333333333,18.5,35.9999999999999,,15.0
89543288,Mina Bambas,2026-08-20,A,FERROBAMBA,Fase 5E,TD080,3915,058,PS,9029,6.5,7.0,33.0,,16.5
89543289,Mina Bambas,2026-08-20,A,FERROBAMBA,Fase 5E,TD080,3915,058,PS,9024,7.0,7.66666666666667,24.75,,16.5
89543290,Mina Bambas,2026-08-20,A,FERROBAMBA,Fase 5E,TD080,3915,058,PS,9025,7.66666666666667,8.16666666666667,33.0000000000001,,16.5
89543291,Mina Bambas,2026-08-20,A,FERROBAMBA,Fase 5E,TD080,3915,058,PS,9026,8.16666666666667,8.66666666666667,33.0,,16.5
89543292,Mina Bambas,2026-08-20,A,FERROBAMBA,Fase 5E,TD080,3915,058,PS,9030,8.66666666666667,9.16666666666667,33.0,,16.5
89543293,Mina Bambas,2026-08-20,A,FERROBAMBA,Fase 5E,TD080,3915,058,PS,9031,9.16666666666667,9.66666666666667,33.0,,16.5
89543294,Mina Bambas,2026-08-20,A,FERROBAMBA,Fase 5E,TD080,3915,058,PS,9015,16.1666666666667,16.6666666666667,33.0,,16.5
89543295,Mina Bambas,2026-08-20,A,FERROBAMBA,Fase 5E,TD080,3915,058,PS,9016,16.6666666666667,17.1666666666667,33.0,,16.5
89543296,Mina Bambas,2026-08-20,A,FERROBAMBA,Fase 5E,TD080,3915,058,PS,9017,17.1666666666667,18.1666666666667,16.5,,16.5
89543297,Mina Bambas,2026-08-20,A,FERROBAMBA,Fase 5E,TD080,3915,058,PS,9032,18.1666666666667,18.5,49.5000000000002,,16.5
89545298,Mina Bambas Rotativas - Ferrobamba,2026-08-20,A,FERROBAMBA,Fase 5S,TD092,3690,513,D,1514,6.5,7.2,23.5714285714286,,16.5
89545299,Mina Bambas Rotativas - Ferrobamba,2026-08-20,A,FERROBAMBA,Fase 5S,TD092,3690,513,D,1513,7.46666666666667,8.33333333333333,18.6923076923077,,16.2
89545300,Mina Bambas Rotativas - Ferrobamba,2026-08-20,A,FERROBAMBA,Fase 5S,TD092,3690,513,D,1512,8.33333333333333,9.08333333333333,21.4666666666667,,16.1
89545301,Mina Bambas Rotativas - Ferrobamba,2026-08-20,A,FERROBAMBA,Fase 5S,TD092,3690,514,D,1587,9.93333333333333,10.3,23.1818181818182,,8.5
89545302,Mina Bambas Rotativas - Ferrobamba,2026-08-20,A,FERROBAMBA,Fase 5S,TD092,3690,514,D,1586,10.5833333333333,11.0333333333333,18.4444444444445,,8.3
89545303,Mina Bambas Rotativas - Ferrobamba,2026-08-20,A,FERROBAMBA,Fase 5S,TD092,3690,514,D,1588,11.3666666666667,11.7666666666667,21.0,,8.4
89545304,Mina Bambas Rotativas - Ferrobamba,2026-08-20,A,FERROBAMBA,Fase 5S,TD092,3690,515,B1,236,12.1666666666667,12.7166666666667,30.0,,16.5
89545305,Mina Bambas Rotativas - Ferrobamba,2026-08-20,A,FERROBAMBA,Fase 5S,TD092,3690,515,B1,235,12.7166666666667,13.2666666666667,30.0,,16.5
89545306,Mina Bambas Rotativas - Ferrobamba,2026-08-20,A,FERROBAMBA,Fase 5S,TD092,3690,515,B1,234,13.2666666666667,14.0333333333333,21.2608695652174,,16.3
89545307,Mina Bambas Rotativas - Ferrobamba,2026-08-20,A,FERROBAMBA,Fase 5S,TD092,3690,515,B2,276,14.0333333333333,14.7666666666667,22.3636363636363,,16.4
89545308,Mina Bambas Rotativas - Ferrobamba,2026-08-20,A,FERROBAMBA,Fase 5S,TD092,3690,515,B2,275,14.7666666666667,15.4,25.8947368421053,,16.4
89545309,Mina Bambas Rotativas - Ferrobamba,2026-08-20,A,FERROBAMBA,Fase 5S,TD092,3690,515,B2,274,15.4,16.1,23.5714285714285,,16.5
89545310,Mina Bambas Rotativas - Ferrobamba,2026-08-20,A,FERROBAMBA,Fase 5S,TD092,3690,515,B2,273,16.1,16.7666666666667,24.4500000000001,,16.3
89545311,Mina Bambas Rotativas - Ferrobamba,2026-08-20,A,FERROBAMBA,Fase 5S,TD092,3690,515,B2,313,16.7666666666667,17.6,19.7999999999999,,16.5
89545312,Mina Bambas Rotativas - Ferrobamba,2026-08-20,A,FERROBAMBA,Fase 5S,TD092,3690,515,B2,312,17.6,18.5,18.2222222222222,,16.4
89546313,Mina Bambas Rotativas - Chalcobamba,2026-08-20,A,CHALCOBAMBA,Fase 01,TD091,4465,575,B2,230,8.0,8.61666666666667,24.6486486486486,,15.2
89546314,Mina Bambas Rotativas - Chalcobamba,2026-08-20,A,CHALCOBAMBA,Fase 01,TD091,4465,575,B2,231,8.68333333333333,9.35,22.5,,15.0
89546315,Mina Bambas Rotativas - Chalcobamba,2026-08-20,A,CHALCOBAMBA,Fase 01,TD091,4465,575,B2,208,9.41666666666667,10.25,20.64,,17.2
89549316,Mina Bambas,2026-08-20,A,CHALCOBAMBA,Fase 01,TD073,4495,661,P,8213,12.25,12.6666666666667,36.0,,15.0
89549317,Mina Bambas,2026-08-20,A,CHALCOBAMBA,Fase 01,TD073,4495,661,P,8228,13.0833333333333,13.4166666666667,45.0000000000002,,15.0
89549318,Mina Bambas,2026-08-20,A,CHALCOBAMBA,Fase 01,TD073,4495,661,P,8243,16.0,16.25,60.0,,15.0
89549319,Mina Bambas,2026-08-20,A,CHALCOBAMBA,Fase 01,TD073,4495,661,RP,8254,16.25,16.5833333333333,45.0000000000002,,15.0
89549320,Mina Bambas,2026-08-20,A,CHALCOBAMBA,Fase 01,TD073,4495,661,P,8264,16.5833333333333,16.9166666666667,44.9999999999997,,15.0
89549321,Mina Bambas,2026-08-20,A,CHALCOBAMBA,Fase 01,TD073,4495,661,P,8253,16.9166666666667,17.25,45.0000000000002,,15.0
89549322,Mina Bambas,2026-08-20,A,CHALCOBAMBA,Fase 01,TD073,4495,661,P,8261,17.25,17.8333333333333,25.7142857142858,,15.0
89549323,Mina Bambas,2026-08-20,A,CHALCOBAMBA,Fase 01,TD073,4495,661,P,8266,17.8333333333333,18.5,22.5,,15.0
89550324,Mina Bambas,2026-08-20,A,CHALCOBAMBA,Fase 01,TD074,4495,661,PS,9001,9.58333333333333,10.1,23.2258064516129,,12.0
89550325,Mina Bambas,2026-08-20,A,CHALCOBAMBA,Fase 01,TD074,4495,661,PS,9002,10.1,10.5166666666667,27.5999999999999,,11.5
89550326,Mina Bambas,2026-08-20,A,CHALCOBAMBA,Fase 01,TD074,4495,661,PS,9003,10.5166666666667,10.9166666666667,28.7500000000001,,11.5
89550327,Mina Bambas,2026-08-20,A,CHALCOBAMBA,Fase 01,TD074,4495,661,PS,9004,10.9166666666667,11.2833333333333,31.3636363636363,,11.5
89550328,Mina Bambas,2026-08-20,A,CHALCOBAMBA,Fase 01,TD074,4495,661,PS,9005,11.2833333333333,11.5833333333333,38.3333333333332,,11.5
89550329,Mina Bambas,2026-08-20,A,CHALCOBAMBA,Fase 01,TD074,4495,661,PS,9006,11.5833333333333,11.8833333333333,36.6666666666668,,11.0
89550330,Mina Bambas,2026-08-20,A,CHALCOBAMBA,Fase 01,TD074,4495,661,PS,9007,11.8833333333333,12.25,30.0,,11.0
89550331,Mina Bambas,2026-08-20,A,CHALCOBAMBA,Fase 01,TD074,4495,661,PS,9008,12.25,12.5833333333333,32.9999999999999,,11.0
89550332,Mina Bambas,2026-08-20,A,CHALCOBAMBA,Fase 01,TD074,4495,661,P,8089,12.8333333333333,13.2666666666667,24.2307692307692,,10.5
89550333,Mina Bambas,2026-08-20,A,CHALCOBAMBA,Fase 01,TD074,4495,661,P,8106,13.2666666666667,13.6833333333333,25.2,,10.5
89550334,Mina Bambas,2026-08-20,A,CHALCOBAMBA,Fase 01,TD074,4495,661,PS,9009,13.6833333333333,14.0,33.1578947368421,,10.5
89550335,Mina Bambas,2026-08-20,A,CHALCOBAMBA,Fase 01,TD074,4495,661,PS,9010,16.0,16.25,42.0,,10.5
89550336,Mina Bambas,2026-08-20,A,CHALCOBAMBA,Fase 01,TD074,4495,661,PS,9011,16.25,16.5333333333333,37.0588235294115,,10.5
89550337,Mina Bambas,2026-08-20,A,CHALCOBAMBA,Fase 01,TD074,4495,661,PS,9012,16.5333333333333,16.85,31.5789473684211,,10.0
89550338,Mina Bambas,2026-08-20,A,CHALCOBAMBA,Fase 01,TD074,4495,661,PS,9013,16.85,17.2,28.5714285714287,,10.0
89550339,Mina Bambas,2026-08-20,A,CHALCOBAMBA,Fase 01,TD074,4495,661,P,8084,17.2,17.5833333333333,26.0869565217392,,10.0
89550340,Mina Bambas,2026-08-20,A,CHALCOBAMBA,Fase 01,TD074,4495,661,P,8087,17.5833333333333,17.95,27.2727272727272,,10.0
89550341,Mina Bambas,2026-08-20,A,CHALCOBAMBA,Fase 01,TD074,4495,661,P,8066,17.95,18.3333333333333,26.0869565217392,,10.0
89551342,Mina Bambas,2026-08-20,A,FERROBAMBA,Fase 5S,TD076,3690,511,PC,5376,6.5,7.5,16.8,,16.8
89551343,Mina Bambas,2026-08-20,A,FERROBAMBA,Fase 5S,TD076,3690,511,PC,5363,8.91666666666667,9.83333333333333,18.3272727272727,,16.8
89551344,Mina Bambas,2026-08-20,A,FERROBAMBA,Fase 5S,TD076,3690,511,PC,5362,9.83333333333333,10.75,18.1090909090909,,16.6
89551345,Mina Bambas,2026-08-20,A,FERROBAMBA,Fase 5S,TD076,3690,511,PC,5361,10.75,11.4166666666667,24.9,,16.6
89551346,Mina Bambas,2026-08-20,A,FERROBAMBA,Fase 5S,TD076,3690,511,PC,5360,11.4166666666667,12.25,19.92,,16.6
89551347,Mina Bambas,2026-08-20,A,FERROBAMBA,Fase 5S,TD076,3690,511,PC,5383,12.25,12.9166666666667,24.9,,16.6
89551348,Mina Bambas,2026-08-20,A,FERROBAMBA,Fase 5S,TD076,3690,511,PC,5382,17.5,18.0,33.6,,16.8
89551349,Mina Bambas,2026-08-20,A,FERROBAMBA,Fase 5S,TD076,3690,511,PC,5359,18.0,18.5,33.6,,16.8
89552350,Mina Bambas,2026-08-20,A,CHALCOBAMBA,Fase 01,TD077,4465,576,PC,5058,8.0,8.58333333333333,29.8285714285714,,17.4
89552351,Mina Bambas,2026-08-20,A,CHALCOBAMBA,Fase 01,TD077,4465,576,PC,5057,8.58333333333333,9.16666666666667,29.8285714285715,,17.4
89552352,Mina Bambas,2026-08-20,A,CHALCOBAMBA,Fase 01,TD077,4465,576,PC,5056,9.16666666666667,9.75,29.8285714285714,,17.4
89552353,Mina Bambas,2026-08-20,A,CHALCOBAMBA,Fase 01,TD077,4465,576,PC,5055,9.75,10.3333333333333,29.8285714285714,,17.4
89552354,Mina Bambas,2026-08-20,A,CHALCOBAMBA,Fase 01,TD077,4465,576,PC,5054,10.3333333333333,10.9166666666667,29.8285714285715,,17.4
89552355,Mina Bambas,2026-08-20,A,CHALCOBAMBA,Fase 01,TD077,4465,576,PC,5053,10.9166666666667,11.6333333333333,24.4186046511628,,17.5
89552356,Mina Bambas,2026-08-20,A,CHALCOBAMBA,Fase 01,TD077,4465,576,PC,5046,11.6333333333333,12.1666666666667,32.8125,,17.5
89552357,Mina Bambas,2026-08-20,A,CHALCOBAMBA,Fase 01,TD077,4465,576,PC,5045,12.3333333333333,12.9166666666667,30.0000000000001,,17.5
89552358,Mina Bambas,2026-08-20,A,CHALCOBAMBA,Fase 01,TD077,4465,576,PC,5044,12.9166666666667,13.5,30.0,,17.5
89552359,Mina Bambas,2026-08-20,A,CHALCOBAMBA,Fase 01,TD077,4465,576,PC,5043,13.5,14.0833333333333,30.0,,17.5
89552360,Mina Bambas,2026-08-20,A,CHALCOBAMBA,Fase 01,TD077,4465,576,PS,9001,14.6666666666667,15.3,26.8421052631578,,17.0
89552361,Mina Bambas,2026-08-20,A,CHALCOBAMBA,Fase 01,TD077,4465,576,PS,9002,15.3,15.9333333333333,26.8421052631579,,17.0
89552362,Mina Bambas,2026-08-20,A,CHALCOBAMBA,Fase 01,TD077,4465,576,PS,9003,15.9333333333333,16.5666666666667,26.8421052631579,,17.0
89552363,Mina Bambas,2026-08-20,A,CHALCOBAMBA,Fase 01,TD077,4465,576,PS,9004,16.5666666666667,17.2,26.8421052631579,,17.0
89552364,Mina Bambas,2026-08-20,A,CHALCOBAMBA,Fase 01,TD077,4465,576,PS,9005,17.2,17.8333333333333,26.8421052631579,,17.0
89552365,Mina Bambas,2026-08-20,A,CHALCOBAMBA,Fase 01,TD077,4465,576,PS,9006,17.8333333333333,18.5,25.5,,17.0
89562467,Mina Bambas Rotativas - Ferrobamba,2026-08-20,B,FERROBAMBA,Fase 5S,TD092,3690,515,B2,311,6.5,7.16666666666667,24.45,,16.3
89562468,Mina Bambas Rotativas - Ferrobamba,2026-08-20,B,FERROBAMBA,Fase 5S,TD092,3690,515,D,2055,7.41666666666667,7.91666666666667,33.0,,16.5
89562469,Mina Bambas Rotativas - Ferrobamba,2026-08-20,B,FERROBAMBA,Fase 5S,TD092,3690,515,D,2042,8.0,8.58333333333333,29.1428571428571,,17.0
89562470,Mina Bambas Rotativas - Ferrobamba,2026-08-20,B,FERROBAMBA,Fase 5S,TD092,3690,515,D,2054,8.66666666666667,9.25,28.2857142857143,,16.5
89562471,Mina Bambas Rotativas - Ferrobamba,2026-08-20,B,FERROBAMBA,Fase 5S,TD092,3690,515,B2,310,9.33333333333333,9.83333333333333,32.4,,16.2
89562472,Mina Bambas Rotativas - Ferrobamba,2026-08-20,B,FERROBAMBA,Fase 5S,TD092,3690,515,B2,272,9.91666666666667,10.5833333333333,24.3,,16.2
89562473,Mina Bambas Rotativas - Ferrobamba,2026-08-20,B,FERROBAMBA,Fase 5S,TD092,3690,515,B1,233,11.25,11.6666666666667,39.6000000000001,,16.5
89562474,Mina Bambas Rotativas - Ferrobamba,2026-08-20,B,FERROBAMBA,Fase 5S,TD092,3690,515,B1,232,12.0,12.4166666666667,39.6000000000001,,16.5
89562475,Mina Bambas Rotativas - Ferrobamba,2026-08-20,B,FERROBAMBA,Fase 5S,TD092,3690,515,D,2023,12.5833333333333,13.0,32.64,,13.6
89562476,Mina Bambas Rotativas - Ferrobamba,2026-08-20,B,FERROBAMBA,Fase 5S,TD092,3690,515,D,2031,13.0666666666667,13.5,32.3076923076923,,14.0
89562477,Mina Bambas Rotativas - Ferrobamba,2026-08-20,B,FERROBAMBA,Fase 5S,TD092,3690,515,D,2030,13.6666666666667,14.1666666666667,28.0,,14.0
89562478,Mina Bambas Rotativas - Ferrobamba,2026-08-20,B,FERROBAMBA,Fase 5S,TD092,3690,515,D,2041,14.25,14.8333333333333,28.2857142857143,,16.5
89562479,Mina Bambas Rotativas - Ferrobamba,2026-08-20,B,FERROBAMBA,Fase 5S,TD092,3690,515,D,2053,15.0,15.4166666666667,40.8000000000001,,17.0
89562480,Mina Bambas Rotativas - Ferrobamba,2026-08-20,B,FERROBAMBA,Fase 5S,TD092,3690,515,B2,309,15.6666666666667,16.1666666666667,32.5999999999999,,16.3
89563481,Mina Bambas Rotativas - Chalcobamba,2026-08-20,B,CHALCOBAMBA,Fase 01,TD091,4465,575,B1,209,8.16666666666667,8.83333333333333,25.95,,17.3
89563482,Mina Bambas Rotativas - Chalcobamba,2026-08-20,B,CHALCOBAMBA,Fase 01,TD091,4465,575,B2,254,8.88333333333333,9.46666666666667,27.4285714285714,,16.0
89563483,Mina Bambas Rotativas - Chalcobamba,2026-08-20,B,CHALCOBAMBA,Fase 01,TD091,4465,575,B2,255,9.5,10.0833333333333,27.4285714285714,,16.0
89563484,Mina Bambas Rotativas - Chalcobamba,2026-08-20,B,CHALCOBAMBA,Fase 01,TD091,4465,575,B2,256,10.1166666666667,10.6666666666667,29.0909090909091,,16.0
89564489,Mina Bambas Rotativas - Ferrobamba,2026-08-20,B,FERROBAMBA,Fase 5S,TD091,3690,515,D,2040,13.0,13.6666666666667,24.75,,16.5
89564490,Mina Bambas Rotativas - Ferrobamba,2026-08-20,B,FERROBAMBA,Fase 5S,TD091,3690,515,B2,308,13.7,14.45,22.0,,16.5
89564491,Mina Bambas Rotativas - Ferrobamba,2026-08-20,B,FERROBAMBA,Fase 5S,TD091,3690,515,B2,271,14.5,15.0,33.0,,16.5
89564492,Mina Bambas Rotativas - Ferrobamba,2026-08-20,B,FERROBAMBA,Fase 5S,TD091,3690,515,B2,231,15.0333333333333,15.6,29.1176470588235,,16.5
89564493,Mina Bambas Rotativas - Ferrobamba,2026-08-20,B,FERROBAMBA,Fase 5S,TD091,3690,514,D,1503,15.6333333333333,16.1666666666667,30.9374999999999,,16.5
89568505,Mina Bambas,2026-08-20,B,FERROBAMBA,Fase 5S,TD030,3690,511,PC,5388,7.16666666666667,7.75,27.9428571428572,,16.3
89568506,Mina Bambas,2026-08-20,B,FERROBAMBA,Fase 5S,TD030,3690,511,PC,5389,7.75,8.33333333333333,27.9428571428571,,16.3
89568507,Mina Bambas,2026-08-20,B,FERROBAMBA,Fase 5S,TD030,3690,511,PC,5399,8.33333333333333,9.91666666666667,10.2947368421053,,16.3
89568508,Mina Bambas,2026-08-20,B,FERROBAMBA,Fase 5S,TD030,3690,511,PC,5400,9.91666666666667,10.5,27.9428571428571,,16.3
89568509,Mina Bambas,2026-08-20,B,FERROBAMBA,Fase 5S,TD030,3690,514,PS,9001,10.5,10.75,34.0,,8.5
89568510,Mina Bambas,2026-08-20,B,FERROBAMBA,Fase 5S,TD030,3690,514,PS,9002,10.75,11.0,34.0,,8.5
89568511,Mina Bambas,2026-08-20,B,FERROBAMBA,Fase 5S,TD030,3690,514,PS,9003,11.0,11.25,34.0,,8.5
89568512,Mina Bambas,2026-08-20,B,FERROBAMBA,Fase 5S,TD030,3690,514,PS,9004,11.25,11.5,34.0,,8.5
89568513,Mina Bambas,2026-08-20,B,FERROBAMBA,Fase 5S,TD030,3690,514,PS,9005,11.5,11.8333333333333,25.5,,8.5
89568514,Mina Bambas,2026-08-20,B,FERROBAMBA,Fase 5S,TD030,3690,514,PS,9006,11.8333333333333,12.0833333333333,34.0,,8.5
89568515,Mina Bambas,2026-08-20,B,FERROBAMBA,Fase 5S,TD030,3690,514,PS,9007,12.0833333333333,12.3333333333333,34.0,,8.5
89568516,Mina Bambas,2026-08-20,B,FERROBAMBA,Fase 5S,TD030,3690,514,PS,9008,12.3333333333333,12.6666666666667,25.5000000000001,,8.5
89568517,Mina Bambas,2026-08-20,B,FERROBAMBA,Fase 5S,TD030,3690,514,PS,9009,12.6666666666667,13.0,25.5,,8.5
89568518,Mina Bambas,2026-08-20,B,FERROBAMBA,Fase 5S,TD030,3690,514,PS,9010,13.0,13.3333333333333,25.5,,8.5
89568519,Mina Bambas,2026-08-20,B,FERROBAMBA,Fase 5S,TD030,3690,514,PS,9011,13.3333333333333,13.6666666666667,25.5000000000001,,8.5
89568520,Mina Bambas,2026-08-20,B,FERROBAMBA,Fase 5S,TD030,3690,514,PS,9012,13.6666666666667,14.0,25.5,,8.5
89568521,Mina Bambas,2026-08-20,B,FERROBAMBA,Fase 5S,TD030,3690,514,PS,9013,14.0,14.3333333333333,25.5,,8.5
89568522,Mina Bambas,2026-08-20,B,FERROBAMBA,Fase 5S,TD030,3690,514,PS,9014,14.3333333333333,14.6666666666667,25.5000000000001,,8.5
89568523,Mina Bambas,2026-08-20,B,FERROBAMBA,Fase 5S,TD030,3690,514,PS,9015,14.6666666666667,15.0,25.5,,8.5
89568524,Mina Bambas,2026-08-20,B,FERROBAMBA,Fase 5S,TD030,3690,514,PS,9016,15.0,15.3333333333333,25.5,,8.5
89568525,Mina Bambas,2026-08-20,B,FERROBAMBA,Fase 5S,TD030,3690,514,PS,9017,15.3333333333333,15.6666666666667,25.5000000000001,,8.5
89568526,Mina Bambas,2026-08-20,B,FERROBAMBA,Fase 5S,TD030,3690,511,PC,5410,15.6666666666667,16.3333333333333,24.45,,16.3
89568527,Mina Bambas,2026-08-20,B,FERROBAMBA,Fase 5S,TD030,3690,511,PC,5411,16.3333333333333,17.0,24.45,,16.3
89568528,Mina Bambas,2026-08-20,B,FERROBAMBA,Fase 5S,TD030,3690,511,PC,5412,17.0,17.6666666666667,24.45,,16.3
89578541,Mina Bambas,2026-08-20,B,CHALCOBAMBA,Fase 01,TD073,4495,661,P,8259,7.91666666666667,8.36666666666667,34.4444444444444,,15.5
89578542,Mina Bambas,2026-08-20,B,CHALCOBAMBA,Fase 01,TD073,4495,661,P,8246,8.36666666666667,8.8,35.7692307692308,,15.5
89578543,Mina Bambas,2026-08-20,B,CHALCOBAMBA,Fase 01,TD073,4495,661,P,8215,8.8,9.28333333333333,32.0689655172414,,15.5
89578544,Mina Bambas,2026-08-20,B,CHALCOBAMBA,Fase 01,TD073,4495,661,P,8233,9.28333333333333,9.8,30.0,,15.5
89578545,Mina Bambas,2026-08-20,B,CHALCOBAMBA,Fase 01,TD073,4495,661,P,8245,9.8,10.3166666666667,30.0000000000001,,15.5
89578546,Mina Bambas,2026-08-20,B,CHALCOBAMBA,Fase 01,TD073,4495,661,P,8263,10.3166666666667,10.8,33.103448275862,,16.0
89578547,Mina Bambas,2026-08-20,B,CHALCOBAMBA,Fase 01,TD073,4495,661,P,8260,10.8,11.1666666666667,43.6363636363638,,16.0
89578548,Mina Bambas,2026-08-20,B,CHALCOBAMBA,Fase 01,TD073,4495,661,P,8259,13.3333333333333,13.8,34.2857142857143,,16.0
89578549,Mina Bambas,2026-08-20,B,CHALCOBAMBA,Fase 01,TD073,4495,661,P,8247,13.8,14.3,32.0,,16.0
89578550,Mina Bambas,2026-08-20,B,CHALCOBAMBA,Fase 01,TD073,4495,661,PS,9001,14.3,14.8166666666667,30.9677419354839,,16.0
89578551,Mina Bambas,2026-08-20,B,CHALCOBAMBA,Fase 01,TD073,4495,661,PS,9002,14.8166666666667,15.35,30.0,,16.0
89578552,Mina Bambas,2026-08-20,B,CHALCOBAMBA,Fase 01,TD073,4495,661,PS,9003,15.35,15.85,32.0,,16.0
89578553,Mina Bambas,2026-08-20,B,CHALCOBAMBA,Fase 01,TD073,4495,661,P,8292,15.85,16.1833333333333,47.9999999999999,,16.0
89578554,Mina Bambas,2026-08-20,B,CHALCOBAMBA,Fase 01,TD073,4495,661,P,8285,16.1833333333333,16.5666666666667,41.7391304347827,,16.0
89578555,Mina Bambas,2026-08-20,B,CHALCOBAMBA,Fase 01,TD073,4495,661,P,8288,16.5666666666667,16.9333333333333,43.6363636363636,,16.0
89578556,Mina Bambas,2026-08-20,B,CHALCOBAMBA,Fase 01,TD073,4495,661,P,8286,16.9333333333333,17.5166666666667,27.4285714285715,,16.0
89578557,Mina Bambas,2026-08-20,B,CHALCOBAMBA,Fase 01,TD073,4495,661,P,8277,17.5166666666667,17.9333333333333,38.3999999999999,,16.0
89578558,Mina Bambas,2026-08-20,B,CHALCOBAMBA,Fase 01,TD073,4495,661,PS,9004,17.9333333333333,18.3333333333333,40.0000000000001,,16.0
89579559,Mina Bambas,2026-08-20,B,CHALCOBAMBA,Fase 01,TD074,4495,661,P,8073,8.0,8.5,18.8,,9.4
89579560,Mina Bambas,2026-08-20,B,CHALCOBAMBA,Fase 01,TD074,4495,661,P,8052,8.5,9.0,18.0,,9.0
89579561,Mina Bambas,2026-08-20,B,CHALCOBAMBA,Fase 01,TD074,4495,661,P,8053,9.16666666666667,9.58333333333333,21.5999999999999,,9.0
89579562,Mina Bambas,2026-08-20,B,CHALCOBAMBA,Fase 01,TD074,4495,661,P,8029,9.58333333333333,10.1666666666667,14.9142857142857,,8.7
89579563,Mina Bambas,2026-08-20,B,CHALCOBAMBA,Fase 01,TD074,4495,661,P,8010,10.1666666666667,10.5,23.7,,7.9
89579564,Mina Bambas,2026-08-20,B,CHALCOBAMBA,Fase 01,TD074,4495,661,PS,9001,13.25,13.6666666666667,19.2,,8.0
89579565,Mina Bambas,2026-08-20,B,CHALCOBAMBA,Fase 01,TD074,4495,661,PS,9002,13.6666666666667,14.0,24.0,,8.0
89579566,Mina Bambas,2026-08-20,B,CHALCOBAMBA,Fase 01,TD074,4495,661,PS,9003,14.0,14.5,20.0,,10.0
89579567,Mina Bambas,2026-08-20,B,CHALCOBAMBA,Fase 01,TD074,4495,661,PS,9004,14.5,14.6666666666667,12.0,,2.0
89579568,Mina Bambas,2026-08-20,B,CHALCOBAMBA,Fase 01,TD074,4495,661,PS,9005,14.6666666666667,14.8333333333333,11.9999999999999,,2.0
89579569,Mina Bambas,2026-08-20,B,CHALCOBAMBA,Fase 01,TD074,4495,661,PS,9006,14.8333333333333,15.1666666666667,24.0000000000001,,8.0
89579570,Mina Bambas,2026-08-20,B,CHALCOBAMBA,Fase 01,TD074,4495,661,PS,9007,15.1666666666667,15.5,24.0,,8.0
89579571,Mina Bambas,2026-08-20,B,CHALCOBAMBA,Fase 01,TD074,4495,661,PS,9008,15.5,15.8333333333333,24.0,,8.0
89579572,Mina Bambas,2026-08-20,B,CHALCOBAMBA,Fase 01,TD074,4495,661,PS,9009,15.8333333333333,16.0833333333333,32.0000000000002,,8.0
89579573,Mina Bambas,2026-08-20,B,CHALCOBAMBA,Fase 01,TD074,4495,661,PS,9010,16.0833333333333,16.3333333333333,32.0,,8.0
89579574,Mina Bambas,2026-08-20,B,CHALCOBAMBA,Fase 01,TD074,4495,661,PS,9011,16.3333333333333,16.6666666666667,20.9999999999999,,7.0
89579575,Mina Bambas,2026-08-20,B,CHALCOBAMBA,Fase 01,TD074,4495,661,PS,9012,16.8333333333333,17.1666666666667,20.9999999999999,,7.0
89579576,Mina Bambas,2026-08-20,B,CHALCOBAMBA,Fase 01,TD074,4495,661,PS,9013,17.25,17.5,28.0,,7.0
89579577,Mina Bambas,2026-08-20,B,CHALCOBAMBA,Fase 01,TD074,4495,661,PS,9014,17.5,17.8333333333333,21.0000000000001,,7.0
89580578,Mina Bambas,2026-08-20,B,FERROBAMBA,Fase 5S,TD076,3690,511,PC,5338,6.5,7.25,22.0,,16.5
89580579,Mina Bambas,2026-08-20,B,FERROBAMBA,Fase 5S,TD076,3690,511,PC,5337,7.5,8.16666666666667,24.75,,16.5
89580580,Mina Bambas,2026-08-20,B,FERROBAMBA,Fase 5S,TD076,3690,511,PC,5336,8.16666666666667,8.91666666666667,22.0,,16.5
89580581,Mina Bambas,2026-08-20,B,FERROBAMBA,Fase 5S,TD076,3690,511,RPC,5382,9.16666666666667,9.83333333333333,24.75,,16.5
89580582,Mina Bambas,2026-08-20,B,FERROBAMBA,Fase 5S,TD076,3690,511,RPC,5383,9.83333333333333,10.4166666666667,28.2857142857143,,16.5
89580583,Mina Bambas,2026-08-20,B,FERROBAMBA,Fase 5S,TD076,3690,511,PC,5390,10.4166666666667,11.0,28.2857142857143,,16.5
89580584,Mina Bambas,2026-08-20,B,FERROBAMBA,Fase 5S,TD076,3690,511,PC,5391,11.0,11.75,22.0,,16.5
89580585,Mina Bambas,2026-08-20,B,FERROBAMBA,Fase 5S,TD076,3690,511,PC,5392,11.75,12.3333333333333,28.2857142857143,,16.5
89580586,Mina Bambas,2026-08-20,B,FERROBAMBA,Fase 5S,TD076,3690,511,PC,5393,12.3333333333333,13.0,24.75,,16.5
89580587,Mina Bambas,2026-08-20,B,FERROBAMBA,Fase 5S,TD076,3690,511,PC,5394,13.0,13.5833333333333,28.2857142857143,,16.5
89580588,Mina Bambas,2026-08-20,B,FERROBAMBA,Fase 5S,TD076,3690,511,PC,5395,13.5833333333333,14.25,24.75,,16.5
89580589,Mina Bambas,2026-08-20,B,FERROBAMBA,Fase 5S,TD076,3690,511,PC,5396,14.25,14.9166666666667,24.75,,16.5
89580590,Mina Bambas,2026-08-20,B,FERROBAMBA,Fase 5S,TD076,3690,511,PC,5397,14.9166666666667,15.5833333333333,24.75,,16.5
89580591,Mina Bambas,2026-08-20,B,FERROBAMBA,Fase 5S,TD076,3690,511,PC,5398,15.5833333333333,16.3333333333333,22.0000000000001,,16.5
89580592,Mina Bambas,2026-08-20,B,FERROBAMBA,Fase 5S,TD076,3690,511,PC,5407,16.3333333333333,17.1666666666667,19.7999999999999,,16.5
89581593,Mina Bambas,2026-08-20,B,CHALCOBAMBA,Fase 01,TD077,4465,576,PC,5035,8.58333333333333,9.16666666666667,30.1714285714286,,17.6
89581594,Mina Bambas,2026-08-20,B,CHALCOBAMBA,Fase 01,TD077,4465,576,PC,5034,9.16666666666667,9.91666666666667,23.4666666666667,,17.6
89581595,Mina Bambas,2026-08-20,B,CHALCOBAMBA,Fase 01,TD077,4465,576,PC,5042,9.91666666666667,10.5833333333333,26.4,,17.6
89581596,Mina Bambas,2026-08-20,B,CHALCOBAMBA,Fase 01,TD077,4465,576,PC,5041,10.5833333333333,11.25,26.4,,17.6
89581597,Mina Bambas,2026-08-20,B,CHALCOBAMBA,Fase 01,TD077,4465,576,PC,5040,11.5,12.1666666666667,26.4,,17.6
89581598,Mina Bambas,2026-08-20,B,CHALCOBAMBA,Fase 01,TD077,4465,576,PC,5039,12.1666666666667,12.8333333333333,26.4,,17.6
89581599,Mina Bambas,2026-08-20,B,CHALCOBAMBA,Fase 01,TD077,4465,576,PC,5038,12.8333333333333,13.5,26.4,,17.6
89581600,Mina Bambas,2026-08-20,B,CHALCOBAMBA,Fase 01,TD077,4465,576,PC,5037,13.5,14.1666666666667,26.4,,17.6
89581601,Mina Bambas,2026-08-20,B,CHALCOBAMBA,Fase 01,TD077,4465,576,PC,5036,14.1666666666667,14.8333333333333,26.4,,17.6
89581602,Mina Bambas,2026-08-20,B,CHALCOBAMBA,Fase 01,TD077,4465,576,PC,5033,14.8333333333333,15.5,26.4,,17.6
89581603,Mina Bambas,2026-08-20,B,CHALCOBAMBA,Fase 01,TD077,4465,576,RPC,5032,15.5,16.1666666666667,26.4,,17.6
89581604,Mina Bambas,2026-08-20,B,CHALCOBAMBA,Fase 01,TD077,4465,576,PC,5032,16.1666666666667,16.9166666666667,23.4666666666667,,17.6
89581605,Mina Bambas,2026-08-20,B,CHALCOBAMBA,Fase 01,TD077,4465,576,PC,5031,16.9166666666667,17.5833333333333,26.4000000000001,,17.6
89581606,Mina Bambas,2026-08-20,B,CHALCOBAMBA,Fase 01,TD077,4465,576,PC,5030,17.8333333333333,18.5,26.4,,17.6
89582607,Mina Bambas,2026-08-20,B,PROYECTOS - FERROBAMBA,Fase 5S,TD079,3950,TRAMO 3,P,97,6.5,6.6,20.0000000000001,,2.0
89582608,Mina Bambas,2026-08-20,B,PROYECTOS - FERROBAMBA,Fase 5S,TD079,3950,TRAMO 3,P,21,6.6,6.7,37.9999999999998,,3.8
89582609,Mina Bambas,2026-08-20,B,PROYECTOS - FERROBAMBA,Fase 5S,TD079,3950,TRAMO 3,P,36,6.7,6.83333333333333,31.5000000000001,,4.2
89582610,Mina Bambas,2026-08-20,B,PROYECTOS - FERROBAMBA,Fase 5S,TD079,3950,TRAMO 3,P,231,6.83333333333333,6.91666666666667,33.5999999999998,,2.8
89582611,Mina Bambas,2026-08-20,B,PROYECTOS - FERROBAMBA,Fase 5S,TD079,3950,TRAMO 3,P,39,6.91666666666667,7.0,24.0000000000001,,2.0
89582612,Mina Bambas,2026-08-20,B,PROYECTOS - FERROBAMBA,Fase 5S,TD079,3950,TRAMO 3,P,182,7.0,7.1,20.0000000000001,,2.0
89582613,Mina Bambas,2026-08-20,B,PROYECTOS - FERROBAMBA,Fase 5S,TD079,3950,TRAMO 3,P,165,7.1,7.2,19.9999999999999,,2.0
89582614,Mina Bambas,2026-08-20,B,PROYECTOS - FERROBAMBA,Fase 5S,TD079,3950,TRAMO 3,P,197,7.2,7.33333333333333,15.0000000000001,,2.0
89582615,Mina Bambas,2026-08-20,B,PROYECTOS - FERROBAMBA,Fase 5S,TD079,3950,TRAMO 3,P,9001,7.33333333333333,7.43333333333333,19.9999999999999,,2.0
89582616,Mina Bambas,2026-08-20,B,PROYECTOS - FERROBAMBA,Fase 5S,TD079,3950,TRAMO 3,P,25,7.43333333333333,7.5,57.0000000000002,,3.8
89582617,Mina Bambas,2026-08-20,B,PROYECTOS - FERROBAMBA,Fase 5S,TD079,3950,TRAMO 3,P,243,8.08333333333333,8.2,24.0000000000003,,2.8
89582618,Mina Bambas,2026-08-20,B,PROYECTOS - FERROBAMBA,Fase 5S,TD079,3950,TRAMO 3,P,252,8.2,8.3,29.9999999999996,,3.0
89582619,Mina Bambas,2026-08-20,B,PROYECTOS - FERROBAMBA,Fase 5S,TD079,3950,TRAMO 3,P,163,8.3,8.4,20.0000000000001,,2.0
89582620,Mina Bambas,2026-08-20,B,PROYECTOS - FERROBAMBA,Fase 5S,TD079,3950,TRAMO 3,P,245,8.4,8.5,30.0000000000001,,3.0
89582621,Mina Bambas,2026-08-20,B,PROYECTOS - FERROBAMBA,Fase 5S,TD079,3950,TRAMO 3,P,194,8.5,8.6,20.0000000000001,,2.0
89582622,Mina Bambas,2026-08-20,B,PROYECTOS - FERROBAMBA,Fase 5S,TD079,3950,TRAMO 3,P,157,8.6,8.7,20.0000000000001,,2.0
89582623,Mina Bambas,2026-08-20,B,PROYECTOS - FERROBAMBA,Fase 5S,TD079,3950,TRAMO 3,P,237,8.7,8.8,27.9999999999996,,2.8
89582624,Mina Bambas,2026-08-20,B,PROYECTOS - FERROBAMBA,Fase 5S,TD079,3950,TRAMO 3,P,242,8.8,8.9,20.0000000000001,,2.0
89582625,Mina Bambas,2026-08-20,B,PROYECTOS - FERROBAMBA,Fase 5S,TD079,3950,TRAMO 3,P,225,8.9,9.0,27.0000000000001,,2.7
89582626,Mina Bambas,2026-08-20,B,PROYECTOS - FERROBAMBA,Fase 5S,TD079,3950,TRAMO 3,P,226,9.0,9.1,25.0000000000001,,2.5
89582627,Mina Bambas,2026-08-20,B,PROYECTOS - FERROBAMBA,Fase 5S,TD079,3950,TRAMO 3,P,196,9.1,9.2,20.0000000000001,,2.0
89582628,Mina Bambas,2026-08-20,B,PROYECTOS - FERROBAMBA,Fase 5S,TD079,3950,TRAMO 3,P,167,9.2,9.3,19.9999999999997,,2.0
89582629,Mina Bambas,2026-08-20,B,PROYECTOS - FERROBAMBA,Fase 5S,TD079,3950,TRAMO 3,P,9002,9.3,9.4,30.0000000000001,,3.0
89582630,Mina Bambas,2026-08-20,B,PROYECTOS - FERROBAMBA,Fase 5S,TD079,3950,TRAMO 3,P,241,9.4,9.5,27.0000000000001,,2.7
89582631,Mina Bambas,2026-08-20,B,PROYECTOS - FERROBAMBA,Fase 5S,TD079,3950,TRAMO 3,P,249,9.5,9.6,25.0000000000001,,2.5
89582632,Mina Bambas,2026-08-20,B,PROYECTOS - FERROBAMBA,Fase 5S,TD079,3950,TRAMO 3,P,238,9.6,9.7,29.0000000000001,,2.9
89582633,Mina Bambas,2026-08-20,B,PROYECTOS - FERROBAMBA,Fase 5S,TD079,3950,TRAMO 3,P,233,9.7,9.8,24.9999999999996,,2.5
89582634,Mina Bambas,2026-08-20,B,PROYECTOS - FERROBAMBA,Fase 5S,TD079,3950,TRAMO 3,P,193,9.8,10.0,10.0,,2.0
89582635,Mina Bambas,2026-08-20,B,PROYECTOS - FERROBAMBA,Fase 5S,TD079,3950,TRAMO 3,P,247,10.0,10.1,30.0000000000001,,3.0
89582636,Mina Bambas,2026-08-20,B,PROYECTOS - FERROBAMBA,Fase 5S,TD079,3950,TRAMO 3,P,9003,10.1,10.2,30.0000000000001,,3.0
89582637,Mina Bambas,2026-08-20,B,PROYECTOS - FERROBAMBA,Fase 5S,TD079,3950,TRAMO 3,P,42,10.2,10.3,33.9999999999995,,3.4
89582638,Mina Bambas,2026-08-20,B,PROYECTOS - FERROBAMBA,Fase 5S,TD079,3950,TRAMO 3,P,9004,10.3,10.4,35.0000000000001,,3.5
89582639,Mina Bambas,2026-08-20,B,PROYECTOS - FERROBAMBA,Fase 5S,TD079,3950,TRAMO 3,P,255,10.4,10.5,25.0000000000001,,2.5
89582640,Mina Bambas,2026-08-20,B,PROYECTOS - FERROBAMBA,Fase 5S,TD079,3950,TRAMO 3,P,23,10.5,10.6,34.0000000000001,,3.4
89582641,Mina Bambas,2026-08-20,B,PROYECTOS - FERROBAMBA,Fase 5S,TD079,3950,TRAMO 3,P,223,10.6,10.7,20.0000000000001,,2.0
89582642,Mina Bambas,2026-08-20,B,PROYECTOS - FERROBAMBA,Fase 5S,TD079,3950,TRAMO 3,P,7,10.7,10.8,29.9999999999996,,3.0
89582643,Mina Bambas,2026-08-20,B,PROYECTOS - FERROBAMBA,Fase 5S,TD079,3950,TRAMO 3,P,215,10.8,10.9,20.0000000000001,,2.0
89582644,Mina Bambas,2026-08-20,B,PROYECTOS - FERROBAMBA,Fase 5S,TD079,3950,TRAMO 3,P,14,10.9,11.0,38.0000000000001,,3.8
89582645,Mina Bambas,2026-08-20,B,PROYECTOS - FERROBAMBA,Fase 5S,TD079,3950,TRAMO 3,P,9005,11.0,11.1,35.0000000000001,,3.5
89582646,Mina Bambas,2026-08-20,B,PROYECTOS - FERROBAMBA,Fase 5S,TD079,3950,TRAMO 3,P,9006,11.1,11.2,20.0000000000001,,2.0
89582647,Mina Bambas,2026-08-20,B,PROYECTOS - FERROBAMBA,Fase 5S,TD079,3950,TRAMO 3,P,9007,11.2,11.3,34.9999999999995,,3.5
89582648,Mina Bambas,2026-08-20,B,PROYECTOS - FERROBAMBA,Fase 5S,TD079,3950,TRAMO 3,P,9008,11.3,11.4,35.0000000000001,,3.5
89582649,Mina Bambas,2026-08-20,B,PROYECTOS - FERROBAMBA,Fase 5S,TD079,3950,TRAMO 3,P,9009,11.4,11.5,30.0000000000001,,3.0
89582650,Mina Bambas,2026-08-20,B,PROYECTOS - FERROBAMBA,Fase 5S,TD079,3950,TRAMO 3,P,9010,11.5,11.6,20.0000000000001,,2.0
89582651,Mina Bambas,2026-08-20,B,PROYECTOS - FERROBAMBA,Fase 5S,TD079,3950,TRAMO 3,P,9011,11.6,11.7,35.0000000000001,,3.5
89582652,Mina Bambas,2026-08-20,B,PROYECTOS - FERROBAMBA,Fase 5S,TD079,3950,TRAMO 3,P,9012,11.7,11.8,34.9999999999995,,3.5
89582653,Mina Bambas,2026-08-20,B,PROYECTOS - FERROBAMBA,Fase 5S,TD079,3950,TRAMO 3,P,9013,11.8,11.8666666666667,52.5000000000002,,3.5
89582654,Mina Bambas,2026-08-20,B,PROYECTOS - FERROBAMBA,Fase 5S,TD079,3950,TRAMO 3,P,17,11.8666666666667,12.0,27.0000000000001,,3.6
89582655,Mina Bambas,2026-08-20,B,PROYECTOS - FERROBAMBA,Fase 5S,TD079,3950,TRAMO 3,P,61,12.0,12.1,36.0000000000001,,3.6
89582656,Mina Bambas,2026-08-20,B,PROYECTOS - FERROBAMBA,Fase 5S,TD079,3950,TRAMO 3,P,54,12.1,12.2,35.0000000000001,,3.5
89582657,Mina Bambas,2026-08-20,B,PROYECTOS - FERROBAMBA,Fase 5S,TD079,3950,TRAMO 3,P,57,12.2,12.3,40.9999999999994,,4.1
89582658,Mina Bambas,2026-08-20,B,PROYECTOS - FERROBAMBA,Fase 5S,TD079,3950,TRAMO 3,P,32,12.3,12.4,41.0000000000001,,4.1
89582659,Mina Bambas,2026-08-20,B,PROYECTOS - FERROBAMBA,Fase 5S,TD079,3950,TRAMO 3,P,55,12.4,12.5,43.0000000000001,,4.3
89582660,Mina Bambas,2026-08-20,B,PROYECTOS - FERROBAMBA,Fase 5S,TD079,3950,TRAMO 3,P,71,12.5,12.6,45.0000000000002,,4.5
89582661,Mina Bambas,2026-08-20,B,PROYECTOS - FERROBAMBA,Fase 5S,TD079,3950,TRAMO 3,P,64,12.6,12.7,45.0000000000002,,4.5
89582662,Mina Bambas,2026-08-20,B,PROYECTOS - FERROBAMBA,Fase 5S,TD079,3950,TRAMO 3,P,70,12.7,12.8,46.9999999999993,,4.7
89582663,Mina Bambas,2026-08-20,B,PROYECTOS - FERROBAMBA,Fase 5S,TD079,3950,TRAMO 3,P,208,12.8,12.8666666666667,31.5000000000001,,2.1
89582664,Mina Bambas,2026-08-20,B,PROYECTOS - FERROBAMBA,Fase 5S,TD079,3950,TRAMO 3,P,222,12.8666666666667,13.0,18.7500000000001,,2.5
89582665,Mina Bambas,2026-08-20,B,PROYECTOS - FERROBAMBA,Fase 5S,TD079,3950,TRAMO 3,P,48,13.0,13.1,31.0000000000001,,3.1
89582666,Mina Bambas,2026-08-20,B,PROYECTOS - FERROBAMBA,Fase 5S,TD079,3950,TRAMO 3,P,189,13.1,13.2,20.0000000000001,,2.0
89582667,Mina Bambas,2026-08-20,B,PROYECTOS - FERROBAMBA,Fase 5S,TD079,3950,TRAMO 3,P,210,13.2,13.3333333333333,15.7499999999998,,2.1
89582668,Mina Bambas,2026-08-20,B,PROYECTOS - FERROBAMBA,Fase 5S,TD079,3950,TRAMO 3,P,15,13.3333333333333,13.4666666666667,27.7500000000001,,3.7
89582669,Mina Bambas,2026-08-20,B,PROYECTOS - FERROBAMBA,Fase 5S,TD079,3950,TRAMO 3,P,76,13.4666666666667,13.6,36.0000000000001,,4.8
89582670,Mina Bambas,2026-08-20,B,PROYECTOS - FERROBAMBA,Fase 5S,TD079,3950,TRAMO 3,P,28,13.6,13.7333333333333,18.0000000000001,,2.4
89582671,Mina Bambas,2026-08-20,B,PROYECTOS - FERROBAMBA,Fase 5S,TD079,3950,TRAMO 3,P,82,13.7333333333333,13.9,28.1999999999998,,4.7
89582672,Mina Bambas,2026-08-20,B,PROYECTOS - FERROBAMBA,Fase 5S,TD079,3950,TRAMO 3,P,60,13.9,14.0666666666667,27.0000000000001,,4.5
89582673,Mina Bambas,2026-08-20,B,PROYECTOS - FERROBAMBA,Fase 5S,TD079,3950,TRAMO 3,P,251,14.0666666666667,14.2333333333333,18.6000000000001,,3.1
89582674,Mina Bambas,2026-08-20,B,PROYECTOS - FERROBAMBA,Fase 5S,TD079,3950,TRAMO 3,P,87,14.2333333333333,14.4,28.7999999999998,,4.8
89582675,Mina Bambas,2026-08-20,B,PROYECTOS - FERROBAMBA,Fase 5S,TD079,3950,TRAMO 3,P,94,14.4,14.5333333333333,38.2500000000001,,5.1
89582676,Mina Bambas,2026-08-20,B,PROYECTOS - FERROBAMBA,Fase 5S,TD079,3950,TRAMO 3,P,35,14.5333333333333,14.7,24.6000000000001,,4.1
89582677,Mina Bambas,2026-08-20,B,PROYECTOS - FERROBAMBA,Fase 5S,TD079,3950,TRAMO 3,P,53,14.7,14.8666666666667,26.9999999999998,,4.5
89582678,Mina Bambas,2026-08-20,B,PROYECTOS - FERROBAMBA,Fase 5S,TD079,3950,TRAMO 3,P,22,14.8666666666667,15.0333333333333,24.6000000000001,,4.1
89582679,Mina Bambas,2026-08-20,B,PROYECTOS - FERROBAMBA,Fase 5S,TD079,3950,TRAMO 3,P,4,15.0333333333333,15.2,21.6000000000001,,3.6
89582680,Mina Bambas,2026-08-20,B,PROYECTOS - FERROBAMBA,Fase 5S,TD079,3950,TRAMO 3,P,13,15.2,15.3666666666667,24.5999999999998,,4.1
89582681,Mina Bambas,2026-08-20,B,PROYECTOS - FERROBAMBA,Fase 5S,TD079,3950,TRAMO 3,P,40,15.3666666666667,15.5333333333333,25.2000000000001,,4.2
89582682,Mina Bambas,2026-08-20,B,PROYECTOS - FERROBAMBA,Fase 5S,TD079,3950,TRAMO 3,P,58,15.5333333333333,15.7,25.2000000000001,,4.2
89582683,Mina Bambas,2026-08-20,B,PROYECTOS - FERROBAMBA,Fase 5S,TD079,3950,TRAMO 3,P,67,15.7,15.8666666666667,28.1999999999998,,4.7
89582684,Mina Bambas,2026-08-20,B,PROYECTOS - FERROBAMBA,Fase 5S,TD079,3950,TRAMO 3,P,69,15.8666666666667,16.1,20.1428571428571,,4.7
89582685,Mina Bambas,2026-08-20,B,PROYECTOS - FERROBAMBA,Fase 5S,TD079,3950,TRAMO 3,P,77,16.1,16.2666666666667,28.8000000000004,,4.8
89582686,Mina Bambas,2026-08-20,B,PROYECTOS - FERROBAMBA,Fase 5S,TD079,3950,TRAMO 3,P,68,16.2666666666667,16.4666666666667,24.5000000000001,,4.9
89582687,Mina Bambas,2026-08-20,B,PROYECTOS - FERROBAMBA,Fase 5S,TD079,3950,TRAMO 3,P,78,16.4666666666667,16.65,26.1818181818181,,4.8
89582688,Mina Bambas,2026-08-20,B,PROYECTOS - FERROBAMBA,Fase 5S,TD079,3950,TRAMO 3,P,83,16.65,16.8333333333333,26.1818181818181,,4.8
89582689,Mina Bambas,2026-08-20,B,PROYECTOS - FERROBAMBA,Fase 5S,TD079,3950,TRAMO 3,P,79,16.8333333333333,17.0333333333333,23.9999999999997,,4.8
89582690,Mina Bambas,2026-08-20,B,PROYECTOS - FERROBAMBA,Fase 5S,TD079,3950,TRAMO 3,P,72,17.0333333333333,17.2,28.8000000000004,,4.8
89582691,Mina Bambas,2026-08-20,B,PROYECTOS - FERROBAMBA,Fase 5S,TD079,3950,TRAMO 3,P,81,17.2,17.4166666666667,22.153846153846,,4.8
89582692,Mina Bambas,2026-08-20,B,PROYECTOS - FERROBAMBA,Fase 5S,TD079,3950,TRAMO 3,P,9014,17.4166666666667,17.5833333333333,21.0000000000003,,3.5
89583693,Mina Bambas,2026-08-20,B,FERROBAMBA,Fase 5E,TD012,3930,061,PC,6015,7.91666666666667,8.5,25.3714285714286,,14.8
89583694,Mina Bambas,2026-08-20,B,FERROBAMBA,Fase 5E,TD012,3930,061,PC,6016,8.5,9.0,29.6,,14.8
89583695,Mina Bambas,2026-08-20,B,FERROBAMBA,Fase 5E,TD012,3930,061,PC,6017,9.0,9.5,29.6,,14.8
89583696,Mina Bambas,2026-08-20,B,FERROBAMBA,Fase 5E,TD012,3930,061,PC,6018,9.5,10.1666666666667,22.2,,14.8
89583697,Mina Bambas,2026-08-20,B,FERROBAMBA,Fase 5E,TD012,3930,061,PC,6019,10.1666666666667,10.5,44.3999999999999,,14.8
89583698,Mina Bambas,2026-08-20,B,FERROBAMBA,Fase 5E,TD012,3930,061,PC,6020,10.5,11.0,29.6,,14.8
89583699,Mina Bambas,2026-08-20,B,FERROBAMBA,Fase 5E,TD012,3930,061,PC,6021,11.0,11.5,29.6,,14.8
89583700,Mina Bambas,2026-08-20,B,FERROBAMBA,Fase 5E,TD012,3930,061,PC,6022,11.5,12.0,30.6,,15.3
89583701,Mina Bambas,2026-08-20,B,FERROBAMBA,Fase 5E,TD012,3930,061,PC,6023,12.0,12.5,30.6,,15.3
89583702,Mina Bambas,2026-08-20,B,FERROBAMBA,Fase 5E,TD012,3930,061,PC,6024,12.5,13.0,30.6,,15.3
89583703,Mina Bambas,2026-08-20,B,FERROBAMBA,Fase 5E,TD012,3930,061,RP,2038,13.0,13.3333333333333,44.3999999999999,,14.8
89583704,Mina Bambas,2026-08-20,B,FERROBAMBA,Fase 5E,TD012,3930,061,P,2059,13.3333333333333,13.8333333333333,29.6,,14.8
89584705,Mina Bambas,2026-08-20,B,FERROBAMBA,Fase 5E,TD080,3915,058,PS,9001,7.83333333333333,8.5,24.3,,16.2
89584706,Mina Bambas,2026-08-20,B,FERROBAMBA,Fase 5E,TD080,3915,058,PS,9002,8.5,9.0,32.4,,16.2
89584707,Mina Bambas,2026-08-20,B,FERROBAMBA,Fase 5E,TD080,3915,058,PS,9003,9.0,9.5,32.8,,16.4
89584708,Mina Bambas,2026-08-20,B,FERROBAMBA,Fase 5E,TD080,3915,058,PS,9004,9.5,10.1666666666667,24.6,,16.4
89584709,Mina Bambas,2026-08-20,B,FERROBAMBA,Fase 5E,TD080,3915,058,PS,9005,10.1666666666667,11.0,19.68,,16.4
89584710,Mina Bambas,2026-08-20,B,FERROBAMBA,Fase 5E,TD080,3915,058,PS,9006,11.0,11.6666666666667,24.6,,16.4
89584711,Mina Bambas,2026-08-20,B,FERROBAMBA,Fase 5E,TD080,3915,058,PS,9007,11.6666666666667,12.3333333333333,24.6,,16.4
89584712,Mina Bambas,2026-08-20,B,FERROBAMBA,Fase 5E,TD080,3915,058,PS,9008,12.3333333333333,13.0,24.6,,16.4
89584713,Mina Bambas,2026-08-20,B,FERROBAMBA,Fase 5E,TD080,3915,058,PS,9009,13.0,13.5,32.8,,16.4
89584714,Mina Bambas,2026-08-20,B,FERROBAMBA,Fase 5E,TD080,3915,059,B1,216,16.0,16.5,29.0,,14.5
89584715,Mina Bambas,2026-08-20,B,FERROBAMBA,Fase 5E,TD080,3915,059,B1,217,16.5,17.1666666666667,21.75,,14.5
89584716,Mina Bambas,2026-08-20,B,FERROBAMBA,Fase 5E,TD080,3915,059,B1,218,17.1666666666667,17.5,43.5000000000002,,14.5
89584717,Mina Bambas,2026-08-20,B,FERROBAMBA,Fase 5E,TD080,3915,059,B1,219,17.5,18.1666666666667,21.75,,14.5
89584718,Mina Bambas,2026-08-20,B,FERROBAMBA,Fase 5E,TD080,3915,059,B1,220,18.1666666666667,18.5,43.5000000000002,,14.5
89587719,Mina Bambas,2026-08-21,A,FERROBAMBA,Fase 5E,TD080,3915,059,B1,221,6.5,7.0,29.0,,14.5
89587720,Mina Bambas,2026-08-21,A,FERROBAMBA,Fase 5E,TD080,3915,059,B1,222,7.0,7.5,29.0,,14.5
89587721,Mina Bambas,2026-08-21,A,FERROBAMBA,Fase 5E,TD080,3915,059,B1,223,7.66666666666667,8.16666666666667,29.0000000000001,,14.5
89587722,Mina Bambas,2026-08-21,A,FERROBAMBA,Fase 5E,TD080,3915,059,B1,224,8.16666666666667,8.66666666666667,30.0,,15.0
89587723,Mina Bambas,2026-08-21,A,FERROBAMBA,Fase 5E,TD080,3915,059,B1,225,9.66666666666667,10.1666666666667,30.0,,15.0
89587724,Mina Bambas,2026-08-21,A,FERROBAMBA,Fase 5E,TD080,3915,059,B1,226,10.1666666666667,10.6666666666667,30.0,,15.0
89587725,Mina Bambas,2026-08-21,A,FERROBAMBA,Fase 5E,TD080,3915,059,B1,227,10.6666666666667,11.1666666666667,30.0,,15.0
89587726,Mina Bambas,2026-08-21,A,FERROBAMBA,Fase 5E,TD080,3915,059,B1,228,11.1666666666667,11.6666666666667,30.0,,15.0
89587727,Mina Bambas,2026-08-21,A,FERROBAMBA,Fase 5E,TD080,3915,059,B1,229,11.6666666666667,12.1666666666667,30.0,,15.0
89587728,Mina Bambas,2026-08-21,A,FERROBAMBA,Fase 5E,TD080,3915,059,B1,230,12.1666666666667,12.6666666666667,30.0,,15.0
89587729,Mina Bambas,2026-08-21,A,FERROBAMBA,Fase 5E,TD080,3915,059,B1,231,12.6666666666667,13.1666666666667,30.0,,15.0
89587730,Mina Bambas,2026-08-21,A,FERROBAMBA,Fase 5E,TD080,3915,059,B1,232,13.1666666666667,13.6666666666667,30.0,,15.0
89587731,Mina Bambas,2026-08-21,A,FERROBAMBA,Fase 5E,TD080,3915,059,B1,215,13.6666666666667,14.1666666666667,30.0,,15.0
89587732,Mina Bambas,2026-08-21,A,FERROBAMBA,Fase 5E,TD080,3915,059,B1,214,14.1666666666667,15.0,18.0,,15.0
89587733,Mina Bambas,2026-08-21,A,FERROBAMBA,Fase 5E,TD080,3915,059,B1,213,15.0,15.5,30.0,,15.0
89587734,Mina Bambas,2026-08-21,A,FERROBAMBA,Fase 5E,TD080,3915,059,B1,212,15.75,16.5,20.0,,15.0
89587735,Mina Bambas,2026-08-21,A,FERROBAMBA,Fase 5E,TD080,3915,059,B1,211,16.5,17.0,30.0,,15.0
89587736,Mina Bambas,2026-08-21,A,FERROBAMBA,Fase 5E,TD080,3915,059,B1,210,17.5,18.0,30.0,,15.0
89587737,Mina Bambas,2026-08-21,A,FERROBAMBA,Fase 5E,TD080,3915,059,B1,209,18.0,18.5,30.0,,15.0
89588738,Mina Bambas,2026-08-21,A,FERROBAMBA,Fase 5E,TD012,3915,059,B1,202,6.5,7.03333333333333,29.0625,,15.5
89588739,Mina Bambas,2026-08-21,A,FERROBAMBA,Fase 5E,TD012,3915,059,B1,203,7.03333333333333,7.58333333333333,28.1818181818182,,15.5
89588740,Mina Bambas,2026-08-21,A,FERROBAMBA,Fase 5E,TD012,3915,059,B1,204,8.0,8.66666666666667,23.25,,15.5
89588741,Mina Bambas,2026-08-21,A,FERROBAMBA,Fase 5E,TD012,3915,059,B1,205,8.66666666666667,9.26666666666667,24.9999999999999,,15.0
89588742,Mina Bambas,2026-08-21,A,FERROBAMBA,Fase 5E,TD012,3915,059,B1,206,9.26666666666667,9.91666666666667,23.0769230769231,,15.0
89589743,Mina Bambas,2026-08-21,A,PROYECTOS - FERROBAMBA,Fase 5S,TD079,3950,TRAMO 3,P,114,8.16666666666667,8.41666666666667,28.0,,7.0
89589744,Mina Bambas,2026-08-21,A,PROYECTOS - FERROBAMBA,Fase 5S,TD079,3950,TRAMO 3,P,88,8.41666666666667,8.66666666666667,20.0,,5.0
89589745,Mina Bambas,2026-08-21,A,PROYECTOS - FERROBAMBA,Fase 5S,TD079,3950,TRAMO 3,P,105,8.66666666666667,8.83333333333333,29.9999999999998,,5.0
89589746,Mina Bambas,2026-08-21,A,PROYECTOS - FERROBAMBA,Fase 5S,TD079,3950,TRAMO 3,P,84,8.83333333333333,9.08333333333333,20.0,,5.0
89589747,Mina Bambas,2026-08-21,A,PROYECTOS - FERROBAMBA,Fase 5S,TD079,3950,TRAMO 3,P,234,9.08333333333333,9.33333333333333,12.0,,3.0
89589748,Mina Bambas,2026-08-21,A,PROYECTOS - FERROBAMBA,Fase 5S,TD079,3950,TRAMO 3,P,212,9.33333333333333,9.58333333333333,12.0,,3.0
89589749,Mina Bambas,2026-08-21,A,PROYECTOS - FERROBAMBA,Fase 5S,TD079,3950,TRAMO 3,P,2201,9.58333333333333,9.75,12.0,,2.0
89589750,Mina Bambas,2026-08-21,A,PROYECTOS - FERROBAMBA,Fase 5S,TD079,3950,TRAMO 3,P,86,9.75,9.91666666666667,30.0000000000001,,5.0
89589751,Mina Bambas,2026-08-21,A,PROYECTOS - FERROBAMBA,Fase 5S,TD079,3950,TRAMO 3,P,63,10.0833333333333,10.25,30.0000000000001,,5.0
89589752,Mina Bambas,2026-08-21,A,PROYECTOS - FERROBAMBA,Fase 5S,TD079,3950,TRAMO 3,P,80,10.25,10.4166666666667,30.0000000000001,,5.0
89589753,Mina Bambas,2026-08-21,A,PROYECTOS - FERROBAMBA,Fase 5S,TD079,3950,TRAMO 3,P,73,10.4166666666667,10.5333333333333,42.8571428571427,,5.0
89589754,Mina Bambas,2026-08-21,A,PROYECTOS - FERROBAMBA,Fase 5S,TD079,3950,TRAMO 3,P,85,10.5333333333333,10.6666666666667,37.5000000000001,,5.0
89589755,Mina Bambas,2026-08-21,A,PROYECTOS - FERROBAMBA,Fase 5S,TD079,3950,TRAMO 3,P,91,10.6666666666667,10.7833333333333,42.8571428571427,,5.0
89589756,Mina Bambas,2026-08-21,A,PROYECTOS - FERROBAMBA,Fase 5S,TD079,3950,TRAMO 3,P,89,10.7833333333333,10.9166666666667,37.5000000000001,,5.0
89590757,Mina Bambas Rotativas - Ferrobamba,2026-08-21,A,FERROBAMBA,Fase 5N,TD092,3585,286,MP,729,11.1666666666667,11.6333333333333,32.3571428571428,,15.1
89590758,Mina Bambas Rotativas - Ferrobamba,2026-08-21,A,FERROBAMBA,Fase 5N,TD092,3585,286,MP,728,11.8333333333333,12.4666666666667,23.8421052631579,,15.1
89590759,Mina Bambas Rotativas - Ferrobamba,2026-08-21,A,FERROBAMBA,Fase 5N,TD092,3585,286,MP,727,12.5166666666667,13.1666666666667,23.2307692307693,,15.1
89590760,Mina Bambas Rotativas - Ferrobamba,2026-08-21,A,FERROBAMBA,Fase 5N,TD092,3585,286,MP,726,13.1666666666667,13.8166666666667,23.5384615384615,,15.3
89590761,Mina Bambas Rotativas - Ferrobamba,2026-08-21,A,FERROBAMBA,Fase 5N,TD092,3585,286,MP,725,13.8333333333333,14.5,23.25,,15.5
89590762,Mina Bambas Rotativas - Ferrobamba,2026-08-21,A,FERROBAMBA,Fase 5N,TD092,3585,286,MP,724,14.5166666666667,15.1833333333333,23.4,,15.6
89590763,Mina Bambas Rotativas - Ferrobamba,2026-08-21,A,FERROBAMBA,Fase 5N,TD092,3585,286,MP,719,15.2,15.85,23.2307692307692,,15.1
89590764,Mina Bambas Rotativas - Ferrobamba,2026-08-21,A,FERROBAMBA,Fase 5N,TD092,3585,286,MP,720,15.8833333333333,16.55,22.95,,15.3
89590765,Mina Bambas Rotativas - Ferrobamba,2026-08-21,A,FERROBAMBA,Fase 5N,TD092,3585,286,MP,721,16.5833333333333,17.2,25.1351351351351,,15.5
89590766,Mina Bambas Rotativas - Ferrobamba,2026-08-21,A,FERROBAMBA,Fase 5N,TD092,3585,286,MP,722,17.25,17.85,25.9999999999999,,15.6
89590767,Mina Bambas Rotativas - Ferrobamba,2026-08-21,A,FERROBAMBA,Fase 5N,TD092,3585,286,MP,723,17.8833333333333,18.5,25.4594594594594,,15.7
89594768,Mina Bambas,2026-08-21,A,CHALCOBAMBA,Fase 01,TD073,4495,661,P,8226,10.3333333333333,10.6666666666667,45.0000000000002,,15.0
89594769,Mina Bambas,2026-08-21,A,CHALCOBAMBA,Fase 01,TD073,4495,661,P,8269,10.6666666666667,11.0,44.9999999999999,,15.0
89594770,Mina Bambas,2026-08-21,A,CHALCOBAMBA,Fase 01,TD073,4495,661,P,8252,11.0,11.3333333333333,44.9999999999999,,15.0
89594771,Mina Bambas,2026-08-21,A,CHALCOBAMBA,Fase 01,TD073,4495,661,P,8257,11.3333333333333,11.75,36.0,,15.0
89594772,Mina Bambas,2026-08-21,A,CHALCOBAMBA,Fase 01,TD073,4495,661,P,8272,11.75,12.05,49.9999999999999,,15.0
89594773,Mina Bambas,2026-08-21,A,CHALCOBAMBA,Fase 01,TD073,4495,661,P,8239,12.05,12.3333333333333,52.9411764705883,,15.0
89594774,Mina Bambas,2026-08-21,A,CHALCOBAMBA,Fase 01,TD073,4495,661,P,8191,13.1666666666667,13.5833333333333,35.9999999999999,,15.0
89594775,Mina Bambas,2026-08-21,A,CHALCOBAMBA,Fase 01,TD073,4495,661,P,8200,13.5833333333333,14.0,38.4000000000001,,16.0
89594776,Mina Bambas,2026-08-21,A,CHALCOBAMBA,Fase 01,TD073,4495,661,P,8208,14.0,14.5,32.0,,16.0
89594777,Mina Bambas,2026-08-21,A,CHALCOBAMBA,Fase 01,TD073,4495,661,P,8216,14.5,14.8333333333333,47.9999999999999,,16.0
89594778,Mina Bambas,2026-08-21,A,CHALCOBAMBA,Fase 01,TD073,4495,661,P,8225,14.8333333333333,15.25,38.4000000000001,,16.0
89594779,Mina Bambas,2026-08-21,A,CHALCOBAMBA,Fase 01,TD073,4495,661,P,8218,15.25,15.5833333333333,47.9999999999999,,16.0
89594780,Mina Bambas,2026-08-21,A,CHALCOBAMBA,Fase 01,TD073,4435,518,PS,9001,16.75,16.8333333333333,30.0000000000004,,2.5
89594781,Mina Bambas,2026-08-21,A,CHALCOBAMBA,Fase 01,TD073,4435,518,PS,9002,16.8333333333333,17.0,14.9999999999999,,2.5
89594782,Mina Bambas,2026-08-21,A,CHALCOBAMBA,Fase 01,TD073,4435,518,PS,9003,17.6666666666667,17.8333333333333,15.0000000000002,,2.5
89594783,Mina Bambas,2026-08-21,A,CHALCOBAMBA,Fase 01,TD073,4435,518,PS,9004,17.8333333333333,18.0,14.9999999999999,,2.5
89594784,Mina Bambas,2026-08-21,A,CHALCOBAMBA,Fase 01,TD073,4435,518,PS,9005,18.0,18.1666666666667,14.9999999999999,,2.5
89594785,Mina Bambas,2026-08-21,A,CHALCOBAMBA,Fase 01,TD073,4435,518,PS,9006,18.1666666666667,18.25,30.0000000000004,,2.5
89594786,Mina Bambas,2026-08-21,A,CHALCOBAMBA,Fase 01,TD073,4435,518,PS,9007,18.25,18.5,10.0,,2.5
89595787,Mina Bambas,2026-08-21,A,CHALCOBAMBA,Fase 01,TD074,4495,664,PS,9001,8.25,8.53333333333333,35.2941176470588,,10.0
89595788,Mina Bambas,2026-08-21,A,CHALCOBAMBA,Fase 01,TD074,4495,664,P,8052,8.53333333333333,8.95,24.0,,10.0
89595789,Mina Bambas,2026-08-21,A,CHALCOBAMBA,Fase 01,TD074,4495,664,PS,9002,8.95,9.25,33.3333333333333,,10.0
89595790,Mina Bambas,2026-08-21,A,CHALCOBAMBA,Fase 01,TD074,4495,664,PS,9003,9.25,9.53333333333333,35.2941176470588,,10.0
89595791,Mina Bambas,2026-08-21,A,CHALCOBAMBA,Fase 01,TD074,4495,664,PS,9004,9.53333333333333,9.83333333333333,33.3333333333333,,10.0
89595792,Mina Bambas,2026-08-21,A,CHALCOBAMBA,Fase 01,TD074,4495,664,PS,9005,9.83333333333333,10.1166666666667,35.2941176470588,,10.0
89595793,Mina Bambas,2026-08-21,A,CHALCOBAMBA,Fase 01,TD074,4495,664,PS,9006,10.1166666666667,10.4166666666667,33.3333333333334,,10.0
89595794,Mina Bambas,2026-08-21,A,CHALCOBAMBA,Fase 01,TD074,4495,664,PS,9007,10.4166666666667,10.7333333333333,31.5789473684211,,10.0
89595795,Mina Bambas,2026-08-21,A,CHALCOBAMBA,Fase 01,TD074,4495,664,PS,9008,10.7333333333333,11.0833333333333,28.5714285714285,,10.0
89595796,Mina Bambas,2026-08-21,A,CHALCOBAMBA,Fase 01,TD074,4495,664,P,8051,11.0833333333333,11.4666666666667,26.0869565217392,,10.0
89595797,Mina Bambas,2026-08-21,A,CHALCOBAMBA,Fase 01,TD074,4495,664,P,7916,11.4666666666667,11.7666666666667,33.3333333333333,,10.0
89595798,Mina Bambas,2026-08-21,A,CHALCOBAMBA,Fase 01,TD074,4495,664,P,7915,11.7666666666667,12.1333333333333,25.909090909091,,9.5
89595799,Mina Bambas,2026-08-21,A,CHALCOBAMBA,Fase 01,TD074,4495,664,P,7779,12.1333333333333,12.5,24.5454545454545,,9.0
89595800,Mina Bambas,2026-08-21,A,CHALCOBAMBA,Fase 01,TD074,4495,664,P,7778,13.0,13.2833333333333,31.764705882353,,9.0
89595801,Mina Bambas,2026-08-21,A,CHALCOBAMBA,Fase 01,TD074,4495,664,P,7643,13.2833333333333,13.5666666666667,28.2352941176471,,8.0
89595802,Mina Bambas,2026-08-21,A,CHALCOBAMBA,Fase 01,TD074,4495,664,PS,9009,13.5666666666667,13.9166666666667,22.8571428571429,,8.0
89595803,Mina Bambas,2026-08-21,A,CHALCOBAMBA,Fase 01,TD074,4495,664,PS,9010,13.9166666666667,14.2333333333333,25.2631578947369,,8.0
89595804,Mina Bambas,2026-08-21,A,CHALCOBAMBA,Fase 01,TD074,4495,664,P,7506,14.2333333333333,14.55,22.1052631578946,,7.0
89595805,Mina Bambas,2026-08-21,A,CHALCOBAMBA,Fase 01,TD074,4495,664,P,7505,14.55,14.8333333333333,24.7058823529412,,7.0
89595806,Mina Bambas,2026-08-21,A,CHALCOBAMBA,Fase 01,TD074,4495,664,P,7370,14.8333333333333,15.05,32.3076923076923,,7.0
89595807,Mina Bambas,2026-08-21,A,CHALCOBAMBA,Fase 01,TD074,4495,664,P,7369,15.05,15.2666666666667,27.6923076923077,,6.0
89595808,Mina Bambas,2026-08-21,A,CHALCOBAMBA,Fase 01,TD074,4495,664,P,7233,15.2666666666667,15.5,25.7142857142858,,6.0
89595809,Mina Bambas,2026-08-21,A,CHALCOBAMBA,Fase 01,TD074,4495,664,P,7232,15.5,15.6666666666667,36.0000000000001,,6.0
89595810,Mina Bambas,2026-08-21,A,CHALCOBAMBA,Fase 01,TD074,4495,664,P,7097,16.0,16.2333333333333,25.7142857142856,,6.0
89595811,Mina Bambas,2026-08-21,A,CHALCOBAMBA,Fase 01,TD074,4495,664,P,7096,16.2333333333333,16.4666666666667,25.714285714286,,6.0
89595812,Mina Bambas,2026-08-21,A,CHALCOBAMBA,Fase 01,TD074,4495,664,P,6960,16.4666666666667,16.7166666666667,24.0,,6.0
89595813,Mina Bambas,2026-08-21,A,CHALCOBAMBA,Fase 01,TD074,4495,664,P,6959,16.7166666666667,16.9666666666667,24.0,,6.0
89595814,Mina Bambas,2026-08-21,A,CHALCOBAMBA,Fase 01,TD074,4495,664,P,6824,16.9666666666667,17.2333333333333,22.4999999999998,,6.0
89595815,Mina Bambas,2026-08-21,A,CHALCOBAMBA,Fase 01,TD074,4495,664,P,6823,17.2333333333333,17.4666666666667,25.714285714286,,6.0
89595816,Mina Bambas,2026-08-21,A,CHALCOBAMBA,Fase 01,TD074,4495,664,P,6686,17.4666666666667,17.6666666666667,29.9999999999996,,6.0
89595817,Mina Bambas,2026-08-21,A,CHALCOBAMBA,Fase 01,TD074,4495,664,P,6687,17.6666666666667,17.8833333333333,27.6923076923079,,6.0
89595818,Mina Bambas,2026-08-21,A,CHALCOBAMBA,Fase 01,TD074,4495,664,P,6551,17.8833333333333,18.0833333333333,30.0000000000001,,6.0
89595819,Mina Bambas,2026-08-21,A,CHALCOBAMBA,Fase 01,TD074,4495,664,P,6550,18.0833333333333,18.3,27.6923076923075,,6.0
89595820,Mina Bambas,2026-08-21,A,CHALCOBAMBA,Fase 01,TD074,4495,664,P,6413,18.3,18.5,30.0000000000001,,6.0
89596821,Mina Bambas,2026-08-21,A,FERROBAMBA,Fase 5S,TD076,3690,511,PC,5405,12.4166666666667,13.1666666666667,22.4,,16.8
89596822,Mina Bambas,2026-08-21,A,FERROBAMBA,Fase 5S,TD076,3690,511,PC,5404,13.1666666666667,13.8333333333333,25.2,,16.8
89596823,Mina Bambas,2026-08-21,A,FERROBAMBA,Fase 5S,TD076,3690,511,PC,5403,17.0,17.75,22.4,,16.8
89596824,Mina Bambas,2026-08-21,A,FERROBAMBA,Fase 5S,TD076,3690,511,PC,5402,17.75,18.5,22.1333333333333,,16.6
89597825,Mina Bambas,2026-08-21,A,CHALCOBAMBA,Fase 01,TD077,4465,576,PC,5029,7.75,8.33333333333333,30.0,,17.5
89597826,Mina Bambas,2026-08-21,A,CHALCOBAMBA,Fase 01,TD077,4465,576,PC,5028,8.33333333333333,8.91666666666667,30.0000000000001,,17.5
89597827,Mina Bambas,2026-08-21,A,CHALCOBAMBA,Fase 01,TD077,4465,576,PC,5027,8.91666666666667,9.5,30.0,,17.5
89597828,Mina Bambas,2026-08-21,A,CHALCOBAMBA,Fase 01,TD077,4465,576,PC,5026,9.5,10.0833333333333,30.0,,17.5
89597829,Mina Bambas,2026-08-21,A,CHALCOBAMBA,Fase 01,TD077,4465,576,PC,5025,10.0833333333333,10.6666666666667,30.0000000000001,,17.5
89597830,Mina Bambas,2026-08-21,A,CHALCOBAMBA,Fase 01,TD077,4465,576,PC,5024,10.6666666666667,11.25,30.0,,17.5
89597831,Mina Bambas,2026-08-21,A,CHALCOBAMBA,Fase 01,TD077,4465,576,PC,5009,11.4166666666667,12.05,27.6315789473684,,17.5
89597832,Mina Bambas,2026-08-21,A,CHALCOBAMBA,Fase 01,TD077,4465,576,PC,5010,12.05,12.6833333333333,27.6315789473684,,17.5
89597833,Mina Bambas,2026-08-21,A,CHALCOBAMBA,Fase 01,TD077,4465,576,PC,5011,12.6833333333333,13.2666666666667,30.0,,17.5
89597834,Mina Bambas,2026-08-21,A,CHALCOBAMBA,Fase 01,TD077,4465,576,PC,5012,13.2666666666667,13.9,27.6315789473684,,17.5
89597835,Mina Bambas,2026-08-21,A,CHALCOBAMBA,Fase 01,TD077,4465,576,PC,5013,13.9,14.5833333333333,25.609756097561,,17.5
89597836,Mina Bambas,2026-08-21,A,CHALCOBAMBA,Fase 01,TD077,4465,576,PC,5023,15.1666666666667,15.7166666666667,31.8181818181818,,17.5
89597837,Mina Bambas,2026-08-21,A,CHALCOBAMBA,Fase 01,TD077,4465,576,PC,5022,15.7166666666667,16.2666666666667,31.8181818181819,,17.5
89597838,Mina Bambas,2026-08-21,A,CHALCOBAMBA,Fase 01,TD077,4465,576,PC,5021,16.2666666666667,16.8166666666667,31.8181818181818,,17.5
89597839,Mina Bambas,2026-08-21,A,CHALCOBAMBA,Fase 01,TD077,4465,576,PC,5020,16.8166666666667,17.3666666666667,31.8181818181818,,17.5
89597840,Mina Bambas,2026-08-21,A,CHALCOBAMBA,Fase 01,TD077,4465,576,PC,5019,17.3666666666667,17.9666666666667,29.1666666666668,,17.5
89597841,Mina Bambas,2026-08-21,A,CHALCOBAMBA,Fase 01,TD077,4465,576,PC,5018,17.9666666666667,18.5,32.8124999999999,,17.5
89605921,Mina Bambas Rotativas - Ferrobamba,2026-08-21,B,FERROBAMBA,Fase 5N,TD092,3585,286,MP,713,6.5,7.08333333333333,26.5714285714286,,15.5
89605922,Mina Bambas Rotativas - Ferrobamba,2026-08-21,B,FERROBAMBA,Fase 5N,TD092,3585,286,MP,712,7.16666666666667,7.66666666666667,31.0,,15.5
89605923,Mina Bambas Rotativas - Ferrobamba,2026-08-21,B,FERROBAMBA,Fase 5N,TD092,3585,286,MP,711,7.91666666666667,8.33333333333333,37.2,,15.5
89605924,Mina Bambas Rotativas - Ferrobamba,2026-08-21,B,FERROBAMBA,Fase 5N,TD092,3585,286,MP,708,8.41666666666667,8.91666666666667,31.0,,15.5
89605925,Mina Bambas Rotativas - Ferrobamba,2026-08-21,B,FERROBAMBA,Fase 5N,TD092,3585,286,MP,709,9.0,9.5,31.0,,15.5
89605926,Mina Bambas Rotativas - Ferrobamba,2026-08-21,B,FERROBAMBA,Fase 5N,TD092,3585,286,MP,710,9.58333333333333,10.0,36.0,,15.0
89605927,Mina Bambas Rotativas - Ferrobamba,2026-08-21,B,FERROBAMBA,Fase 5N,TD092,3585,286,MP,737,11.3333333333333,11.9166666666667,26.0571428571429,,15.2
89605928,Mina Bambas Rotativas - Ferrobamba,2026-08-21,B,FERROBAMBA,Fase 5N,TD092,3585,286,MP,736,12.0,12.6666666666667,22.8,,15.2
89605929,Mina Bambas Rotativas - Ferrobamba,2026-08-21,B,FERROBAMBA,Fase 5N,TD092,3585,286,MP,730,12.75,13.3333333333333,26.0571428571428,,15.2
89605930,Mina Bambas Rotativas - Ferrobamba,2026-08-21,B,FERROBAMBA,Fase 5N,TD092,3585,286,MP,718,13.4166666666667,14.0833333333333,22.65,,15.1
89605931,Mina Bambas Rotativas - Ferrobamba,2026-08-21,B,FERROBAMBA,Fase 5N,TD092,3585,286,MP,715,14.1666666666667,14.75,25.7142857142857,,15.0
89605932,Mina Bambas Rotativas - Ferrobamba,2026-08-21,B,FERROBAMBA,Fase 5N,TD092,3585,286,MP,706,14.8333333333333,15.5833333333333,20.0,,15.0
89605933,Mina Bambas Rotativas - Ferrobamba,2026-08-21,B,FERROBAMBA,Fase 5N,TD092,3585,286,MP,735,15.6666666666667,16.25,26.0571428571428,,15.2
89605934,Mina Bambas Rotativas - Ferrobamba,2026-08-21,B,FERROBAMBA,Fase 5N,TD092,3585,286,MP,731,16.3333333333333,16.9166666666667,27.4285714285713,,16.0
89605935,Mina Bambas Rotativas - Ferrobamba,2026-08-21,B,FERROBAMBA,Fase 5N,TD092,3585,286,MP,717,17.0,17.75,20.6666666666667,,15.5
89605936,Mina Bambas Rotativas - Ferrobamba,2026-08-21,B,FERROBAMBA,Fase 5N,TD092,3585,286,MP,734,17.8333333333333,18.5,23.85,,15.9
89606937,Mina Bambas,2026-08-21,B,FERROBAMBA,Fase 5N,TD030,3600,070,P,6222,10.1666666666667,10.3333333333333,35.9999999999997,,6.0
89606938,Mina Bambas,2026-08-21,B,FERROBAMBA,Fase 5N,TD030,3600,070,P,6223,10.5,10.75,24.0,,6.0
89606939,Mina Bambas,2026-08-21,B,FERROBAMBA,Fase 5N,TD030,3600,070,P,6251,10.75,11.0,24.0,,6.0
89606940,Mina Bambas,2026-08-21,B,FERROBAMBA,Fase 5N,TD030,3600,070,P,6279,11.0,11.25,24.0,,6.0
89606941,Mina Bambas,2026-08-21,B,FERROBAMBA,Fase 5N,TD030,3600,070,P,6185,11.25,11.4166666666667,36.0000000000001,,6.0
89606942,Mina Bambas,2026-08-21,B,FERROBAMBA,Fase 5N,TD030,3600,070,P,6211,11.8333333333333,12.1666666666667,18.0000000000001,,6.0
89606943,Mina Bambas,2026-08-21,B,FERROBAMBA,Fase 5N,TD030,3600,070,P,6225,12.1666666666667,12.5,18.0,,6.0
89606944,Mina Bambas,2026-08-21,B,FERROBAMBA,Fase 5N,TD030,3600,070,P,6235,12.5,12.8333333333333,18.0,,6.0
89606945,Mina Bambas,2026-08-21,B,FERROBAMBA,Fase 5N,TD030,3600,070,P,6281,12.8333333333333,13.1666666666667,18.0000000000001,,6.0
89606946,Mina Bambas,2026-08-21,B,FERROBAMBA,Fase 5N,TD030,3600,070,P,6175,13.1666666666667,13.5,18.0,,6.0
89606947,Mina Bambas,2026-08-21,B,FERROBAMBA,Fase 5N,TD030,3600,070,P,6210,13.5,13.8333333333333,18.0,,6.0
89606948,Mina Bambas,2026-08-21,B,FERROBAMBA,Fase 5N,TD030,3600,070,P,6226,13.8333333333333,14.1666666666667,18.0000000000001,,6.0
89606949,Mina Bambas,2026-08-21,B,FERROBAMBA,Fase 5N,TD030,3600,070,P,6231,14.1666666666667,14.4166666666667,24.0,,6.0
89606950,Mina Bambas,2026-08-21,B,FERROBAMBA,Fase 5N,TD030,3600,070,P,6253,15.1666666666667,15.5,18.0,,6.0
89606951,Mina Bambas,2026-08-21,B,FERROBAMBA,Fase 5N,TD030,3600,070,P,6288,15.5,15.8333333333333,18.0,,6.0
89606952,Mina Bambas,2026-08-21,B,FERROBAMBA,Fase 5N,TD030,3600,070,P,6193,15.8333333333333,16.1666666666667,18.0,,6.0
89606953,Mina Bambas,2026-08-21,B,FERROBAMBA,Fase 5N,TD030,3600,070,P,6214,16.1666666666667,16.3333333333333,36.0000000000005,,6.0
89606954,Mina Bambas,2026-08-21,B,FERROBAMBA,Fase 5N,TD030,3600,070,P,6227,16.3333333333333,16.5,35.9999999999997,,6.0
89606955,Mina Bambas,2026-08-21,B,FERROBAMBA,Fase 5N,TD030,3600,070,P,6237,16.5,16.75,24.0,,6.0
89606956,Mina Bambas,2026-08-21,B,FERROBAMBA,Fase 5N,TD030,3600,070,P,6290,16.75,17.0,24.0,,6.0
89606957,Mina Bambas,2026-08-21,B,FERROBAMBA,Fase 5N,TD030,3600,070,P,6215,17.0,17.1666666666667,35.9999999999997,,6.0
89606958,Mina Bambas,2026-08-21,B,FERROBAMBA,Fase 5N,TD030,3600,070,P,6229,17.1666666666667,17.3333333333333,36.0000000000005,,6.0
89606959,Mina Bambas,2026-08-21,B,FERROBAMBA,Fase 5N,TD030,3600,070,P,6242,17.3333333333333,17.5,35.9999999999997,,6.0
89606960,Mina Bambas,2026-08-21,B,FERROBAMBA,Fase 5N,TD030,3600,070,P,6272,17.5,17.6666666666667,35.9999999999997,,6.0
89606961,Mina Bambas,2026-08-21,B,FERROBAMBA,Fase 5N,TD030,3600,070,P,6298,17.6666666666667,17.8333333333333,36.0000000000005,,6.0
89606962,Mina Bambas,2026-08-21,B,FERROBAMBA,Fase 5N,TD030,3600,070,P,6232,17.8333333333333,18.0,35.9999999999997,,6.0
89606963,Mina Bambas,2026-08-21,B,FERROBAMBA,Fase 5N,TD030,3600,070,P,6267,18.0,18.1666666666667,35.9999999999997,,6.0
89606964,Mina Bambas,2026-08-21,B,FERROBAMBA,Fase 5N,TD030,3600,070,P,6301,18.1666666666667,18.3333333333333,36.0000000000005,,6.0
89606965,Mina Bambas,2026-08-21,B,FERROBAMBA,Fase 5N,TD030,3600,070,P,6296,18.3333333333333,18.5,35.9999999999997,,6.0
89608966,Mina Bambas,2026-08-21,B,CHALCOBAMBA,Fase 01,TD073,4435,518,PS,9001,6.5,6.58333333333333,36.0000000000001,,3.0
89608967,Mina Bambas,2026-08-21,B,CHALCOBAMBA,Fase 01,TD073,4435,518,PS,9002,6.58333333333333,6.68333333333333,29.9999999999998,,3.0
89608968,Mina Bambas,2026-08-21,B,CHALCOBAMBA,Fase 01,TD073,4435,518,PS,9003,6.68333333333333,6.83333333333333,20.0000000000001,,3.0
89608969,Mina Bambas,2026-08-21,B,CHALCOBAMBA,Fase 01,TD073,4435,518,PS,9004,6.96666666666667,7.06666666666667,30.0000000000001,,3.0
89608970,Mina Bambas,2026-08-21,B,CHALCOBAMBA,Fase 01,TD073,4435,518,PS,9005,7.06666666666667,7.2,22.4999999999999,,3.0
89608971,Mina Bambas,2026-08-21,B,CHALCOBAMBA,Fase 01,TD073,4435,518,PS,9006,7.41666666666667,7.51666666666667,30.0000000000001,,3.0
89608972,Mina Bambas,2026-08-21,B,CHALCOBAMBA,Fase 01,TD073,4435,518,PS,9007,7.51666666666667,7.66666666666667,20.0,,3.0
89608973,Mina Bambas,2026-08-21,B,CHALCOBAMBA,Fase 01,TD073,4435,518,PS,9008,7.66666666666667,7.8,22.5000000000001,,3.0
89608974,Mina Bambas,2026-08-21,B,CHALCOBAMBA,Fase 01,TD073,4435,518,PS,9009,7.8,7.91666666666667,25.7142857142856,,3.0
89608975,Mina Bambas,2026-08-21,B,CHALCOBAMBA,Fase 01,TD073,4435,518,PS,9010,7.91666666666667,8.06666666666667,20.0000000000001,,3.0
89608976,Mina Bambas,2026-08-21,B,CHALCOBAMBA,Fase 01,TD073,4435,518,PS,9011,8.06666666666667,8.2,22.5000000000001,,3.0
89608977,Mina Bambas,2026-08-21,B,CHALCOBAMBA,Fase 01,TD073,4435,518,PS,9012,8.23333333333333,8.33333333333333,29.9999999999996,,3.0
89608978,Mina Bambas,2026-08-21,B,CHALCOBAMBA,Fase 01,TD073,4435,518,PS,9013,8.41666666666667,8.53333333333333,25.7142857142856,,3.0
89608979,Mina Bambas,2026-08-21,B,CHALCOBAMBA,Fase 01,TD073,4435,518,PS,9014,8.53333333333333,8.7,18.0000000000001,,3.0
89608980,Mina Bambas,2026-08-21,B,CHALCOBAMBA,Fase 01,TD073,4435,518,PS,9015,8.7,8.83333333333333,22.4999999999998,,3.0
89608981,Mina Bambas,2026-08-21,B,CHALCOBAMBA,Fase 01,TD073,4435,518,PS,9016,8.91666666666667,9.0,35.9999999999997,,3.0
89608982,Mina Bambas,2026-08-21,B,CHALCOBAMBA,Fase 01,TD073,4435,518,PS,9017,9.18333333333333,9.33333333333333,20.0,,3.0
89608983,Mina Bambas,2026-08-21,B,CHALCOBAMBA,Fase 01,TD073,4435,518,PS,9018,9.41666666666667,9.56666666666667,20.0,,3.0
89608984,Mina Bambas,2026-08-21,B,CHALCOBAMBA,Fase 01,TD073,4435,518,PS,9019,9.56666666666667,9.75,16.3636363636363,,3.0
89608985,Mina Bambas,2026-08-21,B,CHALCOBAMBA,Fase 01,TD073,4435,518,PS,9020,9.75,9.95,15.0000000000001,,3.0
89608986,Mina Bambas,2026-08-21,B,CHALCOBAMBA,Fase 01,TD073,4435,518,PS,9021,9.95,10.1333333333333,16.3636363636363,,3.0
89608987,Mina Bambas,2026-08-21,B,CHALCOBAMBA,Fase 01,TD073,4435,518,PS,9022,10.1333333333333,10.3166666666667,16.3636363636363,,3.0
89608988,Mina Bambas,2026-08-21,B,CHALCOBAMBA,Fase 01,TD073,4435,518,PS,9023,10.3166666666667,10.5,16.3636363636363,,3.0
89608989,Mina Bambas,2026-08-21,B,CHALCOBAMBA,Fase 01,TD073,4435,518,PS,9024,10.5,10.6833333333333,16.3636363636363,,3.0
89608990,Mina Bambas,2026-08-21,B,CHALCOBAMBA,Fase 01,TD073,4435,518,PS,9025,10.6833333333333,10.85,18.0000000000001,,3.0
89608991,Mina Bambas,2026-08-21,B,CHALCOBAMBA,Fase 01,TD073,4435,518,PS,9026,10.85,11.0666666666667,13.8461538461538,,3.0
89608992,Mina Bambas,2026-08-21,B,CHALCOBAMBA,Fase 01,TD073,4435,518,PS,9027,11.0666666666667,11.2833333333333,13.8461538461538,,3.0
89608993,Mina Bambas,2026-08-21,B,CHALCOBAMBA,Fase 01,TD073,4435,518,PS,9028,11.2833333333333,11.45,18.0000000000001,,3.0
89608994,Mina Bambas,2026-08-21,B,CHALCOBAMBA,Fase 01,TD073,4435,518,PS,9029,11.45,11.6166666666667,17.9999999999999,,3.0
89608995,Mina Bambas,2026-08-21,B,CHALCOBAMBA,Fase 01,TD073,4435,520,PC,5339,12.1666666666667,12.7,31.5,,16.8
89608996,Mina Bambas,2026-08-21,B,CHALCOBAMBA,Fase 01,TD073,4435,520,PC,5340,12.7,13.2666666666667,29.6470588235293,,16.8
89608997,Mina Bambas,2026-08-21,B,CHALCOBAMBA,Fase 01,TD073,4435,520,PC,5341,13.2666666666667,13.85,28.8000000000001,,16.8
89608998,Mina Bambas,2026-08-21,B,CHALCOBAMBA,Fase 01,TD073,4435,520,PC,5342,13.85,14.3333333333333,34.7586206896551,,16.8
89608999,Mina Bambas,2026-08-21,B,CHALCOBAMBA,Fase 01,TD073,4435,520,PC,5343,15.3,15.6833333333333,43.8260869565218,,16.8
89609000,Mina Bambas,2026-08-21,B,CHALCOBAMBA,Fase 01,TD073,4435,520,PC,5344,15.6833333333333,16.0166666666667,50.4000000000002,,16.8
89609001,Mina Bambas,2026-08-21,B,CHALCOBAMBA,Fase 01,TD073,4435,520,PC,5345,16.0166666666667,16.4,43.8260869565218,,16.8
89609002,Mina Bambas,2026-08-21,B,CHALCOBAMBA,Fase 01,TD073,4435,520,PC,5346,16.4,16.75,47.9999999999998,,16.8
89609003,Mina Bambas,2026-08-21,B,CHALCOBAMBA,Fase 01,TD073,4435,520,PC,5347,16.75,17.1666666666667,40.3199999999999,,16.8
89610004,Mina Bambas,2026-08-21,B,CHALCOBAMBA,Fase 01,TD074,4495,664,P,6414,6.5,6.75,24.0,,6.0
89610005,Mina Bambas,2026-08-21,B,CHALCOBAMBA,Fase 01,TD074,4495,664,P,6278,6.75,7.0,24.0,,6.0
89610006,Mina Bambas,2026-08-21,B,CHALCOBAMBA,Fase 01,TD074,4495,664,P,6277,7.33333333333333,7.5,24.0,,4.0
89610007,Mina Bambas,2026-08-21,B,CHALCOBAMBA,Fase 01,TD074,4495,664,P,6140,7.5,7.66666666666667,24.0,,4.0
89610008,Mina Bambas,2026-08-21,B,CHALCOBAMBA,Fase 01,TD074,4495,664,P,6141,7.66666666666667,7.83333333333333,24.0000000000001,,4.0
89610009,Mina Bambas,2026-08-21,B,CHALCOBAMBA,Fase 01,TD074,4480,651,PS,9001,9.5,10.0,34.6,,17.3
89610010,Mina Bambas,2026-08-21,B,CHALCOBAMBA,Fase 01,TD074,4480,651,PS,9002,10.0,10.5,34.6,,17.3
89610011,Mina Bambas,2026-08-21,B,CHALCOBAMBA,Fase 01,TD074,4480,651,PS,9003,10.5,11.0,34.6,,17.3
89610012,Mina Bambas,2026-08-21,B,CHALCOBAMBA,Fase 01,TD074,4480,651,PS,9004,11.0,11.5,34.6,,17.3
89610013,Mina Bambas,2026-08-21,B,CHALCOBAMBA,Fase 01,TD074,4480,651,PS,9005,11.5,12.1666666666667,25.95,,17.3
89610014,Mina Bambas,2026-08-21,B,CHALCOBAMBA,Fase 01,TD074,4480,651,PS,9006,12.1666666666667,12.75,29.6571428571428,,17.3
89610015,Mina Bambas,2026-08-21,B,CHALCOBAMBA,Fase 01,TD074,4480,651,PS,9007,13.5,14.5,17.3,,17.3
89610016,Mina Bambas,2026-08-21,B,CHALCOBAMBA,Fase 01,TD074,4480,651,PS,9008,14.6666666666667,15.1666666666667,34.6,,17.3
89610017,Mina Bambas,2026-08-21,B,CHALCOBAMBA,Fase 01,TD074,4480,651,PS,9009,15.1666666666667,15.8333333333333,25.95,,17.3
89610018,Mina Bambas,2026-08-21,B,CHALCOBAMBA,Fase 01,TD074,4480,651,PS,9010,15.8333333333333,16.5,25.95,,17.3
89610019,Mina Bambas,2026-08-21,B,CHALCOBAMBA,Fase 01,TD074,4480,651,PS,9011,16.5,17.1666666666667,25.95,,17.3
89610020,Mina Bambas,2026-08-21,B,CHALCOBAMBA,Fase 01,TD074,4480,651,PS,9012,17.1666666666667,17.8333333333333,25.9500000000001,,17.3
89612021,Mina Bambas,2026-08-21,B,FERROBAMBA,Fase 5S,TD076,3690,511,PC,5406,6.5,7.5,16.5,,16.5
89612022,Mina Bambas,2026-08-21,B,FERROBAMBA,Fase 5S,TD076,3690,511,PC,5413,7.75,8.33333333333333,28.2857142857143,,16.5
89612023,Mina Bambas,2026-08-21,B,FERROBAMBA,Fase 5S,TD076,3690,511,PC,5408,8.33333333333333,9.0,24.75,,16.5
89612024,Mina Bambas,2026-08-21,B,FERROBAMBA,Fase 5S,TD076,3690,511,PC,5409,9.0,9.5,33.0,,16.5
89612025,Mina Bambas,2026-08-21,B,FERROBAMBA,Fase 5S,TD076,3690,511,PC,5401,9.5,10.75,13.2,,16.5
89612026,Mina Bambas,2026-08-21,B,FERROBAMBA,Fase 5S,TD076,3690,511,PC,5414,10.75,11.4166666666667,24.75,,16.5
89612027,Mina Bambas,2026-08-21,B,FERROBAMBA,Fase 5S,TD076,3690,511,PC,5415,11.4166666666667,12.1666666666667,22.0,,16.5
89612028,Mina Bambas,2026-08-21,B,FERROBAMBA,Fase 5S,TD076,3690,511,PC,5416,12.1666666666667,12.9166666666667,22.0,,16.5
89612029,Mina Bambas,2026-08-21,B,FERROBAMBA,Fase 5S,TD076,3690,511,PC,5417,12.9166666666667,13.6666666666667,22.0,,16.5
89612030,Mina Bambas,2026-08-21,B,FERROBAMBA,Fase 5S,TD076,3690,511,PC,5418,13.6666666666667,14.5,19.8,,16.5
89612031,Mina Bambas,2026-08-21,B,FERROBAMBA,Fase 5S,TD076,3690,511,PC,5419,14.5,15.1666666666667,24.75,,16.5
89612032,Mina Bambas,2026-08-21,B,FERROBAMBA,Fase 5S,TD076,3690,511,PC,5420,15.1666666666667,15.8333333333333,24.75,,16.5
89612033,Mina Bambas,2026-08-21,B,FERROBAMBA,Fase 5S,TD076,3690,511,PC,5421,15.8333333333333,16.5,24.75,,16.5
89612034,Mina Bambas,2026-08-21,B,FERROBAMBA,Fase 5S,TD076,3690,511,PC,5422,16.5,17.1666666666667,24.75,,16.5
89612035,Mina Bambas,2026-08-21,B,FERROBAMBA,Fase 5S,TD076,3690,511,PC,5423,17.1666666666667,17.8333333333333,24.7500000000001,,16.5
89612036,Mina Bambas,2026-08-21,B,FERROBAMBA,Fase 5S,TD076,3690,511,PC,5424,17.8333333333333,18.5,24.75,,16.5
89614041,Mina Bambas,2026-08-21,B,CHALCOBAMBA,Fase 01,TD077,4465,576,PC,5017,6.5,7.5,17.6,,17.6
89614042,Mina Bambas,2026-08-21,B,CHALCOBAMBA,Fase 01,TD077,4465,576,PC,5014,7.75,8.41666666666667,26.4,,17.6
89614043,Mina Bambas,2026-08-21,B,CHALCOBAMBA,Fase 01,TD077,4465,576,PC,5015,8.41666666666667,9.08333333333333,26.4,,17.6
89614044,Mina Bambas,2026-08-21,B,CHALCOBAMBA,Fase 01,TD077,4465,576,PC,5016,9.08333333333333,9.75,26.4,,17.6
89614045,Mina Bambas,2026-08-21,B,CHALCOBAMBA,Fase 01,TD077,4435,520,PC,5325,11.25,11.6666666666667,40.3200000000001,,16.8
89614046,Mina Bambas,2026-08-21,B,CHALCOBAMBA,Fase 01,TD077,4435,520,PC,5326,11.6666666666667,12.1666666666667,33.6,,16.8
89614047,Mina Bambas,2026-08-21,B,CHALCOBAMBA,Fase 01,TD077,4435,520,PC,5327,12.1666666666667,12.6666666666667,33.6,,16.8
89614048,Mina Bambas,2026-08-21,B,CHALCOBAMBA,Fase 01,TD077,4435,520,PC,5328,12.6666666666667,13.25,28.8,,16.8
89614049,Mina Bambas,2026-08-21,B,CHALCOBAMBA,Fase 01,TD077,4435,520,PC,5329,13.25,13.75,33.6,,16.8
89614050,Mina Bambas,2026-08-21,B,CHALCOBAMBA,Fase 01,TD077,4435,520,PC,5330,13.75,14.3333333333333,28.8,,16.8
89614051,Mina Bambas,2026-08-21,B,CHALCOBAMBA,Fase 01,TD077,4435,520,PC,5331,14.3333333333333,14.8333333333333,33.6,,16.8
89614052,Mina Bambas,2026-08-21,B,CHALCOBAMBA,Fase 01,TD077,4435,520,PC,5332,14.8333333333333,15.4166666666667,28.8000000000001,,16.8
89614053,Mina Bambas,2026-08-21,B,CHALCOBAMBA,Fase 01,TD077,4435,520,PC,5333,15.4166666666667,16.0,28.8,,16.8
89614054,Mina Bambas,2026-08-21,B,CHALCOBAMBA,Fase 01,TD077,4435,520,PC,5334,16.0,16.5833333333333,28.8000000000001,,16.8
89614055,Mina Bambas,2026-08-21,B,CHALCOBAMBA,Fase 01,TD077,4435,520,PC,5335,16.5833333333333,17.1666666666667,28.7999999999999,,16.8
89614056,Mina Bambas,2026-08-21,B,CHALCOBAMBA,Fase 01,TD077,4435,520,PC,5336,17.1666666666667,17.75,28.8000000000001,,16.8
89616057,Mina Bambas,2026-08-21,B,FERROBAMBA,Fase 5E,TD012,3930,058,PS,9001,7.75,8.33333333333333,27.6,,16.1
89616058,Mina Bambas,2026-08-21,B,FERROBAMBA,Fase 5E,TD012,3930,058,PS,9002,8.33333333333333,9.0,24.15,,16.1
89616059,Mina Bambas,2026-08-21,B,FERROBAMBA,Fase 5E,TD012,3930,058,PS,9003,9.0,9.91666666666667,17.5636363636364,,16.1
89616060,Mina Bambas,2026-08-21,B,FERROBAMBA,Fase 5E,TD012,3930,058,PS,9004,13.3333333333333,14.1666666666667,19.32,,16.1
89616061,Mina Bambas,2026-08-21,B,FERROBAMBA,Fase 5E,TD012,3930,058,PS,9005,14.1666666666667,15.0,19.32,,16.1
89617062,Mina Bambas,2026-08-21,B,FERROBAMBA,Fase 5E,TD080,3915,059,B1,208,7.83333333333333,8.5,21.75,,14.5
89617063,Mina Bambas,2026-08-21,B,FERROBAMBA,Fase 5E,TD080,3915,059,B1,207,8.5,9.16666666666667,21.75,,14.5
89617064,Mina Bambas,2026-08-21,B,FERROBAMBA,Fase 5E,TD080,3930,054,RPC,5175,10.1666666666667,10.6666666666667,31.2,,15.6
89617065,Mina Bambas,2026-08-21,B,FERROBAMBA,Fase 5E,TD080,3930,054,RPC,5174,10.6666666666667,11.1666666666667,31.2,,15.6
89617066,Mina Bambas,2026-08-21,B,FERROBAMBA,Fase 5E,TD080,3930,054,RPC,5173,11.1666666666667,11.8333333333333,23.4,,15.6
89617067,Mina Bambas,2026-08-21,B,FERROBAMBA,Fase 5E,TD080,3930,061,RP,2411,11.8333333333333,12.3333333333333,29.2,,14.6
89617068,Mina Bambas,2026-08-21,B,FERROBAMBA,Fase 5E,TD080,3930,061,RP,2333,12.3333333333333,12.8333333333333,29.2,,14.6
89617069,Mina Bambas,2026-08-21,B,FERROBAMBA,Fase 5E,TD080,3930,061,RP,2391,12.8333333333333,13.3333333333333,29.2,,14.6
89617070,Mina Bambas,2026-08-21,B,FERROBAMBA,Fase 5E,TD080,3930,061,RP,2368,13.3333333333333,13.8333333333333,29.2,,14.6
89617071,Mina Bambas,2026-08-21,B,FERROBAMBA,Fase 5E,TD080,3930,061,RP,2344,13.8333333333333,14.1666666666667,43.8000000000002,,14.6
89617072,Mina Bambas,2026-08-21,B,FERROBAMBA,Fase 5E,TD080,3930,061,RP,2316,14.1666666666667,14.8333333333333,21.9,,14.6
89617073,Mina Bambas,2026-08-21,B,FERROBAMBA,Fase 5E,TD080,3930,061,RP,2280,14.8333333333333,15.3333333333333,29.2,,14.6
89617074,Mina Bambas,2026-08-21,B,FERROBAMBA,Fase 5E,TD080,3930,061,RP,2300,15.3333333333333,15.8333333333333,29.2,,14.6
89634110,Mina Bambas Rotativas - Ferrobamba,2026-08-22,A,FERROBAMBA,Fase 5N,TD092,3585,286,MP,732,6.5,7.26666666666667,20.3478260869565,,15.6
89634111,Mina Bambas Rotativas - Ferrobamba,2026-08-22,A,FERROBAMBA,Fase 5N,TD092,3585,286,MP,702,7.5,8.13333333333333,24.7894736842105,,15.7
89634112,Mina Bambas Rotativas - Ferrobamba,2026-08-22,A,FERROBAMBA,Fase 5N,TD092,3585,286,MP,703,8.13333333333333,8.76666666666667,24.6315789473684,,15.6
89634113,Mina Bambas Rotativas - Ferrobamba,2026-08-22,A,FERROBAMBA,Fase 5N,TD092,3585,286,MP,716,8.76666666666667,9.56666666666667,19.25,,15.4
89634114,Mina Bambas Rotativas - Ferrobamba,2026-08-22,A,FERROBAMBA,Fase 5N,TD092,3585,286,MP,705,9.76666666666667,10.3833333333333,26.7567567567568,,16.5
89634115,Mina Bambas Rotativas - Ferrobamba,2026-08-22,A,FERROBAMBA,Fase 5N,TD092,3585,286,MP,672,10.3833333333333,11.0166666666667,25.578947368421,,16.2
89634116,Mina Bambas Rotativas - Ferrobamba,2026-08-22,A,FERROBAMBA,Fase 5N,TD092,3585,286,MP,704,11.0166666666667,11.7166666666667,22.8571428571429,,16.0
89634117,Mina Bambas Rotativas - Ferrobamba,2026-08-22,A,FERROBAMBA,Fase 5N,TD092,3585,286,MP,749,11.7166666666667,12.4166666666667,22.1428571428572,,15.5
89634118,Mina Bambas Rotativas - Ferrobamba,2026-08-22,A,FERROBAMBA,Fase 5N,TD092,3585,286,MP,748,12.45,13.1,23.5384615384615,,15.3
89634119,Mina Bambas Rotativas - Ferrobamba,2026-08-22,A,FERROBAMBA,Fase 5N,TD092,3585,286,MP,747,13.1333333333333,13.75,24.8108108108108,,15.3
89634120,Mina Bambas Rotativas - Ferrobamba,2026-08-22,A,FERROBAMBA,Fase 5N,TD092,3585,286,MP,746,13.7666666666667,14.4166666666667,23.8461538461539,,15.5
89634121,Mina Bambas Rotativas - Ferrobamba,2026-08-22,A,FERROBAMBA,Fase 5N,TD092,3585,286,MP,745,14.4333333333333,15.1333333333333,21.8571428571429,,15.3
89634122,Mina Bambas Rotativas - Ferrobamba,2026-08-22,A,FERROBAMBA,Fase 5N,TD092,3585,286,MP,744,15.1666666666667,15.8166666666667,23.3846153846154,,15.2
89634123,Mina Bambas Rotativas - Ferrobamba,2026-08-22,A,FERROBAMBA,Fase 5N,TD092,3585,286,MP,743,15.85,16.5333333333333,22.2439024390243,,15.2
89634124,Mina Bambas Rotativas - Ferrobamba,2026-08-22,A,FERROBAMBA,Fase 5N,TD092,3585,286,MP,742,16.5666666666667,17.0,35.3076923076923,,15.3
89634125,Mina Bambas Rotativas - Ferrobamba,2026-08-22,A,FERROBAMBA,Fase 5N,TD092,3585,286,MS,1026,17.0,17.4833333333333,32.0689655172413,,15.5
89634126,Mina Bambas Rotativas - Ferrobamba,2026-08-22,A,FERROBAMBA,Fase 5N,TD092,3585,286,MS,1027,17.5,17.9833333333333,32.2758620689655,,15.6
89634127,Mina Bambas Rotativas - Ferrobamba,2026-08-22,A,FERROBAMBA,Fase 5N,TD092,3585,286,MS,1028,18.0,18.5,31.2,,15.6
89635128,Mina Bambas Rotativas - Ferrobamba,2026-08-22,A,FERROBAMBA,Fase 5N,TD091,3585,286,B2,282,9.16666666666667,9.71666666666667,29.2727272727272,,16.1
89635129,Mina Bambas Rotativas - Ferrobamba,2026-08-22,A,FERROBAMBA,Fase 5N,TD091,3585,286,B2,283,9.8,10.5833333333333,20.5531914893617,,16.1
89635130,Mina Bambas Rotativas - Ferrobamba,2026-08-22,A,FERROBAMBA,Fase 5N,TD091,3585,286,MP,621,10.6833333333333,11.5833333333333,17.0,,15.3
89635131,Mina Bambas Rotativas - Ferrobamba,2026-08-22,A,FERROBAMBA,Fase 5N,TD091,3585,286,MP,622,11.6666666666667,12.5833333333333,16.8,,15.4
89635132,Mina Bambas Rotativas - Ferrobamba,2026-08-22,A,FERROBAMBA,Fase 5N,TD091,3585,286,MP,660,12.6666666666667,13.5833333333333,16.6909090909091,,15.3
89635133,Mina Bambas Rotativas - Ferrobamba,2026-08-22,A,FERROBAMBA,Fase 5N,TD091,3585,286,MP,659,13.6666666666667,14.5833333333333,16.6909090909091,,15.3
89635134,Mina Bambas Rotativas - Ferrobamba,2026-08-22,A,FERROBAMBA,Fase 5N,TD091,3585,286,MP,658,14.6666666666667,15.5666666666667,17.0,,15.3
89635135,Mina Bambas Rotativas - Ferrobamba,2026-08-22,A,FERROBAMBA,Fase 5N,TD091,3585,286,MP,657,15.65,16.5833333333333,16.6071428571429,,15.5
89635136,Mina Bambas Rotativas - Ferrobamba,2026-08-22,A,FERROBAMBA,Fase 5N,TD091,3585,286,MP,668,16.6666666666667,17.5666666666667,17.1111111111111,,15.4
89635137,Mina Bambas Rotativas - Ferrobamba,2026-08-22,A,FERROBAMBA,Fase 5N,TD091,3585,286,MP,669,17.65,18.5,17.8823529411764,,15.2
89636138,Mina Bambas,2026-08-22,A,FERROBAMBA,Fase 5N,TD030,3600,070,P,6293,6.5,6.61666666666667,51.4285714285712,,6.0
89636139,Mina Bambas,2026-08-22,A,FERROBAMBA,Fase 5N,TD030,3600,070,P,6287,6.61666666666667,6.73333333333333,51.4285714285716,,6.0
89636140,Mina Bambas,2026-08-22,A,FERROBAMBA,Fase 5N,TD030,3600,070,P,6338,6.73333333333333,6.83333333333333,60.0000000000002,,6.0
89636141,Mina Bambas,2026-08-22,A,FERROBAMBA,Fase 5N,TD030,3600,070,P,6303,6.83333333333333,6.95,51.4285714285712,,6.0
89636142,Mina Bambas,2026-08-22,A,FERROBAMBA,Fase 5N,TD030,3600,070,P,6329,6.95,7.06666666666667,51.4285714285716,,6.0
89636143,Mina Bambas,2026-08-22,A,FERROBAMBA,Fase 5N,TD030,3600,070,P,6306,7.06666666666667,7.16666666666667,59.9999999999997,,6.0
89636144,Mina Bambas,2026-08-22,A,FERROBAMBA,Fase 5N,TD030,3600,070,P,6337,7.16666666666667,7.26666666666667,60.0000000000002,,6.0
89636145,Mina Bambas,2026-08-22,A,FERROBAMBA,Fase 5N,TD030,3600,070,P,6304,7.26666666666667,7.36666666666667,60.0000000000002,,6.0
89636146,Mina Bambas,2026-08-22,A,FERROBAMBA,Fase 5N,TD030,3600,070,P,6302,7.36666666666667,7.5,44.9999999999999,,6.0
89636147,Mina Bambas,2026-08-22,A,FERROBAMBA,Fase 5N,TD030,3600,070,P,6328,7.66666666666667,7.86666666666667,30.0,,6.0
89636148,Mina Bambas,2026-08-22,A,FERROBAMBA,Fase 5N,TD030,3600,070,P,6336,7.86666666666667,8.03333333333333,36.0000000000001,,6.0
89636149,Mina Bambas,2026-08-22,A,FERROBAMBA,Fase 5N,TD030,3600,070,P,6305,8.03333333333333,8.25,27.6923076923077,,6.0
89636150,Mina Bambas,2026-08-22,A,FERROBAMBA,Fase 5N,TD030,3600,070,P,6327,8.25,8.45,32.5000000000001,,6.5
89636151,Mina Bambas,2026-08-22,A,FERROBAMBA,Fase 5N,TD030,3600,070,P,6335,8.45,8.66666666666667,30.0,,6.5
89636152,Mina Bambas,2026-08-22,A,FERROBAMBA,Fase 5N,TD030,3600,070,P,6297,8.66666666666667,8.9,27.8571428571427,,6.5
89636153,Mina Bambas,2026-08-22,A,FERROBAMBA,Fase 5N,TD030,3600,070,P,6270,8.9,9.13333333333333,27.857142857143,,6.5
89636154,Mina Bambas,2026-08-22,A,FERROBAMBA,Fase 5N,TD030,3600,070,P,6326,9.13333333333333,9.35,30.0,,6.5
89636155,Mina Bambas,2026-08-22,A,FERROBAMBA,Fase 5N,TD030,3600,070,P,6334,9.35,9.55,32.4999999999998,,6.5
89636156,Mina Bambas,2026-08-22,A,FERROBAMBA,Fase 5N,TD030,3600,070,P,6278,9.55,9.75,32.5000000000001,,6.5
89636157,Mina Bambas,2026-08-22,A,FERROBAMBA,Fase 5N,TD030,3600,070,P,6258,10.3333333333333,10.5333333333333,30.0000000000001,,6.0
89636158,Mina Bambas,2026-08-22,A,FERROBAMBA,Fase 5N,TD030,3600,070,P,6269,10.5333333333333,10.7166666666667,32.7272727272727,,6.0
89636159,Mina Bambas,2026-08-22,A,FERROBAMBA,Fase 5N,TD030,3600,070,P,6263,10.7166666666667,10.9166666666667,30.0000000000001,,6.0
89636160,Mina Bambas,2026-08-22,A,FERROBAMBA,Fase 5N,TD030,3600,070,P,6277,10.9166666666667,11.1333333333333,27.6923076923077,,6.0
89636161,Mina Bambas,2026-08-22,A,FERROBAMBA,Fase 5N,TD030,3600,070,P,6271,11.1333333333333,11.3333333333333,29.9999999999998,,6.0
89636162,Mina Bambas,2026-08-22,A,FERROBAMBA,Fase 5N,TD030,3600,070,P,6284,11.3333333333333,11.5166666666667,32.7272727272727,,6.0
89636163,Mina Bambas,2026-08-22,A,FERROBAMBA,Fase 5N,TD030,3600,070,P,6294,11.5166666666667,11.7166666666667,30.0000000000001,,6.0
89636164,Mina Bambas,2026-08-22,A,FERROBAMBA,Fase 5N,TD030,3600,070,P,6299,11.7166666666667,11.9166666666667,30.0000000000001,,6.0
89636165,Mina Bambas,2026-08-22,A,FERROBAMBA,Fase 5N,TD030,3600,070,P,6291,11.9166666666667,12.1,32.7272727272727,,6.0
89636166,Mina Bambas,2026-08-22,A,FERROBAMBA,Fase 5N,TD030,3600,070,P,6300,12.1,12.3,29.9999999999998,,6.0
89636167,Mina Bambas,2026-08-22,A,FERROBAMBA,Fase 5N,TD030,3600,070,P,6292,12.3,12.5,30.0000000000001,,6.0
89636168,Mina Bambas,2026-08-22,A,FERROBAMBA,Fase 5N,TD030,3600,070,P,6295,12.5,12.7,30.0000000000001,,6.0
89636169,Mina Bambas,2026-08-22,A,FERROBAMBA,Fase 5N,TD030,3600,070,P,6283,12.7,12.8333333333333,44.9999999999996,,6.0
89636170,Mina Bambas,2026-08-22,A,FERROBAMBA,Fase 5N,TD030,3600,070,P,6282,13.8333333333333,14.0,36.0000000000001,,6.0
89636171,Mina Bambas,2026-08-22,A,FERROBAMBA,Fase 5N,TD030,3600,070,P,6275,14.0,14.1833333333333,32.7272727272727,,6.0
89636172,Mina Bambas,2026-08-22,A,FERROBAMBA,Fase 5N,TD030,3600,070,P,6274,14.1833333333333,14.3666666666667,32.7272727272727,,6.0
89636173,Mina Bambas,2026-08-22,A,FERROBAMBA,Fase 5N,TD030,3600,070,P,6276,14.3666666666667,14.5666666666667,30.0000000000001,,6.0
89636174,Mina Bambas,2026-08-22,A,FERROBAMBA,Fase 5N,TD030,3600,070,P,6285,14.5666666666667,14.75,32.7272727272727,,6.0
89636175,Mina Bambas,2026-08-22,A,FERROBAMBA,Fase 5N,TD030,3600,070,P,6286,14.75,14.95,30.0000000000001,,6.0
89636176,Mina Bambas,2026-08-22,A,FERROBAMBA,Fase 5N,TD030,3600,070,P,6280,14.95,15.1333333333333,32.7272727272727,,6.0
89636177,Mina Bambas,2026-08-22,A,FERROBAMBA,Fase 5N,TD030,3600,070,P,6248,15.1333333333333,15.3333333333333,29.9999999999998,,6.0
89636178,Mina Bambas,2026-08-22,A,FERROBAMBA,Fase 5N,TD030,3600,070,P,6289,15.3333333333333,15.5166666666667,32.7272727272727,,6.0
89636179,Mina Bambas,2026-08-22,A,FERROBAMBA,Fase 5N,TD030,3600,070,P,6268,15.5166666666667,15.7,32.727272727273,,6.0
89636180,Mina Bambas,2026-08-22,A,FERROBAMBA,Fase 5N,TD030,3600,070,P,6264,15.7,15.8833333333333,32.7272727272727,,6.0
89636181,Mina Bambas,2026-08-22,A,FERROBAMBA,Fase 5N,TD030,3600,070,P,6266,15.8833333333333,16.0833333333333,30.0000000000001,,6.0
89636182,Mina Bambas,2026-08-22,A,FERROBAMBA,Fase 5N,TD030,3585,287,P,125,16.0833333333333,16.3333333333333,32.0,,8.0
89636183,Mina Bambas,2026-08-22,A,FERROBAMBA,Fase 5N,TD030,3585,287,P,126,16.3333333333333,16.5833333333333,32.0,,8.0
89636184,Mina Bambas,2026-08-22,A,FERROBAMBA,Fase 5N,TD030,3585,287,P,127,16.5833333333333,16.8166666666667,29.9999999999999,,7.0
89636185,Mina Bambas,2026-08-22,A,FERROBAMBA,Fase 5N,TD030,3585,287,P,111,16.8166666666667,17.05,29.9999999999999,,7.0
89636186,Mina Bambas,2026-08-22,A,FERROBAMBA,Fase 5N,TD030,3585,287,P,112,17.05,17.3,28.0,,7.0
89636187,Mina Bambas,2026-08-22,A,FERROBAMBA,Fase 5N,TD030,3585,287,P,113,17.3,17.5833333333333,24.7058823529413,,7.0
89636188,Mina Bambas,2026-08-22,A,FERROBAMBA,Fase 5N,TD030,3585,287,P,114,17.5833333333333,17.8333333333333,30.0,,7.5
89636189,Mina Bambas,2026-08-22,A,FERROBAMBA,Fase 5N,TD030,3585,287,P,115,18.0,18.25,28.0,,7.0
89636190,Mina Bambas,2026-08-22,A,FERROBAMBA,Fase 5N,TD030,3585,287,P,116,18.25,18.5,28.0,,7.0
89638191,Mina Bambas,2026-08-22,A,CHALCOBAMBA,Fase 01,TD073,4435,520,PC,5348,10.4166666666667,10.9166666666667,33.2,,16.6
89638192,Mina Bambas,2026-08-22,A,CHALCOBAMBA,Fase 01,TD073,4435,520,PC,5349,10.9166666666667,12.3333333333333,11.7176470588235,,16.6
89638193,Mina Bambas,2026-08-22,A,CHALCOBAMBA,Fase 01,TD073,4435,520,PC,5350,12.3333333333333,12.8333333333333,33.2,,16.6
89638194,Mina Bambas,2026-08-22,A,CHALCOBAMBA,Fase 01,TD073,4435,520,PC,5351,12.8333333333333,13.25,39.8400000000001,,16.6
89638195,Mina Bambas,2026-08-22,A,CHALCOBAMBA,Fase 01,TD073,4435,520,PC,5352,13.25,13.75,33.2,,16.6
89638196,Mina Bambas,2026-08-22,A,CHALCOBAMBA,Fase 01,TD073,4435,520,PC,5353,13.75,14.25,33.2,,16.6
89638197,Mina Bambas,2026-08-22,A,CHALCOBAMBA,Fase 01,TD073,4435,520,PC,5354,14.4166666666667,14.9166666666667,33.2,,16.6
89638198,Mina Bambas,2026-08-22,A,CHALCOBAMBA,Fase 01,TD073,4435,520,PC,5355,14.9166666666667,15.4166666666667,33.2,,16.6
89638199,Mina Bambas,2026-08-22,A,CHALCOBAMBA,Fase 01,TD073,4435,520,PC,5356,15.4166666666667,15.8333333333333,39.8399999999999,,16.6
89638200,Mina Bambas,2026-08-22,A,CHALCOBAMBA,Fase 01,TD073,4435,520,PC,5408,15.8333333333333,16.3333333333333,32.0000000000001,,16.0
89638201,Mina Bambas,2026-08-22,A,CHALCOBAMBA,Fase 01,TD073,4435,520,PC,5409,16.3333333333333,16.75,38.3999999999999,,16.0
89638202,Mina Bambas,2026-08-22,A,CHALCOBAMBA,Fase 01,TD073,4435,520,PC,5410,16.75,17.1666666666667,38.3999999999999,,16.0
89638203,Mina Bambas,2026-08-22,A,CHALCOBAMBA,Fase 01,TD073,4435,520,PC,5411,17.1666666666667,17.6666666666667,32.0,,16.0
89638204,Mina Bambas,2026-08-22,A,CHALCOBAMBA,Fase 01,TD073,4435,520,PC,5412,17.6666666666667,18.0833333333333,38.8800000000002,,16.2
89638205,Mina Bambas,2026-08-22,A,CHALCOBAMBA,Fase 01,TD073,4435,520,PC,5413,18.0833333333333,18.5,38.8799999999999,,16.2
89639206,Mina Bambas,2026-08-22,A,CHALCOBAMBA,Fase 01,TD074,4435,520,PC,5381,13.0,13.5,33.0,,16.5
89639207,Mina Bambas,2026-08-22,A,CHALCOBAMBA,Fase 01,TD074,4435,520,PC,5382,13.5,14.0,33.0,,16.5
89639208,Mina Bambas,2026-08-22,A,CHALCOBAMBA,Fase 01,TD074,4435,520,PC,5383,14.1666666666667,14.6666666666667,33.0,,16.5
89639209,Mina Bambas,2026-08-22,A,CHALCOBAMBA,Fase 01,TD074,4435,520,PC,5384,14.6666666666667,15.25,28.2857142857143,,16.5
89639210,Mina Bambas,2026-08-22,A,CHALCOBAMBA,Fase 01,TD074,4435,520,PC,5385,15.25,16.1666666666667,18.0,,16.5
89639211,Mina Bambas,2026-08-22,A,CHALCOBAMBA,Fase 01,TD074,4435,520,PC,5386,16.1666666666667,16.6666666666667,33.0,,16.5
89639212,Mina Bambas,2026-08-22,A,CHALCOBAMBA,Fase 01,TD074,4435,520,PC,5387,16.6666666666667,17.1666666666667,33.0,,16.5
89639213,Mina Bambas,2026-08-22,A,CHALCOBAMBA,Fase 01,TD074,4435,520,PC,5388,17.1666666666667,17.6666666666667,33.0,,16.5
89639214,Mina Bambas,2026-08-22,A,CHALCOBAMBA,Fase 01,TD074,4435,520,PC,5389,17.6666666666667,18.0833333333333,39.6000000000002,,16.5
89639215,Mina Bambas,2026-08-22,A,CHALCOBAMBA,Fase 01,TD074,4435,520,PC,5390,18.0833333333333,18.5,39.5999999999999,,16.5
89640216,Mina Bambas,2026-08-22,A,FERROBAMBA,Fase 5S,TD076,3690,511,PC,5425,6.5,7.5,16.8,,16.8
89640217,Mina Bambas,2026-08-22,A,FERROBAMBA,Fase 5S,TD076,3690,511,PC,5426,7.75,8.5,22.4,,16.8
89640218,Mina Bambas,2026-08-22,A,FERROBAMBA,Fase 5S,TD076,3690,511,PC,5427,8.5,9.16666666666667,25.2,,16.8
89640219,Mina Bambas,2026-08-22,A,FERROBAMBA,Fase 5N,TD076,3600,070,P,6333,10.5,10.8333333333333,16.5,,5.5
89640220,Mina Bambas,2026-08-22,A,FERROBAMBA,Fase 5N,TD076,3600,070,P,6262,10.8333333333333,11.1666666666667,16.5000000000001,,5.5
89640221,Mina Bambas,2026-08-22,A,FERROBAMBA,Fase 5N,TD076,3600,070,P,6325,12.0,12.3333333333333,16.5,,5.5
89640222,Mina Bambas,2026-08-22,A,FERROBAMBA,Fase 5N,TD076,3600,070,P,6324,12.3333333333333,12.6666666666667,16.5000000000001,,5.5
89640223,Mina Bambas,2026-08-22,A,FERROBAMBA,Fase 5N,TD076,3600,070,P,6254,12.6666666666667,13.0,16.5,,5.5
89640224,Mina Bambas,2026-08-22,A,FERROBAMBA,Fase 5N,TD076,3600,070,P,6332,13.0,13.3333333333333,16.5,,5.5
89640225,Mina Bambas,2026-08-22,A,FERROBAMBA,Fase 5N,TD076,3600,070,P,6247,13.3333333333333,13.6666666666667,16.5000000000001,,5.5
89640226,Mina Bambas,2026-08-22,A,FERROBAMBA,Fase 5N,TD076,3600,070,P,6322,13.6666666666667,14.0,16.5,,5.5
89640227,Mina Bambas,2026-08-22,A,FERROBAMBA,Fase 5N,TD076,3600,070,P,6331,14.0,14.3333333333333,16.5,,5.5
89640228,Mina Bambas,2026-08-22,A,FERROBAMBA,Fase 5N,TD076,3600,070,P,6240,14.3333333333333,14.6666666666667,16.5000000000001,,5.5
89640229,Mina Bambas,2026-08-22,A,FERROBAMBA,Fase 5N,TD076,3600,070,P,6330,14.6666666666667,15.0,16.5,,5.5
89640230,Mina Bambas,2026-08-22,A,FERROBAMBA,Fase 5N,TD076,3600,070,P,6311,15.0,15.3333333333333,16.5,,5.5
89640231,Mina Bambas,2026-08-22,A,FERROBAMBA,Fase 5N,TD076,3600,070,P,6241,15.3333333333333,15.6666666666667,16.5000000000001,,5.5
89640232,Mina Bambas,2026-08-22,A,FERROBAMBA,Fase 5N,TD076,3600,070,P,6312,15.6666666666667,16.0,16.5,,5.5
89640233,Mina Bambas,2026-08-22,A,FERROBAMBA,Fase 5N,TD076,3600,070,RP,6289,16.0,16.3333333333333,16.5000000000001,,5.5
89640234,Mina Bambas,2026-08-22,A,FERROBAMBA,Fase 5N,TD076,3600,070,RP,6282,16.3333333333333,16.6666666666667,16.4999999999999,,5.5
89640235,Mina Bambas,2026-08-22,A,FERROBAMBA,Fase 5N,TD076,3600,070,P,6315,16.6666666666667,17.0,16.5000000000001,,5.5
89640236,Mina Bambas,2026-08-22,A,FERROBAMBA,Fase 5N,TD076,3600,070,P,6234,17.0,17.3333333333333,16.5000000000001,,5.5
89640237,Mina Bambas,2026-08-22,A,FERROBAMBA,Fase 5N,TD076,3600,070,P,6323,17.3333333333333,17.6666666666667,16.4999999999999,,5.5
89640238,Mina Bambas,2026-08-22,A,FERROBAMBA,Fase 5N,TD076,3600,070,P,6313,17.6666666666667,18.0,16.5000000000001,,5.5
89640239,Mina Bambas,2026-08-22,A,FERROBAMBA,Fase 5N,TD076,3600,070,RP,6315,18.0,18.5,11.0,,5.5
89641240,Mina Bambas,2026-08-22,A,CHALCOBAMBA,Fase 01,TD077,4435,520,PC,5358,10.3333333333333,10.6666666666667,48.0000000000002,,16.0
89641241,Mina Bambas,2026-08-22,A,CHALCOBAMBA,Fase 01,TD077,4435,520,PC,5359,10.6666666666667,11.0,47.9999999999999,,16.0
89641242,Mina Bambas,2026-08-22,A,CHALCOBAMBA,Fase 01,TD077,4435,520,PC,5360,11.0,11.3333333333333,47.9999999999999,,16.0
89641243,Mina Bambas,2026-08-22,A,CHALCOBAMBA,Fase 01,TD077,4435,520,PC,5361,11.3333333333333,11.6666666666667,48.0000000000002,,16.0
89641244,Mina Bambas,2026-08-22,A,CHALCOBAMBA,Fase 01,TD077,4435,520,PC,5362,11.6666666666667,12.0,47.9999999999999,,16.0
89641245,Mina Bambas,2026-08-22,A,CHALCOBAMBA,Fase 01,TD077,4435,520,PC,5363,12.0,12.3333333333333,47.9999999999999,,16.0
89641246,Mina Bambas,2026-08-22,A,CHALCOBAMBA,Fase 01,TD077,4435,520,PC,5364,12.3333333333333,12.6666666666667,48.0000000000002,,16.0
89641247,Mina Bambas,2026-08-22,A,CHALCOBAMBA,Fase 01,TD077,4435,520,PC,5365,12.6666666666667,13.0,47.9999999999999,,16.0
89641248,Mina Bambas,2026-08-22,A,CHALCOBAMBA,Fase 01,TD077,4435,520,PC,5366,13.0,13.3333333333333,47.9999999999999,,16.0
89641249,Mina Bambas,2026-08-22,A,CHALCOBAMBA,Fase 01,TD077,4435,520,PC,5367,13.3333333333333,13.6666666666667,48.0000000000002,,16.0
89641250,Mina Bambas,2026-08-22,A,CHALCOBAMBA,Fase 01,TD077,4435,520,PC,5368,13.6666666666667,14.0,47.9999999999999,,16.0
89641251,Mina Bambas,2026-08-22,A,CHALCOBAMBA,Fase 01,TD077,4435,520,PC,5369,14.0,14.3333333333333,47.9999999999999,,16.0
89641252,Mina Bambas,2026-08-22,A,CHALCOBAMBA,Fase 01,TD077,4435,520,PC,5370,14.3333333333333,14.6666666666667,48.0000000000002,,16.0
89641253,Mina Bambas,2026-08-22,A,CHALCOBAMBA,Fase 01,TD077,4435,520,PC,5371,14.9166666666667,15.3333333333333,38.3999999999999,,16.0
89641254,Mina Bambas,2026-08-22,A,CHALCOBAMBA,Fase 01,TD077,4435,520,PC,5372,15.3333333333333,15.75,38.4000000000001,,16.0
89641255,Mina Bambas,2026-08-22,A,CHALCOBAMBA,Fase 01,TD077,4435,520,PC,5373,15.75,16.1666666666667,38.3999999999999,,16.0
89641256,Mina Bambas,2026-08-22,A,CHALCOBAMBA,Fase 01,TD077,4435,520,PC,5374,16.1666666666667,16.5833333333333,38.4000000000002,,16.0
89641257,Mina Bambas,2026-08-22,A,CHALCOBAMBA,Fase 01,TD077,4435,520,PC,5375,16.5833333333333,17.0,38.3999999999999,,16.0
89641258,Mina Bambas,2026-08-22,A,CHALCOBAMBA,Fase 01,TD077,4435,520,PC,5376,17.0,17.4166666666667,38.3999999999999,,16.0
89641259,Mina Bambas,2026-08-22,A,CHALCOBAMBA,Fase 01,TD077,4435,520,PC,5377,17.4166666666667,17.8333333333333,38.4000000000002,,16.0
89641260,Mina Bambas,2026-08-22,A,CHALCOBAMBA,Fase 01,TD077,4435,520,PC,5378,17.8333333333333,18.1666666666667,47.9999999999997,,16.0
89641261,Mina Bambas,2026-08-22,A,CHALCOBAMBA,Fase 01,TD077,4435,520,PC,5379,18.1666666666667,18.5,48.0000000000002,,16.0
89642262,Mina Bambas Rotativas - Ferrobamba,2026-08-22,B,FERROBAMBA,Fase 5N,TD091,3585,286,MP,670,6.5,7.25,20.9333333333333,,15.7
89642263,Mina Bambas Rotativas - Ferrobamba,2026-08-22,B,FERROBAMBA,Fase 5N,TD091,3585,286,MP,671,7.5,8.16666666666667,23.55,,15.7
89642264,Mina Bambas Rotativas - Ferrobamba,2026-08-22,B,FERROBAMBA,Fase 5N,TD091,3585,286,MP,656,8.21666666666667,8.88333333333333,23.7,,15.8
89642265,Mina Bambas Rotativas - Ferrobamba,2026-08-22,B,FERROBAMBA,Fase 5N,TD091,3585,286,MP,655,8.91666666666667,9.58333333333333,23.85,,15.9
89642266,Mina Bambas Rotativas - Ferrobamba,2026-08-22,B,FERROBAMBA,Fase 5N,TD091,3585,286,MP,654,9.61666666666667,10.25,25.2631578947369,,16.0
89642267,Mina Bambas Rotativas - Ferrobamba,2026-08-22,B,FERROBAMBA,Fase 5N,TD091,3585,286,MP,673,10.5,11.2166666666667,22.4651162790698,,16.1
89642268,Mina Bambas Rotativas - Ferrobamba,2026-08-22,B,FERROBAMBA,Fase 5N,TD091,3585,286,MP,674,11.2666666666667,11.9666666666667,23.0,,16.1
89642269,Mina Bambas Rotativas - Ferrobamba,2026-08-22,B,FERROBAMBA,Fase 5N,TD091,3585,286,MP,701,12.0,12.6666666666667,24.15,,16.1
89642270,Mina Bambas Rotativas - Ferrobamba,2026-08-22,B,FERROBAMBA,Fase 5N,TD091,3585,286,MP,700,12.7,13.2833333333333,27.4285714285714,,16.0
89642271,Mina Bambas Rotativas - Ferrobamba,2026-08-22,B,FERROBAMBA,Fase 5N,TD091,3585,286,MP,675,13.3333333333333,13.9833333333333,24.6153846153847,,16.0
89642272,Mina Bambas Rotativas - Ferrobamba,2026-08-22,B,FERROBAMBA,Fase 5N,TD091,3585,286,MP,699,14.0,14.6333333333333,25.2631578947369,,16.0
89642273,Mina Bambas Rotativas - Ferrobamba,2026-08-22,B,FERROBAMBA,Fase 5N,TD091,3585,286,MP,733,14.6666666666667,15.3333333333333,24.0,,16.0
89642274,Mina Bambas Rotativas - Ferrobamba,2026-08-22,B,FERROBAMBA,Fase 5N,TD091,3585,286,MP,653,15.3833333333333,16.0833333333333,22.8571428571429,,16.0
89643275,Mina Bambas Rotativas - Ferrobamba,2026-08-22,B,FERROBAMBA,Fase 5N,TD092,3585,286,MS,1029,6.5,7.25,18.6666666666667,,14.0
89643276,Mina Bambas Rotativas - Ferrobamba,2026-08-22,B,FERROBAMBA,Fase 5N,TD092,3585,286,MS,1030,7.5,7.91666666666667,33.6,,14.0
89643277,Mina Bambas Rotativas - Ferrobamba,2026-08-22,B,FERROBAMBA,Fase 5N,TD092,3585,286,MS,1034,8.0,8.35,42.8571428571429,,15.0
89643278,Mina Bambas Rotativas - Ferrobamba,2026-08-22,B,FERROBAMBA,Fase 5N,TD092,3585,286,MS,1033,8.43333333333333,8.83333333333333,37.5,,15.0
89643279,Mina Bambas Rotativas - Ferrobamba,2026-08-22,B,FERROBAMBA,Fase 5N,TD092,3585,286,MS,1051,9.0,9.58333333333333,25.7142857142857,,15.0
89643280,Mina Bambas Rotativas - Ferrobamba,2026-08-22,B,FERROBAMBA,Fase 5N,TD092,3585,286,MP,512,9.66666666666667,10.0833333333333,36.7199999999999,,15.3
89643281,Mina Bambas Rotativas - Ferrobamba,2026-08-22,B,FERROBAMBA,Fase 5N,TD092,3585,286,MP,510,10.3333333333333,11.0,23.25,,15.5
89643282,Mina Bambas Rotativas - Ferrobamba,2026-08-22,B,FERROBAMBA,Fase 5N,TD092,3585,286,MP,511,11.0166666666667,11.3333333333333,48.9473684210527,,15.5
89643283,Mina Bambas Rotativas - Ferrobamba,2026-08-22,B,FERROBAMBA,Fase 5N,TD092,3585,286,MP,493,11.3666666666667,11.7166666666667,44.2857142857143,,15.5
89643284,Mina Bambas Rotativas - Ferrobamba,2026-08-22,B,FERROBAMBA,Fase 5N,TD092,3585,286,MP,491,11.7666666666667,12.1166666666667,45.7142857142858,,16.0
89643285,Mina Bambas Rotativas - Ferrobamba,2026-08-22,B,FERROBAMBA,Fase 5N,TD092,3585,286,MP,492,12.1666666666667,12.5833333333333,38.3999999999999,,16.0
89643286,Mina Bambas Rotativas - Ferrobamba,2026-08-22,B,FERROBAMBA,Fase 5N,TD092,3585,286,MP,485,12.6333333333333,13.0,42.5454545454545,,15.6
89643287,Mina Bambas Rotativas - Ferrobamba,2026-08-22,B,FERROBAMBA,Fase 5N,TD092,3585,254,MP,451,13.0833333333333,13.6666666666667,27.4285714285715,,16.0
89643288,Mina Bambas Rotativas - Ferrobamba,2026-08-22,B,FERROBAMBA,Fase 5N,TD092,3585,254,MP,464,13.6833333333333,14.0,50.5263157894737,,16.0
89646293,Mina Bambas,2026-08-22,B,FERROBAMBA,Fase 5N,TD030,3585,287,P,101,6.5,6.83333333333333,21.0,,7.0
89646294,Mina Bambas,2026-08-22,B,FERROBAMBA,Fase 5N,TD030,3585,287,P,103,6.83333333333333,7.16666666666667,21.0,,7.0
89646295,Mina Bambas,2026-08-22,B,FERROBAMBA,Fase 5N,TD030,3585,287,P,135,7.16666666666667,7.66666666666667,14.0,,7.0
89646296,Mina Bambas,2026-08-22,B,FERROBAMBA,Fase 5N,TD030,3585,287,P,155,7.66666666666667,8.0,21.0,,7.0
89646297,Mina Bambas,2026-08-22,B,FERROBAMBA,Fase 5N,TD030,3585,287,P,159,8.0,8.33333333333333,21.0,,7.0
89646298,Mina Bambas,2026-08-22,B,FERROBAMBA,Fase 5N,TD030,3585,287,P,161,8.33333333333333,8.66666666666667,21.0000000000001,,7.0
89646299,Mina Bambas,2026-08-22,B,FERROBAMBA,Fase 5N,TD030,3585,287,P,163,8.66666666666667,9.0,21.0,,7.0
89646300,Mina Bambas,2026-08-22,B,FERROBAMBA,Fase 5N,TD030,3585,287,P,133,9.0,9.16666666666667,42.0000000000001,,7.0
89646301,Mina Bambas,2026-08-22,B,FERROBAMBA,Fase 5N,TD030,3600,070,P,6198,9.16666666666667,9.33333333333333,35.9999999999997,,6.0
89646302,Mina Bambas,2026-08-22,B,FERROBAMBA,Fase 5N,TD030,3600,070,P,6212,9.33333333333333,9.5,36.0000000000001,,6.0
89646303,Mina Bambas,2026-08-22,B,FERROBAMBA,Fase 5N,TD030,3600,070,P,6207,9.5,9.66666666666667,36.0000000000001,,6.0
89646304,Mina Bambas,2026-08-22,B,FERROBAMBA,Fase 5N,TD030,3600,070,P,6218,10.1666666666667,10.3333333333333,35.9999999999997,,6.0
89646305,Mina Bambas,2026-08-22,B,FERROBAMBA,Fase 5N,TD030,3600,070,P,6206,10.3333333333333,10.5,36.0000000000001,,6.0
89646306,Mina Bambas,2026-08-22,B,FERROBAMBA,Fase 5N,TD030,3600,070,P,6205,10.5,10.6666666666667,36.0000000000001,,6.0
89646307,Mina Bambas,2026-08-22,B,FERROBAMBA,Fase 5N,TD030,3600,070,P,6209,10.6666666666667,10.8333333333333,35.9999999999997,,6.0
89646308,Mina Bambas,2026-08-22,B,FERROBAMBA,Fase 5N,TD030,3600,070,P,6203,10.8333333333333,11.0,36.0000000000001,,6.0
89646309,Mina Bambas,2026-08-22,B,FERROBAMBA,Fase 5N,TD030,3600,070,P,6307,11.0,11.1666666666667,36.0000000000001,,6.0
89646310,Mina Bambas,2026-08-22,B,FERROBAMBA,Fase 5N,TD030,3600,070,P,6200,11.1666666666667,11.3333333333333,35.9999999999997,,6.0
89646311,Mina Bambas,2026-08-22,B,FERROBAMBA,Fase 5N,TD030,3600,070,P,6197,11.3333333333333,11.5,36.0000000000001,,6.0
89646312,Mina Bambas,2026-08-22,B,FERROBAMBA,Fase 5N,TD030,3600,070,P,6189,11.5,11.6666666666667,36.0000000000001,,6.0
89646313,Mina Bambas,2026-08-22,B,FERROBAMBA,Fase 5N,TD030,3600,070,P,6308,11.6666666666667,11.8333333333333,35.9999999999997,,6.0
89646314,Mina Bambas,2026-08-22,B,FERROBAMBA,Fase 5N,TD030,3600,070,P,6195,11.8333333333333,12.0,36.0000000000001,,6.0
89646315,Mina Bambas,2026-08-22,B,FERROBAMBA,Fase 5N,TD030,3600,070,P,6190,12.0,12.1666666666667,36.0000000000001,,6.0
89646316,Mina Bambas,2026-08-22,B,FERROBAMBA,Fase 5N,TD030,3600,070,P,6184,12.1666666666667,12.3333333333333,35.9999999999997,,6.0
89646317,Mina Bambas,2026-08-22,B,FERROBAMBA,Fase 5N,TD030,3600,070,P,6309,12.3333333333333,12.5,36.0000000000001,,6.0
89646318,Mina Bambas,2026-08-22,B,FERROBAMBA,Fase 5N,TD030,3600,070,P,6186,12.5,12.6666666666667,36.0000000000001,,6.0
89646319,Mina Bambas,2026-08-22,B,FERROBAMBA,Fase 5N,TD030,3600,070,P,6178,12.6666666666667,12.8333333333333,35.9999999999997,,6.0
89646320,Mina Bambas,2026-08-22,B,FERROBAMBA,Fase 5N,TD030,3600,070,P,6174,12.8333333333333,13.0,36.0000000000001,,6.0
89646321,Mina Bambas,2026-08-22,B,FERROBAMBA,Fase 5N,TD030,3600,070,P,6171,13.0,13.1666666666667,36.0000000000001,,6.0
89646322,Mina Bambas,2026-08-22,B,FERROBAMBA,Fase 5N,TD030,3600,070,P,6310,13.1666666666667,13.3333333333333,35.9999999999997,,6.0
89646323,Mina Bambas,2026-08-22,B,FERROBAMBA,Fase 5N,TD030,3600,070,P,6181,13.3333333333333,13.5,36.0000000000001,,6.0
89646324,Mina Bambas,2026-08-22,B,FERROBAMBA,Fase 5N,TD030,3600,070,P,6177,13.5,13.6666666666667,36.0000000000001,,6.0
89646325,Mina Bambas,2026-08-22,B,FERROBAMBA,Fase 5N,TD030,3600,070,P,6172,13.6666666666667,13.8333333333333,35.9999999999997,,6.0
89646326,Mina Bambas,2026-08-22,B,FERROBAMBA,Fase 5S,TD030,3690,511,PC,5428,16.4166666666667,17.0,28.4571428571429,,16.6
89646327,Mina Bambas,2026-08-22,B,FERROBAMBA,Fase 5S,TD030,3690,511,PC,5429,17.0,17.5,33.2,,16.6
89646328,Mina Bambas,2026-08-22,B,FERROBAMBA,Fase 5S,TD030,3690,511,PC,5430,17.5,18.0,33.2,,16.6
89646329,Mina Bambas,2026-08-22,B,FERROBAMBA,Fase 5S,TD030,3690,511,PC,5431,18.0,18.5,33.2,,16.6
89648330,Mina Bambas,2026-08-22,B,CHALCOBAMBA,Fase 01,TD073,4435,520,PC,5414,6.5,6.85,46.8571428571429,,16.4
89648331,Mina Bambas,2026-08-22,B,CHALCOBAMBA,Fase 01,TD073,4435,520,PC,5415,6.85,7.16666666666667,51.7894736842104,,16.4
89648332,Mina Bambas,2026-08-22,B,CHALCOBAMBA,Fase 01,TD073,4435,520,PC,5416,7.41666666666667,7.8,42.7826086956522,,16.4
89648333,Mina Bambas,2026-08-22,B,CHALCOBAMBA,Fase 01,TD073,4435,520,PC,5417,7.8,8.16666666666667,44.7272727272728,,16.4
89648334,Mina Bambas,2026-08-22,B,CHALCOBAMBA,Fase 01,TD073,4435,520,PC,5418,9.0,9.43333333333333,37.8461538461538,,16.4
89648335,Mina Bambas,2026-08-22,B,CHALCOBAMBA,Fase 01,TD073,4435,520,PC,5419,9.43333333333333,9.93333333333333,32.8,,16.4
89648336,Mina Bambas,2026-08-22,B,CHALCOBAMBA,Fase 01,TD073,4435,520,PC,5420,9.93333333333333,10.4666666666667,30.75,,16.4
89648337,Mina Bambas,2026-08-22,B,CHALCOBAMBA,Fase 01,TD073,4435,520,PC,5421,10.4666666666667,11.0,30.75,,16.4
89648338,Mina Bambas,2026-08-22,B,CHALCOBAMBA,Fase 01,TD073,4435,520,PC,5422,11.1666666666667,11.7,30.75,,16.4
89648339,Mina Bambas,2026-08-22,B,CHALCOBAMBA,Fase 01,TD073,4435,512,PC,5001,11.7,12.2333333333333,32.625,,17.4
89648340,Mina Bambas,2026-08-22,B,CHALCOBAMBA,Fase 01,TD073,4435,512,PC,5002,12.2333333333333,12.7666666666667,32.6249999999999,,17.4
89648341,Mina Bambas,2026-08-22,B,CHALCOBAMBA,Fase 01,TD073,4435,512,PC,5003,12.7666666666667,13.3,32.625,,17.4
89648342,Mina Bambas,2026-08-22,B,CHALCOBAMBA,Fase 01,TD073,4435,512,PC,5004,13.3,13.65,49.7142857142858,,17.4
89648343,Mina Bambas,2026-08-22,B,CHALCOBAMBA,Fase 01,TD073,4435,512,PC,5005,13.65,14.0666666666667,41.7600000000001,,17.4
89648344,Mina Bambas,2026-08-22,B,CHALCOBAMBA,Fase 01,TD073,4435,512,PC,5006,14.0666666666667,14.5,40.1538461538461,,17.4
89648345,Mina Bambas,2026-08-22,B,CHALCOBAMBA,Fase 01,TD073,4435,512,PC,5007,15.8333333333333,16.2,47.4545454545456,,17.4
89648346,Mina Bambas,2026-08-22,B,CHALCOBAMBA,Fase 01,TD073,4435,512,PC,5008,16.2,16.6333333333333,40.1538461538461,,17.4
89648347,Mina Bambas,2026-08-22,B,CHALCOBAMBA,Fase 01,TD073,4435,512,PC,5009,16.6333333333333,17.1833333333333,31.6363636363636,,17.4
89648348,Mina Bambas,2026-08-22,B,CHALCOBAMBA,Fase 01,TD073,4435,512,PC,5010,17.1833333333333,17.6666666666667,35.9999999999999,,17.4
89649349,Mina Bambas,2026-08-22,B,CHALCOBAMBA,Fase 01,TD074,4435,520,PC,5391,6.5,7.16666666666667,24.0,,16.0
89649350,Mina Bambas,2026-08-22,B,CHALCOBAMBA,Fase 01,TD074,4435,520,PC,5392,7.33333333333333,7.83333333333333,32.0,,16.0
89649351,Mina Bambas,2026-08-22,B,CHALCOBAMBA,Fase 01,TD074,4435,520,PC,5393,9.16666666666667,9.58333333333333,38.3999999999999,,16.0
89649352,Mina Bambas,2026-08-22,B,CHALCOBAMBA,Fase 01,TD074,4435,520,PC,5394,9.58333333333333,9.95,43.6363636363638,,16.0
89649353,Mina Bambas,2026-08-22,B,CHALCOBAMBA,Fase 01,TD074,4435,520,PC,5395,9.95,10.3333333333333,41.7391304347825,,16.0
89649354,Mina Bambas,2026-08-22,B,CHALCOBAMBA,Fase 01,TD074,4435,520,PC,5396,10.3333333333333,10.6833333333333,45.7142857142858,,16.0
89649355,Mina Bambas,2026-08-22,B,CHALCOBAMBA,Fase 01,TD074,4435,520,PC,5397,10.6833333333333,11.5,19.5918367346939,,16.0
89649356,Mina Bambas,2026-08-22,B,CHALCOBAMBA,Fase 01,TD074,4435,520,PC,5398,11.5,11.9166666666667,38.4000000000001,,16.0
89649357,Mina Bambas,2026-08-22,B,CHALCOBAMBA,Fase 01,TD074,4435,520,PC,5399,11.9166666666667,12.3333333333333,38.3999999999999,,16.0
89649358,Mina Bambas,2026-08-22,B,CHALCOBAMBA,Fase 01,TD074,4435,520,PC,5400,12.3333333333333,12.75,38.4000000000001,,16.0
89649359,Mina Bambas,2026-08-22,B,CHALCOBAMBA,Fase 01,TD074,4435,520,PC,5401,12.75,13.1666666666667,38.4000000000001,,16.0
89649360,Mina Bambas,2026-08-22,B,CHALCOBAMBA,Fase 01,TD074,4435,520,PC,5402,13.1666666666667,13.6666666666667,32.0,,16.0
89649361,Mina Bambas,2026-08-22,B,CHALCOBAMBA,Fase 01,TD074,4435,520,PC,5403,13.6666666666667,14.1166666666667,35.5555555555555,,16.0
89649362,Mina Bambas,2026-08-22,B,CHALCOBAMBA,Fase 01,TD074,4435,520,PC,5404,14.1166666666667,14.5833333333333,34.2857142857143,,16.0
89649363,Mina Bambas,2026-08-22,B,CHALCOBAMBA,Fase 01,TD074,4435,520,PC,5405,14.5833333333333,15.0,38.4000000000001,,16.0
89649364,Mina Bambas,2026-08-22,B,CHALCOBAMBA,Fase 01,TD074,4435,520,PC,5406,15.0,15.5,32.0,,16.0
89649365,Mina Bambas,2026-08-22,B,CHALCOBAMBA,Fase 01,TD074,4435,512,PC,5037,15.5,16.0,35.0,,17.5
89649366,Mina Bambas,2026-08-22,B,CHALCOBAMBA,Fase 01,TD074,4435,512,PC,5038,16.0,16.5,35.0,,17.5
89649367,Mina Bambas,2026-08-22,B,CHALCOBAMBA,Fase 01,TD074,4435,512,PC,5039,16.5,17.1666666666667,26.25,,17.5
89650368,Mina Bambas,2026-08-22,B,FERROBAMBA,Fase 5N,TD076,3600,070,P,6316,6.5,6.66666666666667,35.9999999999999,,6.0
89650369,Mina Bambas,2026-08-22,B,FERROBAMBA,Fase 5N,TD076,3600,070,P,6317,7.0,7.16666666666667,35.9999999999999,,6.0
89650370,Mina Bambas,2026-08-22,B,FERROBAMBA,Fase 5N,TD076,3600,070,P,6260,7.66666666666667,7.83333333333333,36.0000000000001,,6.0
89650371,Mina Bambas,2026-08-22,B,FERROBAMBA,Fase 5N,TD076,3600,070,P,6257,8.0,8.25,24.0,,6.0
89650372,Mina Bambas,2026-08-22,B,FERROBAMBA,Fase 5N,TD076,3600,070,P,6261,8.25,8.5,24.0,,6.0
89650373,Mina Bambas,2026-08-22,B,FERROBAMBA,Fase 5N,TD076,3600,070,P,6238,8.5,8.66666666666667,36.0000000000001,,6.0
89650374,Mina Bambas,2026-08-22,B,FERROBAMBA,Fase 5N,TD076,3600,070,P,6213,8.66666666666667,8.91666666666667,24.0,,6.0
89650375,Mina Bambas,2026-08-22,B,FERROBAMBA,Fase 5N,TD076,3600,070,P,6273,8.91666666666667,9.16666666666667,24.0,,6.0
89650376,Mina Bambas,2026-08-22,B,FERROBAMBA,Fase 5N,TD076,3600,070,P,6236,9.16666666666667,9.33333333333333,35.9999999999997,,6.0
89650377,Mina Bambas,2026-08-22,B,FERROBAMBA,Fase 5N,TD076,3600,070,P,6248,9.5,9.66666666666667,36.0000000000001,,6.0
89650378,Mina Bambas,2026-08-22,B,FERROBAMBA,Fase 5N,TD076,3600,070,P,6265,9.66666666666667,9.83333333333333,35.9999999999997,,6.0
89650379,Mina Bambas,2026-08-22,B,FERROBAMBA,Fase 5N,TD076,3600,070,P,6252,10.3333333333333,10.5,36.0000000000001,,6.0
89650380,Mina Bambas,2026-08-22,B,FERROBAMBA,Fase 5N,TD076,3600,070,P,6256,10.5,10.6666666666667,36.0000000000001,,6.0
89650381,Mina Bambas,2026-08-22,B,FERROBAMBA,Fase 5N,TD076,3600,070,P,6243,10.6666666666667,10.8333333333333,35.9999999999997,,6.0
89650382,Mina Bambas,2026-08-22,B,FERROBAMBA,Fase 5N,TD076,3600,070,P,6220,10.8333333333333,11.0,36.0000000000001,,6.0
89650383,Mina Bambas,2026-08-22,B,FERROBAMBA,Fase 5N,TD076,3600,070,P,6183,11.0,11.25,24.0,,6.0
89650384,Mina Bambas,2026-08-22,B,FERROBAMBA,Fase 5N,TD076,3600,070,P,6228,11.25,11.4166666666667,36.0000000000001,,6.0
89650385,Mina Bambas,2026-08-22,B,FERROBAMBA,Fase 5N,TD076,3600,070,P,6219,11.4166666666667,11.6666666666667,24.0,,6.0
89650386,Mina Bambas,2026-08-22,B,FERROBAMBA,Fase 5N,TD076,3600,070,P,6191,11.6666666666667,11.8333333333333,35.9999999999997,,6.0
89650387,Mina Bambas,2026-08-22,B,FERROBAMBA,Fase 5N,TD076,3600,070,P,6249,12.25,12.5,24.0,,6.0
89650388,Mina Bambas,2026-08-22,B,FERROBAMBA,Fase 5N,TD076,3600,070,P,6250,12.5,12.6666666666667,36.0000000000001,,6.0
89650389,Mina Bambas,2026-08-22,B,FERROBAMBA,Fase 5N,TD076,3600,070,P,6255,12.6666666666667,12.8333333333333,35.9999999999997,,6.0
89650390,Mina Bambas,2026-08-22,B,FERROBAMBA,Fase 5N,TD076,3600,070,P,6201,12.8333333333333,13.0,36.0000000000001,,6.0
89650391,Mina Bambas,2026-08-22,B,FERROBAMBA,Fase 5N,TD076,3600,070,P,6245,13.1666666666667,13.4166666666667,24.0,,6.0
89650392,Mina Bambas,2026-08-22,B,FERROBAMBA,Fase 5N,TD076,3600,070,P,6246,13.4166666666667,13.6666666666667,24.0,,6.0
89650393,Mina Bambas,2026-08-22,B,FERROBAMBA,Fase 5N,TD076,3600,070,P,6202,13.6666666666667,13.8333333333333,35.9999999999997,,6.0
89650394,Mina Bambas,2026-08-22,B,FERROBAMBA,Fase 5N,TD076,3600,070,P,6217,13.8333333333333,14.0,36.0000000000001,,6.0
89650395,Mina Bambas,2026-08-22,B,FERROBAMBA,Fase 5N,TD076,3585,287,P,129,14.0,14.25,28.0,,7.0
89650396,Mina Bambas,2026-08-22,B,FERROBAMBA,Fase 5N,TD076,3600,070,P,6208,14.25,14.4166666666667,36.0000000000001,,6.0
89650397,Mina Bambas,2026-08-22,B,FERROBAMBA,Fase 5N,TD076,3600,070,P,6179,14.4166666666667,14.6666666666667,24.0,,6.0
89650398,Mina Bambas,2026-08-22,B,FERROBAMBA,Fase 5N,TD076,3600,070,P,6180,14.6666666666667,14.8333333333333,35.9999999999997,,6.0
89650399,Mina Bambas,2026-08-22,B,FERROBAMBA,Fase 5N,TD076,3600,070,P,6176,14.8333333333333,15.0,36.0000000000001,,6.0
89650400,Mina Bambas,2026-08-22,B,FERROBAMBA,Fase 5N,TD076,3600,070,P,6204,15.0,15.1666666666667,36.0000000000001,,6.0
89650401,Mina Bambas,2026-08-22,B,FERROBAMBA,Fase 5N,TD076,3600,070,P,6188,15.1666666666667,15.3333333333333,35.9999999999997,,6.0
89651402,Mina Bambas,2026-08-22,B,CHALCOBAMBA,Fase 01,TD077,4435,512,PC,5012,9.16666666666667,9.66666666666667,35.2,,17.6
89651403,Mina Bambas,2026-08-22,B,CHALCOBAMBA,Fase 01,TD077,4435,512,PC,5013,9.66666666666667,10.1666666666667,35.2,,17.6
89651404,Mina Bambas,2026-08-22,B,CHALCOBAMBA,Fase 01,TD077,4435,512,PS,9001,11.9166666666667,12.4166666666667,32.0,,16.0
89651405,Mina Bambas,2026-08-22,B,CHALCOBAMBA,Fase 01,TD077,4435,512,PS,9002,12.4166666666667,13.0833333333333,24.0,,16.0
89651406,Mina Bambas,2026-08-22,B,CHALCOBAMBA,Fase 01,TD077,4435,512,PC,5019,13.0833333333333,13.5,42.2400000000001,,17.6
89651407,Mina Bambas,2026-08-22,B,CHALCOBAMBA,Fase 01,TD077,4435,512,PC,5020,13.5,13.9166666666667,42.2400000000001,,17.6
89651408,Mina Bambas,2026-08-22,B,CHALCOBAMBA,Fase 01,TD077,4435,512,PC,5021,13.9166666666667,14.4166666666667,35.2,,17.6
89651409,Mina Bambas,2026-08-22,B,CHALCOBAMBA,Fase 01,TD077,4435,512,PC,5022,14.4166666666667,14.9166666666667,35.2,,17.6
89651410,Mina Bambas,2026-08-22,B,CHALCOBAMBA,Fase 01,TD077,4435,512,PC,5023,14.9166666666667,15.4166666666667,35.2,,17.6
89651411,Mina Bambas,2026-08-22,B,CHALCOBAMBA,Fase 01,TD077,4435,512,PC,5024,15.4166666666667,15.9166666666667,35.2,,17.6
89651412,Mina Bambas,2026-08-22,B,CHALCOBAMBA,Fase 01,TD077,4435,512,PC,5025,15.9166666666667,16.3333333333333,42.2400000000001,,17.6
89651413,Mina Bambas,2026-08-22,B,CHALCOBAMBA,Fase 01,TD077,4435,512,PC,5026,16.3333333333333,16.8333333333333,35.2,,17.6
89651414,Mina Bambas,2026-08-22,B,CHALCOBAMBA,Fase 01,TD077,4435,512,PC,5027,16.8333333333333,17.25,42.2399999999999,,17.6
89652415,Mina Bambas,2026-08-22,B,PROYECTOS - FERROBAMBA,Fase 5S,TD079,3950,TRAMO 3,P,27,8.75,8.95,15.0000000000001,,3.0
89652416,Mina Bambas,2026-08-22,B,PROYECTOS - FERROBAMBA,Fase 5S,TD079,3950,TRAMO 3,P,16,8.95,9.15,31.9999999999998,,6.4
89652417,Mina Bambas,2026-08-22,B,PROYECTOS - FERROBAMBA,Fase 5S,TD079,3950,TRAMO 3,P,18,9.15,9.35,47.5000000000002,,9.5
89652418,Mina Bambas,2026-08-22,B,PROYECTOS - FERROBAMBA,Fase 5S,TD079,3950,TRAMO 3,P,6,9.35,9.55,44.9999999999998,,9.0
89652419,Mina Bambas,2026-08-22,B,PROYECTOS - FERROBAMBA,Fase 5S,TD079,3950,TRAMO 3,P,15,9.55,9.75,35.0000000000001,,7.0
89652420,Mina Bambas,2026-08-22,B,PROYECTOS - FERROBAMBA,Fase 5S,TD079,3950,TRAMO 3,P,4,9.75,9.95,40.0000000000001,,8.0
89652421,Mina Bambas,2026-08-22,B,PROYECTOS - FERROBAMBA,Fase 5S,TD079,3950,TRAMO 3,P,7,9.95,10.1666666666667,41.5384615384615,,9.0
89652422,Mina Bambas,2026-08-22,B,PROYECTOS - FERROBAMBA,Fase 5S,TD079,3950,TRAMO 3,P,37,10.1666666666667,10.3666666666667,14.9999999999999,,3.0
89652423,Mina Bambas,2026-08-22,B,PROYECTOS - FERROBAMBA,Fase 5S,TD079,3950,TRAMO 3,P,39,10.3666666666667,10.5833333333333,36.9230769230769,,8.0
89652424,Mina Bambas,2026-08-22,B,PROYECTOS - FERROBAMBA,Fase 5S,TD079,3950,TRAMO 3,P,38,10.5833333333333,10.75,48.0000000000002,,8.0
89652425,Mina Bambas,2026-08-22,B,PROYECTOS - FERROBAMBA,Fase 5S,TD079,3950,TRAMO 3,P,47,10.75,10.9833333333333,30.0000000000001,,7.0
89652426,Mina Bambas,2026-08-22,B,PROYECTOS - FERROBAMBA,Fase 5S,TD079,3950,TRAMO 3,P,49,10.9833333333333,11.1833333333333,40.9999999999998,,8.2
89652427,Mina Bambas,2026-08-22,B,PROYECTOS - FERROBAMBA,Fase 5S,TD079,3950,TRAMO 3,PS,9001,11.1833333333333,11.3833333333333,37.5000000000001,,7.5
89652428,Mina Bambas,2026-08-22,B,PROYECTOS - FERROBAMBA,Fase 5S,TD079,3950,TRAMO 3,P,61,11.3833333333333,11.5833333333333,41.9999999999998,,8.4
89652429,Mina Bambas,2026-08-22,B,PROYECTOS - FERROBAMBA,Fase 5S,TD079,3950,TRAMO 3,P,70,11.5833333333333,11.7833333333333,35.0000000000001,,7.0
89652430,Mina Bambas,2026-08-22,B,PROYECTOS - FERROBAMBA,Fase 5S,TD079,3950,TRAMO 3,P,77,11.7833333333333,11.9833333333333,37.5000000000001,,7.5
89652431,Mina Bambas,2026-08-22,B,PROYECTOS - FERROBAMBA,Fase 5S,TD079,3950,TRAMO 3,P,76,11.9833333333333,12.2,35.5384615384615,,7.7
89652432,Mina Bambas,2026-08-22,B,PROYECTOS - FERROBAMBA,Fase 5S,TD079,3950,TRAMO 3,P,83,12.2,12.3666666666667,41.9999999999997,,7.0
89652433,Mina Bambas,2026-08-22,B,PROYECTOS - FERROBAMBA,Fase 5S,TD079,3950,TRAMO 3,P,88,12.6,12.8,34.9999999999998,,7.0
89652434,Mina Bambas,2026-08-22,B,PROYECTOS - FERROBAMBA,Fase 5S,TD079,3950,TRAMO 3,P,84,12.8,12.9833333333333,32.727272727273,,6.0
89652435,Mina Bambas,2026-08-22,B,PROYECTOS - FERROBAMBA,Fase 5S,TD079,3950,TRAMO 3,P,85,12.9833333333333,13.2166666666667,24.8571428571428,,5.8
89652436,Mina Bambas,2026-08-22,B,PROYECTOS - FERROBAMBA,Fase 5S,TD079,3950,TRAMO 3,P,82,13.2166666666667,13.4333333333333,26.3076923076923,,5.7
89652437,Mina Bambas,2026-08-22,B,PROYECTOS - FERROBAMBA,Fase 5S,TD079,3950,TRAMO 3,P,81,13.4333333333333,13.6,34.8000000000001,,5.8
89652438,Mina Bambas,2026-08-22,B,PROYECTOS - FERROBAMBA,Fase 5S,TD079,3950,TRAMO 3,P,78,13.8666666666667,14.0833333333333,29.5384615384615,,6.4
89652439,Mina Bambas,2026-08-22,B,PROYECTOS - FERROBAMBA,Fase 5S,TD079,3950,TRAMO 3,P,75,14.0833333333333,14.3,31.3846153846154,,6.8
89652440,Mina Bambas,2026-08-22,B,PROYECTOS - FERROBAMBA,Fase 5S,TD079,3950,TRAMO 3,P,72,14.3,14.5166666666667,33.6923076923077,,7.3
89652441,Mina Bambas,2026-08-22,B,PROYECTOS - FERROBAMBA,Fase 5S,TD079,3950,TRAMO 3,P,68,14.5166666666667,14.7333333333333,33.6923076923079,,7.3
89652442,Mina Bambas,2026-08-22,B,PROYECTOS - FERROBAMBA,Fase 5S,TD079,3950,TRAMO 3,P,62,14.7333333333333,14.95,36.0,,7.8
89652443,Mina Bambas,2026-08-22,B,PROYECTOS - FERROBAMBA,Fase 5S,TD079,3950,TRAMO 3,P,67,14.95,15.1666666666667,34.1538461538461,,7.4
89652444,Mina Bambas,2026-08-22,B,PROYECTOS - FERROBAMBA,Fase 5S,TD079,3950,TRAMO 3,PS,9002,15.1666666666667,15.3833333333333,30.0,,6.5
89652445,Mina Bambas,2026-08-22,B,PROYECTOS - FERROBAMBA,Fase 5S,TD079,3950,TRAMO 3,PS,9003,15.3833333333333,15.5833333333333,32.4999999999998,,6.5
89652446,Mina Bambas,2026-08-22,B,PROYECTOS - FERROBAMBA,Fase 5S,TD079,3950,TRAMO 3,P,57,15.5833333333333,15.8,34.1538461538461,,7.4
89652447,Mina Bambas,2026-08-22,B,PROYECTOS - FERROBAMBA,Fase 5S,TD079,3950,TRAMO 3,P,56,15.8,16.0,38.5000000000001,,7.7
89652448,Mina Bambas,2026-08-22,B,PROYECTOS - FERROBAMBA,Fase 5S,TD079,3950,TRAMO 3,P,50,16.0,16.2,38.0000000000001,,7.6
89652449,Mina Bambas,2026-08-22,B,PROYECTOS - FERROBAMBA,Fase 5S,TD079,3950,TRAMO 3,P,46,16.2,16.4,38.5000000000001,,7.7
89652450,Mina Bambas,2026-08-22,B,PROYECTOS - FERROBAMBA,Fase 5S,TD079,3950,TRAMO 3,P,29,16.4,16.6,37.9999999999995,,7.6
89652451,Mina Bambas,2026-08-22,B,PROYECTOS - FERROBAMBA,Fase 5S,TD079,3950,TRAMO 3,P,26,16.6,16.8166666666667,35.5384615384618,,7.7
89652452,Mina Bambas,2026-08-22,B,PROYECTOS - FERROBAMBA,Fase 5S,TD079,3950,TRAMO 3,P,35,16.8166666666667,17.0333333333333,34.1538461538459,,7.4
89652453,Mina Bambas,2026-08-22,B,PROYECTOS - FERROBAMBA,Fase 5S,TD079,3950,TRAMO 3,P,36,17.0333333333333,17.25,36.0000000000003,,7.8
89652454,Mina Bambas,2026-08-22,B,PROYECTOS - FERROBAMBA,Fase 5S,TD079,3950,TRAMO 3,P,19,17.25,17.4666666666667,36.9230769230772,,8.0
89652455,Mina Bambas,2026-08-22,B,PROYECTOS - FERROBAMBA,Fase 5S,TD079,3950,TRAMO 3,PS,9004,17.4666666666667,17.6333333333333,46.7999999999997,,7.8
89652456,Mina Bambas,2026-08-22,B,PROYECTOS - FERROBAMBA,Fase 5S,TD079,3950,TRAMO 3,PS,9005,17.6333333333333,17.8,44.9999999999997,,7.5
89674578,Mina Bambas,2026-08-23,A,FERROBAMBA,Fase 5E,TD080,3915,059,RB1,215,10.6666666666667,11.1666666666667,30.0,,15.0
89674579,Mina Bambas,2026-08-23,A,FERROBAMBA,Fase 5E,TD080,3915,059,RB1,216,11.1666666666667,11.6666666666667,30.0,,15.0
89674580,Mina Bambas,2026-08-23,A,FERROBAMBA,Fase 5E,TD080,3915,059,RB1,204,11.6666666666667,12.1666666666667,30.0,,15.0
89674581,Mina Bambas,2026-08-23,A,FERROBAMBA,Fase 5E,TD080,3915,059,RB1,205,12.1666666666667,12.6666666666667,30.0,,15.0
89674582,Mina Bambas,2026-08-23,A,FERROBAMBA,Fase 5E,TD080,3915,059,RB1,207,12.6666666666667,13.1666666666667,30.0,,15.0
89676583,Mina Bambas,2026-08-23,A,PROYECTOS - FERROBAMBA,Fase 5S,TD079,3950,TRAMO 3,P,73,11.5833333333333,11.75,36.0000000000001,,6.0
89676584,Mina Bambas,2026-08-23,A,PROYECTOS - FERROBAMBA,Fase 5S,TD079,3950,TRAMO 3,P,80,11.75,11.9166666666667,33.0000000000001,,5.5
89676585,Mina Bambas,2026-08-23,A,PROYECTOS - FERROBAMBA,Fase 5S,TD079,3950,TRAMO 3,P,77,11.9166666666667,12.0833333333333,35.9999999999997,,6.0
89676586,Mina Bambas,2026-08-23,A,PROYECTOS - FERROBAMBA,Fase 5S,TD079,3950,TRAMO 3,P,59,12.0833333333333,12.25,33.0000000000001,,5.5
89676587,Mina Bambas,2026-08-23,A,PROYECTOS - FERROBAMBA,Fase 5S,TD079,3950,TRAMO 3,P,58,12.25,12.4166666666667,36.0000000000001,,6.0
89676588,Mina Bambas,2026-08-23,A,PROYECTOS - FERROBAMBA,Fase 5S,TD079,3950,TRAMO 3,P,52,12.4166666666667,12.5833333333333,29.9999999999998,,5.0
89676589,Mina Bambas,2026-08-23,A,PROYECTOS - FERROBAMBA,Fase 5S,TD079,3950,TRAMO 3,P,51,12.5833333333333,12.75,30.0000000000001,,5.0
89676590,Mina Bambas,2026-08-23,A,PROYECTOS - FERROBAMBA,Fase 5S,TD079,3950,TRAMO 3,P,63,12.75,13.0,26.0,,6.5
89676591,Mina Bambas,2026-08-23,A,PROYECTOS - FERROBAMBA,Fase 5S,TD079,3950,TRAMO 3,P,50,13.0,13.25,20.0,,5.0
89676592,Mina Bambas,2026-08-23,A,PROYECTOS - FERROBAMBA,Fase 5S,TD079,3950,TRAMO 3,P,92,13.25,13.5,20.0,,5.0
89676593,Mina Bambas,2026-08-23,A,PROYECTOS - FERROBAMBA,Fase 5S,TD079,3950,TRAMO 3,P,43,13.5,13.75,24.0,,6.0
89676594,Mina Bambas,2026-08-23,A,PROYECTOS - FERROBAMBA,Fase 5S,TD079,3950,TRAMO 3,P,39,13.75,14.0,30.0,,7.5
89676595,Mina Bambas,2026-08-23,A,PROYECTOS - FERROBAMBA,Fase 5S,TD079,3950,TRAMO 3,P,40,14.0,14.25,22.0,,5.5
89676596,Mina Bambas,2026-08-23,A,PROYECTOS - FERROBAMBA,Fase 5S,TD079,3950,TRAMO 3,P,41,14.25,14.5,20.0,,5.0
89676597,Mina Bambas,2026-08-23,A,PROYECTOS - FERROBAMBA,Fase 5S,TD079,3950,TRAMO 3,P,35,14.5,14.75,24.0,,6.0
89676598,Mina Bambas,2026-08-23,A,PROYECTOS - FERROBAMBA,Fase 5S,TD079,3950,TRAMO 3,P,32,14.75,15.0,24.0,,6.0
89676599,Mina Bambas,2026-08-23,A,PROYECTOS - FERROBAMBA,Fase 5S,TD079,3950,TRAMO 3,P,25,15.0,15.25,24.0,,6.0
89676600,Mina Bambas,2026-08-23,A,PROYECTOS - FERROBAMBA,Fase 5S,TD079,3950,TRAMO 3,P,33,15.25,15.5,22.0,,5.5
89676601,Mina Bambas,2026-08-23,A,PROYECTOS - FERROBAMBA,Fase 5S,TD079,3950,TRAMO 3,P,34,15.5,15.75,22.0,,5.5
89676602,Mina Bambas,2026-08-23,A,PROYECTOS - FERROBAMBA,Fase 5S,TD079,3950,TRAMO 3,P,24,15.75,16.0,20.0,,5.0
89676603,Mina Bambas,2026-08-23,A,PROYECTOS - FERROBAMBA,Fase 5S,TD079,3950,TRAMO 3,P,23,16.0,16.25,22.0,,5.5
89676604,Mina Bambas,2026-08-23,A,PROYECTOS - FERROBAMBA,Fase 5S,TD079,3950,TRAMO 3,P,16,16.25,16.5,24.0,,6.0
89676605,Mina Bambas,2026-08-23,A,PROYECTOS - FERROBAMBA,Fase 5S,TD079,3950,TRAMO 3,P,15,16.5,16.75,22.0,,5.5
89676606,Mina Bambas,2026-08-23,A,PROYECTOS - FERROBAMBA,Fase 5S,TD079,3950,TRAMO 3,P,06,16.75,17.0,22.0,,5.5
89676607,Mina Bambas,2026-08-23,A,PROYECTOS - FERROBAMBA,Fase 5S,TD079,3950,TRAMO 3,P,05,17.0,17.25,26.0,,6.5
89676608,Mina Bambas,2026-08-23,A,PROYECTOS - FERROBAMBA,Fase 5S,TD079,3950,TRAMO 3,P,85,17.25,17.5,14.0,,3.5
89676609,Mina Bambas,2026-08-23,A,PROYECTOS - FERROBAMBA,Fase 5S,TD079,3950,TRAMO 3,P,97,17.5,17.75,12.0,,3.0
89676610,Mina Bambas,2026-08-23,A,PROYECTOS - FERROBAMBA,Fase 5S,TD079,3950,TRAMO 3,P,94,17.75,18.0,14.0,,3.5
89676611,Mina Bambas,2026-08-23,A,PROYECTOS - FERROBAMBA,Fase 5S,TD079,3950,TRAMO 3,P,84,18.0,18.25,16.0,,4.0
89676612,Mina Bambas,2026-08-23,A,PROYECTOS - FERROBAMBA,Fase 5S,TD079,3950,TRAMO 3,P,83,18.25,18.5,20.0,,5.0
89677613,Mina Bambas Rotativas - Ferrobamba,2026-08-23,A,FERROBAMBA,Fase 5S,TD092,3690,515,MP,446,11.5,12.0,31.0,,15.5
89677614,Mina Bambas Rotativas - Ferrobamba,2026-08-23,A,FERROBAMBA,Fase 5S,TD092,3690,515,MP,444,12.2,12.7833333333333,26.5714285714285,,15.5
89677615,Mina Bambas Rotativas - Ferrobamba,2026-08-23,A,FERROBAMBA,Fase 5S,TD092,3690,515,MP,426,12.8,13.4166666666667,25.945945945946,,16.0
89677616,Mina Bambas Rotativas - Ferrobamba,2026-08-23,A,FERROBAMBA,Fase 5S,TD092,3690,515,MP,445,13.4333333333333,14.0333333333333,25.8333333333333,,15.5
89677617,Mina Bambas Rotativas - Ferrobamba,2026-08-23,A,FERROBAMBA,Fase 5S,TD092,3690,515,MP,465,14.0666666666667,14.65,26.4,,15.4
89677618,Mina Bambas Rotativas - Ferrobamba,2026-08-23,A,FERROBAMBA,Fase 5S,TD092,3690,515,MP,466,14.6666666666667,15.2166666666667,27.6363636363636,,15.2
89677619,Mina Bambas Rotativas - Ferrobamba,2026-08-23,A,FERROBAMBA,Fase 5S,TD092,3690,515,MP,447,15.2333333333333,15.7166666666667,32.0689655172413,,15.5
89677620,Mina Bambas Rotativas - Ferrobamba,2026-08-23,A,FERROBAMBA,Fase 5S,TD092,3690,515,MP,467,15.7333333333333,16.2833333333333,27.6363636363635,,15.2
89677621,Mina Bambas Rotativas - Ferrobamba,2026-08-23,A,FERROBAMBA,Fase 5S,TD092,3690,515,MP,498,16.3,16.8,30.4,,15.2
89677622,Mina Bambas Rotativas - Ferrobamba,2026-08-23,A,FERROBAMBA,Fase 5S,TD092,3690,515,MP,468,16.8,17.2833333333333,31.4482758620689,,15.2
89677623,Mina Bambas Rotativas - Ferrobamba,2026-08-23,A,FERROBAMBA,Fase 5S,TD092,3690,515,MP,499,17.2833333333333,17.7833333333333,30.4,,15.2
89677624,Mina Bambas Rotativas - Ferrobamba,2026-08-23,A,FERROBAMBA,Fase 5S,TD092,3690,515,MP,528,17.8,18.5,21.4285714285715,,15.0
89678625,Mina Bambas Rotativas - Ferrobamba,2026-08-23,A,FERROBAMBA,Fase 5N,TD091,3585,286,B1,206,10.4166666666667,11.3166666666667,18.8888888888889,,17.0
89678626,Mina Bambas Rotativas - Ferrobamba,2026-08-23,A,FERROBAMBA,Fase 5N,TD091,3585,286,B1,209,11.4,12.25,20.3529411764706,,17.3
89678627,Mina Bambas Rotativas - Ferrobamba,2026-08-23,A,FERROBAMBA,Fase 5N,TD091,3585,286,MP,629,12.6333333333333,13.3166666666667,23.5609756097561,,16.1
89678628,Mina Bambas Rotativas - Ferrobamba,2026-08-23,A,FERROBAMBA,Fase 5N,TD091,3585,286,MP,630,13.4,14.0833333333333,23.5609756097561,,16.1
89678629,Mina Bambas Rotativas - Ferrobamba,2026-08-23,A,FERROBAMBA,Fase 5N,TD091,3585,286,MP,631,14.1666666666667,14.85,23.4146341463415,,16.0
89678630,Mina Bambas Rotativas - Ferrobamba,2026-08-23,A,FERROBAMBA,Fase 5N,TD091,3585,286,MP,632,14.9333333333333,15.6,24.15,,16.1
89678631,Mina Bambas Rotativas - Ferrobamba,2026-08-23,A,FERROBAMBA,Fase 5N,TD091,3585,286,MP,651,15.6833333333333,16.35,24.3,,16.2
89678632,Mina Bambas Rotativas - Ferrobamba,2026-08-23,A,FERROBAMBA,Fase 5N,TD091,3585,286,MP,650,16.4333333333333,17.0666666666667,25.421052631579,,16.1
89678633,Mina Bambas Rotativas - Ferrobamba,2026-08-23,A,FERROBAMBA,Fase 5N,TD091,3585,286,MP,676,17.15,17.7833333333333,25.736842105263,,16.3
89678634,Mina Bambas Rotativas - Ferrobamba,2026-08-23,A,FERROBAMBA,Fase 5N,TD091,3585,286,MP,677,17.8666666666667,18.5,25.421052631579,,16.1
89679635,Mina Bambas,2026-08-23,A,FERROBAMBA,Fase 5S,TD030,3690,511,PC,5432,7.91666666666667,8.48333333333333,28.9411764705883,,16.4
89679636,Mina Bambas,2026-08-23,A,FERROBAMBA,Fase 5S,TD030,3690,511,PC,5433,8.48333333333333,9.06666666666667,28.1142857142857,,16.4
89679637,Mina Bambas,2026-08-23,A,FERROBAMBA,Fase 5S,TD030,3690,511,PC,5434,9.06666666666667,9.65,28.1142857142857,,16.4
89679638,Mina Bambas,2026-08-23,A,FERROBAMBA,Fase 5S,TD030,3690,511,PC,5435,9.65,10.2333333333333,28.1142857142858,,16.4
89679639,Mina Bambas,2026-08-23,A,FERROBAMBA,Fase 5S,TD030,3690,511,PC,5436,10.2333333333333,10.8166666666667,28.1142857142857,,16.4
89679640,Mina Bambas,2026-08-23,A,FERROBAMBA,Fase 5S,TD030,3690,511,PC,5437,10.8166666666667,11.3333333333333,31.7419354838709,,16.4
89679641,Mina Bambas,2026-08-23,A,FERROBAMBA,Fase 5S,TD030,3690,511,PC,5438,11.9166666666667,12.45,30.75,,16.4
89679642,Mina Bambas,2026-08-23,A,FERROBAMBA,Fase 5S,TD030,3690,511,PC,5439,12.45,13.05,27.3333333333333,,16.4
89679643,Mina Bambas,2026-08-23,A,FERROBAMBA,Fase 5S,TD030,3690,511,PC,5440,13.05,13.6333333333333,28.1142857142858,,16.4
89679644,Mina Bambas,2026-08-23,A,FERROBAMBA,Fase 5S,TD030,3690,511,PC,5441,13.6333333333333,14.2333333333333,27.3333333333333,,16.4
89679645,Mina Bambas,2026-08-23,A,FERROBAMBA,Fase 5S,TD030,3690,511,PC,5442,14.2333333333333,14.9166666666667,24.0,,16.4
89679646,Mina Bambas,2026-08-23,A,FERROBAMBA,Fase 5S,TD030,3690,511,PC,5443,14.9166666666667,15.5,28.1142857142857,,16.4
89679647,Mina Bambas,2026-08-23,A,FERROBAMBA,Fase 5S,TD030,3690,511,PC,5444,15.5,16.0833333333333,28.1142857142858,,16.4
89679648,Mina Bambas,2026-08-23,A,FERROBAMBA,Fase 5S,TD030,3690,511,PC,5445,16.0833333333333,16.5833333333333,32.8,,16.4
89679649,Mina Bambas,2026-08-23,A,FERROBAMBA,Fase 5S,TD030,3690,511,PC,5446,17.5,18.0,32.8,,16.4
89679650,Mina Bambas,2026-08-23,A,FERROBAMBA,Fase 5S,TD030,3690,511,PC,5447,18.0,18.5,32.8,,16.4
89681651,Mina Bambas,2026-08-23,A,CHALCOBAMBA,Fase 01,TD073,4435,512,PC,5040,10.4166666666667,11.0,30.0,,17.5
89681652,Mina Bambas,2026-08-23,A,CHALCOBAMBA,Fase 01,TD073,4435,512,PC,5041,11.0,11.5833333333333,30.0,,17.5
89681653,Mina Bambas,2026-08-23,A,CHALCOBAMBA,Fase 01,TD073,4435,512,PC,5042,11.5833333333333,12.0833333333333,35.0,,17.5
89681654,Mina Bambas,2026-08-23,A,CHALCOBAMBA,Fase 01,TD073,4435,512,PC,5043,12.0833333333333,12.75,26.25,,17.5
89681655,Mina Bambas,2026-08-23,A,CHALCOBAMBA,Fase 01,TD073,4435,512,PC,5044,13.3333333333333,14.0,26.25,,17.5
89681656,Mina Bambas,2026-08-23,A,CHALCOBAMBA,Fase 01,TD073,4435,512,PC,5045,14.0,14.6666666666667,26.25,,17.5
89681657,Mina Bambas,2026-08-23,A,CHALCOBAMBA,Fase 01,TD073,4435,512,PC,5046,14.6666666666667,15.3333333333333,26.25,,17.5
89681658,Mina Bambas,2026-08-23,A,CHALCOBAMBA,Fase 01,TD073,4435,512,PC,5047,15.5833333333333,16.0833333333333,35.0000000000001,,17.5
89681659,Mina Bambas,2026-08-23,A,CHALCOBAMBA,Fase 01,TD073,4435,512,PC,5048,16.0833333333333,16.5833333333333,35.2,,17.6
89681660,Mina Bambas,2026-08-23,A,CHALCOBAMBA,Fase 01,TD073,4435,512,RPC,5048,16.5833333333333,17.0833333333333,35.2,,17.6
89681661,Mina Bambas,2026-08-23,A,CHALCOBAMBA,Fase 01,TD073,4435,512,PC,5049,17.0833333333333,17.5,42.2399999999999,,17.6
89681662,Mina Bambas,2026-08-23,A,CHALCOBAMBA,Fase 01,TD073,4435,512,PC,5050,17.5,18.0,35.2,,17.6
89681663,Mina Bambas,2026-08-23,A,CHALCOBAMBA,Fase 01,TD073,4435,512,PC,5051,18.0,18.5,35.2,,17.6
89682664,Mina Bambas,2026-08-23,A,CHALCOBAMBA,Fase 01,TD074,4435,512,PC,5028,10.3333333333333,11.0,25.95,,17.3
89682665,Mina Bambas,2026-08-23,A,CHALCOBAMBA,Fase 01,TD074,4435,512,PC,5029,11.0,11.6666666666667,25.95,,17.3
89682666,Mina Bambas,2026-08-23,A,CHALCOBAMBA,Fase 01,TD074,4435,512,PC,5030,11.6666666666667,12.3333333333333,25.95,,17.3
89682667,Mina Bambas,2026-08-23,A,CHALCOBAMBA,Fase 01,TD074,4435,512,PC,5031,12.3333333333333,13.0833333333333,23.0666666666667,,17.3
89682668,Mina Bambas,2026-08-23,A,CHALCOBAMBA,Fase 01,TD074,4435,512,PC,5032,13.0833333333333,13.75,25.95,,17.3
89682669,Mina Bambas,2026-08-23,A,CHALCOBAMBA,Fase 01,TD074,4435,512,PC,5033,14.1666666666667,14.6666666666667,34.6,,17.3
89682670,Mina Bambas,2026-08-23,A,CHALCOBAMBA,Fase 01,TD074,4435,512,PC,5034,14.6666666666667,15.1666666666667,34.6,,17.3
89682671,Mina Bambas,2026-08-23,A,CHALCOBAMBA,Fase 01,TD074,4435,512,PC,5035,15.3333333333333,16.8333333333333,11.5333333333333,,17.3
89682672,Mina Bambas,2026-08-23,A,CHALCOBAMBA,Fase 01,TD074,4435,512,PC,5036,16.8333333333333,18.0,14.8285714285714,,17.3
89683673,Mina Bambas,2026-08-23,A,FERROBAMBA,Fase 5N,TD076,3585,285,PC,5174,13.0833333333333,14.0833333333333,17.8,,17.8
89683674,Mina Bambas,2026-08-23,A,FERROBAMBA,Fase 5N,TD076,3585,285,PC,5173,14.5833333333333,15.5,19.4181818181818,,17.8
89683675,Mina Bambas,2026-08-23,A,FERROBAMBA,Fase 5N,TD076,3585,285,PC,5172,15.5,16.25,23.7333333333333,,17.8
89683676,Mina Bambas,2026-08-23,A,FERROBAMBA,Fase 5N,TD076,3585,285,PC,5171,16.25,16.8333333333333,30.5142857142858,,17.8
89684677,Mina Bambas,2026-08-23,A,CHALCOBAMBA,Fase 01,TD077,4435,512,PC,5011,10.25,10.5833333333333,50.9999999999999,,17.0
89684678,Mina Bambas,2026-08-23,A,CHALCOBAMBA,Fase 01,TD077,4435,512,PC,5014,10.5833333333333,10.9166666666667,51.0000000000002,,17.0
89684679,Mina Bambas,2026-08-23,A,CHALCOBAMBA,Fase 01,TD077,4435,512,PC,5015,10.9166666666667,11.25,50.9999999999999,,17.0
89684680,Mina Bambas,2026-08-23,A,CHALCOBAMBA,Fase 01,TD077,4435,512,PC,5016,11.25,11.5833333333333,50.9999999999999,,17.0
89684681,Mina Bambas,2026-08-23,A,CHALCOBAMBA,Fase 01,TD077,4435,512,PC,5017,11.5833333333333,11.9166666666667,51.0000000000002,,17.0
89684682,Mina Bambas,2026-08-23,A,CHALCOBAMBA,Fase 01,TD077,4435,512,PC,5018,11.9166666666667,12.25,50.9999999999999,,17.0
89684683,Mina Bambas,2026-08-23,A,CHALCOBAMBA,Fase 01,TD077,4435,512,PC,5056,12.25,12.5833333333333,53.9999999999999,,18.0
89684684,Mina Bambas,2026-08-23,A,CHALCOBAMBA,Fase 01,TD077,4435,512,PC,5057,12.5833333333333,13.0,43.2000000000001,,18.0
89684685,Mina Bambas,2026-08-23,A,CHALCOBAMBA,Fase 01,TD077,4435,512,PC,5058,13.5,14.0,36.0,,18.0
89684686,Mina Bambas,2026-08-23,A,CHALCOBAMBA,Fase 01,TD077,4435,512,PC,5059,14.0,14.5,36.0,,18.0
89684687,Mina Bambas,2026-08-23,A,CHALCOBAMBA,Fase 01,TD077,4435,512,PC,5060,14.5,14.9166666666667,43.2000000000001,,18.0
89684688,Mina Bambas,2026-08-23,A,CHALCOBAMBA,Fase 01,TD077,4435,512,PC,5061,14.9166666666667,15.3333333333333,43.1999999999999,,18.0
89684689,Mina Bambas,2026-08-23,A,CHALCOBAMBA,Fase 01,TD077,4435,512,PC,5062,15.5,16.1666666666667,27.0,,18.0
89684690,Mina Bambas,2026-08-23,A,CHALCOBAMBA,Fase 01,TD077,4435,512,PC,5063,16.5,17.0,36.0,,18.0
89684691,Mina Bambas,2026-08-23,A,CHALCOBAMBA,Fase 01,TD077,4435,512,PC,5064,17.0,17.5,36.0,,18.0
89684692,Mina Bambas,2026-08-23,A,CHALCOBAMBA,Fase 01,TD077,4435,512,PC,5065,17.5,18.0,36.0,,18.0
89684693,Mina Bambas,2026-08-23,A,CHALCOBAMBA,Fase 01,TD077,4435,512,PC,5066,18.0,18.5,36.0,,18.0
89691791,Mina Bambas Rotativas - Ferrobamba,2026-08-23,B,FERROBAMBA,Fase 5N,TD091,3585,286,MP,698,6.5,7.33333333333333,19.2,,16.0
89691792,Mina Bambas Rotativas - Ferrobamba,2026-08-23,B,FERROBAMBA,Fase 5N,TD091,3585,286,MP,697,7.58333333333333,8.21666666666667,25.1052631578947,,15.9
89691793,Mina Bambas Rotativas - Ferrobamba,2026-08-23,B,FERROBAMBA,Fase 5N,TD091,3585,286,MP,649,8.25,8.83333333333333,27.0857142857143,,15.8
89691794,Mina Bambas Rotativas - Ferrobamba,2026-08-23,B,FERROBAMBA,Fase 5N,TD091,3585,286,MP,678,9.08333333333333,9.66666666666667,27.0857142857143,,15.8
89691795,Mina Bambas Rotativas - Ferrobamba,2026-08-23,B,FERROBAMBA,Fase 5N,TD091,3585,286,MP,750,9.7,10.2833333333333,27.4285714285714,,16.0
89691796,Mina Bambas Rotativas - Ferrobamba,2026-08-23,B,FERROBAMBA,Fase 5N,TD091,3585,286,MP,751,10.3,10.8333333333333,30.0,,16.0
89691797,Mina Bambas Rotativas - Ferrobamba,2026-08-23,B,FERROBAMBA,Fase 5N,TD091,3585,286,MP,696,10.8666666666667,11.5,25.2631578947369,,16.0
89691798,Mina Bambas Rotativas - Ferrobamba,2026-08-23,B,FERROBAMBA,Fase 5N,TD091,3585,286,MP,679,11.5333333333333,12.1666666666667,25.2631578947369,,16.0
89691799,Mina Bambas Rotativas - Ferrobamba,2026-08-23,B,FERROBAMBA,Fase 5N,TD091,3585,286,MP,680,13.8333333333333,14.6333333333333,20.0,,16.0
89691800,Mina Bambas Rotativas - Ferrobamba,2026-08-23,B,FERROBAMBA,Fase 5N,TD091,3585,286,MP,648,14.6666666666667,15.4166666666667,21.3333333333333,,16.0
89691801,Mina Bambas Rotativas - Ferrobamba,2026-08-23,B,FERROBAMBA,Fase 5N,TD091,3585,286,MP,647,15.4666666666667,16.2666666666667,20.0,,16.0
89691802,Mina Bambas Rotativas - Ferrobamba,2026-08-23,B,FERROBAMBA,Fase 5N,TD091,3585,286,MP,633,16.3166666666667,17.0333333333333,22.3255813953488,,16.0
89691803,Mina Bambas Rotativas - Ferrobamba,2026-08-23,B,FERROBAMBA,Fase 5N,TD091,3585,286,MP,634,17.0833333333333,17.8333333333333,21.3333333333333,,16.0
89691804,Mina Bambas Rotativas - Ferrobamba,2026-08-23,B,FERROBAMBA,Fase 5N,TD091,3585,286,MP,635,17.8666666666667,18.5,25.2631578947369,,16.0
89692805,Mina Bambas Rotativas - Ferrobamba,2026-08-23,B,FERROBAMBA,Fase 5S,TD092,3690,515,MP,496,6.5,6.91666666666667,36.0,,15.0
89692806,Mina Bambas Rotativas - Ferrobamba,2026-08-23,B,FERROBAMBA,Fase 5S,TD092,3690,515,MP,526,7.0,7.5,30.0,,15.0
89692807,Mina Bambas Rotativas - Ferrobamba,2026-08-23,B,FERROBAMBA,Fase 5S,TD092,3690,515,MP,497,7.75,8.06666666666667,47.3684210526316,,15.0
89692808,Mina Bambas Rotativas - Ferrobamba,2026-08-23,B,FERROBAMBA,Fase 5S,TD092,3690,515,MP,557,8.08333333333333,8.58333333333333,30.0,,15.0
89692809,Mina Bambas Rotativas - Ferrobamba,2026-08-23,B,FERROBAMBA,Fase 5S,TD092,3690,515,MP,527,8.66666666666667,9.16666666666667,30.0,,15.0
89692810,Mina Bambas Rotativas - Ferrobamba,2026-08-23,B,FERROBAMBA,Fase 5S,TD092,3690,515,MP,558,9.25,9.75,25.6,,12.8
89692811,Mina Bambas Rotativas - Ferrobamba,2026-08-23,B,FERROBAMBA,Fase 5S,TD092,3690,515,MP,525,9.83333333333333,10.3333333333333,30.0,,15.0
89692812,Mina Bambas Rotativas - Ferrobamba,2026-08-23,B,FERROBAMBA,Fase 5S,TD092,3690,515,MP,556,10.6666666666667,11.1666666666667,25.2,,12.6
89692813,Mina Bambas Rotativas - Ferrobamba,2026-08-23,B,FERROBAMBA,Fase 5S,TD092,3690,515,MP,586,11.25,11.6666666666667,30.24,,12.6
89692814,Mina Bambas Rotativas - Ferrobamba,2026-08-23,B,FERROBAMBA,Fase 5S,TD092,3690,515,MP,587,11.75,12.1666666666667,30.24,,12.6
89692815,Mina Bambas Rotativas - Ferrobamba,2026-08-23,B,FERROBAMBA,Fase 5S,TD092,3690,515,MP,609,12.25,12.7166666666667,27.0,,12.6
89692816,Mina Bambas Rotativas - Ferrobamba,2026-08-23,B,FERROBAMBA,Fase 5S,TD092,3690,515,MP,608,12.8,13.3333333333333,27.375,,14.6
89692817,Mina Bambas Rotativas - Ferrobamba,2026-08-23,B,FERROBAMBA,Fase 5S,TD092,3690,515,MP,628,13.4166666666667,14.1666666666667,20.0,,15.0
89692818,Mina Bambas Rotativas - Ferrobamba,2026-08-23,B,FERROBAMBA,Fase 5S,TD092,3690,515,MP,607,14.25,14.6666666666667,36.9600000000001,,15.4
89692819,Mina Bambas Rotativas - Ferrobamba,2026-08-23,B,FERROBAMBA,Fase 5S,TD092,3690,515,MP,627,15.25,15.8333333333333,25.0285714285714,,14.6
89692820,Mina Bambas Rotativas - Ferrobamba,2026-08-23,B,FERROBAMBA,Fase 5S,TD092,3690,515,MP,647,15.9166666666667,16.4166666666667,29.1999999999999,,14.6
89692821,Mina Bambas Rotativas - Ferrobamba,2026-08-23,B,FERROBAMBA,Fase 5S,TD092,3690,515,MP,606,16.5,16.9166666666667,35.5199999999999,,14.8
89692822,Mina Bambas Rotativas - Ferrobamba,2026-08-23,B,FERROBAMBA,Fase 5S,TD092,3690,515,MP,626,17.0,17.4333333333333,33.9230769230769,,14.7
89692823,Mina Bambas Rotativas - Ferrobamba,2026-08-23,B,FERROBAMBA,Fase 5S,TD092,3690,515,MP,646,17.5,18.0,29.2,,14.6
89692824,Mina Bambas Rotativas - Ferrobamba,2026-08-23,B,FERROBAMBA,Fase 5S,TD092,3690,515,MP,665,18.05,18.5,32.4444444444445,,14.6
89693825,Mina Bambas,2026-08-23,B,FERROBAMBA,Fase 5S,TD030,3690,511,PC,5448,6.5,7.0,33.0,,16.5
89693826,Mina Bambas,2026-08-23,B,FERROBAMBA,Fase 5S,TD030,3690,511,PC,5449,7.0,7.66666666666667,24.75,,16.5
89693827,Mina Bambas,2026-08-23,B,FERROBAMBA,Fase 5S,TD030,3690,511,PC,5450,7.66666666666667,8.08333333333333,39.6,,16.5
89693828,Mina Bambas,2026-08-23,B,FERROBAMBA,Fase 5S,TD030,3690,511,PC,5451,8.08333333333333,8.5,39.6000000000001,,16.5
89693829,Mina Bambas,2026-08-23,B,FERROBAMBA,Fase 5S,TD030,3690,511,PC,5452,8.5,8.83333333333333,49.4999999999999,,16.5
89693830,Mina Bambas,2026-08-23,B,FERROBAMBA,Fase 6S,TD030,3900,501,P,7271,12.1666666666667,12.75,28.2857142857143,,16.5
89693831,Mina Bambas,2026-08-23,B,FERROBAMBA,Fase 6S,TD030,3900,501,P,7182,12.75,13.3333333333333,28.8,,16.8
89693832,Mina Bambas,2026-08-23,B,FERROBAMBA,Fase 6S,TD030,3900,501,P,7094,13.3333333333333,13.8333333333333,34.6,,17.3
89693833,Mina Bambas,2026-08-23,B,FERROBAMBA,Fase 6S,TD030,3900,501,P,7005,13.8333333333333,14.3333333333333,35.0,,17.5
89693834,Mina Bambas,2026-08-23,B,FERROBAMBA,Fase 6S,TD030,3900,501,P,6917,14.3333333333333,14.8333333333333,36.0,,18.0
89693835,Mina Bambas,2026-08-23,B,FERROBAMBA,Fase 6S,TD030,3900,501,P,6828,14.8333333333333,15.4166666666667,31.2000000000001,,18.2
89693836,Mina Bambas,2026-08-23,B,FERROBAMBA,Fase 6S,TD030,3900,501,P,7270,15.4166666666667,16.0,28.2857142857143,,16.5
89693837,Mina Bambas,2026-08-23,B,FERROBAMBA,Fase 6S,TD030,3900,501,P,7181,17.0,17.4166666666667,40.3199999999999,,16.8
89693838,Mina Bambas,2026-08-23,B,FERROBAMBA,Fase 6S,TD030,3900,501,P,7093,17.4166666666667,17.8333333333333,40.8000000000002,,17.0
89693839,Mina Bambas,2026-08-23,B,FERROBAMBA,Fase 6S,TD030,3900,501,P,7004,17.8333333333333,18.1666666666667,52.4999999999996,,17.5
89693840,Mina Bambas,2026-08-23,B,FERROBAMBA,Fase 6S,TD030,3900,501,P,6916,18.1666666666667,18.5,54.0000000000002,,18.0
89696841,Mina Bambas,2026-08-23,B,CHALCOBAMBA,Fase 01,TD074,4480,653,PS,9001,9.75,10.1666666666667,38.4000000000001,,16.0
89696842,Mina Bambas,2026-08-23,B,CHALCOBAMBA,Fase 01,TD074,4480,653,PS,9002,10.1666666666667,10.5,47.9999999999999,,16.0
89696843,Mina Bambas,2026-08-23,B,CHALCOBAMBA,Fase 01,TD074,4480,653,PS,9003,10.5,10.8333333333333,47.9999999999999,,16.0
89696844,Mina Bambas,2026-08-23,B,CHALCOBAMBA,Fase 01,TD074,4480,653,PS,9004,10.8333333333333,11.0833333333333,64.0,,16.0
89696845,Mina Bambas,2026-08-23,B,CHALCOBAMBA,Fase 01,TD074,4480,653,PS,9005,11.0833333333333,11.3833333333333,53.3333333333335,,16.0
89696846,Mina Bambas,2026-08-23,B,CHALCOBAMBA,Fase 01,TD074,4480,653,PS,9006,11.3833333333333,11.75,43.6363636363636,,16.0
89696847,Mina Bambas,2026-08-23,B,CHALCOBAMBA,Fase 01,TD074,4480,653,PS,9007,11.75,12.0,64.0,,16.0
89696848,Mina Bambas,2026-08-23,B,CHALCOBAMBA,Fase 01,TD074,4480,653,PS,9008,12.0,12.3333333333333,47.9999999999999,,16.0
89696849,Mina Bambas,2026-08-23,B,CHALCOBAMBA,Fase 01,TD074,4480,653,PS,9009,12.3333333333333,12.6666666666667,48.0000000000002,,16.0
89696850,Mina Bambas,2026-08-23,B,CHALCOBAMBA,Fase 01,TD074,4480,653,PS,9010,12.6666666666667,12.9166666666667,64.0,,16.0
89696851,Mina Bambas,2026-08-23,B,CHALCOBAMBA,Fase 01,TD074,4480,653,PS,1566,12.9166666666667,13.3333333333333,38.3999999999999,,16.0
89696852,Mina Bambas,2026-08-23,B,CHALCOBAMBA,Fase 01,TD074,4480,653,PS,255,13.3333333333333,13.5833333333333,68.0,,17.0
89696853,Mina Bambas,2026-08-23,B,CHALCOBAMBA,Fase 01,TD074,4480,653,PS,9011,13.5833333333333,13.8333333333333,60.0,,15.0
89696854,Mina Bambas,2026-08-23,B,CHALCOBAMBA,Fase 01,TD074,4480,653,PS,9012,13.8333333333333,14.3333333333333,32.0,,16.0
89696855,Mina Bambas,2026-08-23,B,CHALCOBAMBA,Fase 01,TD074,4480,653,PS,9013,14.3333333333333,15.0,28.2,,18.8
89696856,Mina Bambas,2026-08-23,B,CHALCOBAMBA,Fase 01,TD074,4480,653,PS,9014,15.0,15.5,37.6,,18.8
89696857,Mina Bambas,2026-08-23,B,CHALCOBAMBA,Fase 01,TD074,4480,653,PS,9015,15.5,16.0,37.6,,18.8
89696858,Mina Bambas,2026-08-23,B,CHALCOBAMBA,Fase 01,TD074,4480,653,PS,9016,16.0,16.5,38.4,,19.2
89696859,Mina Bambas,2026-08-23,B,CHALCOBAMBA,Fase 01,TD074,4480,653,PS,9017,16.5,17.0,38.4,,19.2
89696860,Mina Bambas,2026-08-23,B,CHALCOBAMBA,Fase 01,TD074,4480,653,PS,9018,17.0,17.5,38.4,,19.2
89697861,Mina Bambas,2026-08-23,B,FERROBAMBA,Fase 5N,TD076,3585,285,PC,5169,7.66666666666667,8.33333333333333,26.25,,17.5
89697862,Mina Bambas,2026-08-23,B,FERROBAMBA,Fase 5N,TD076,3585,285,PC,5168,8.33333333333333,9.0,26.25,,17.5
89697863,Mina Bambas,2026-08-23,B,FERROBAMBA,Fase 5N,TD076,3585,285,PC,5167,9.25,9.91666666666667,26.25,,17.5
89697864,Mina Bambas,2026-08-23,B,FERROBAMBA,Fase 5N,TD076,3585,285,PC,5166,9.91666666666667,10.5833333333333,26.25,,17.5
89697865,Mina Bambas,2026-08-23,B,FERROBAMBA,Fase 5N,TD076,3585,285,PC,5165,10.5833333333333,11.25,26.25,,17.5
89697866,Mina Bambas,2026-08-23,B,FERROBAMBA,Fase 5N,TD076,3585,285,PC,5164,11.25,11.9166666666667,26.25,,17.5
89697867,Mina Bambas,2026-08-23,B,FERROBAMBA,Fase 5N,TD076,3585,285,PC,5163,11.9166666666667,12.5833333333333,26.25,,17.5
89697868,Mina Bambas,2026-08-23,B,FERROBAMBA,Fase 5N,TD076,3585,285,PC,5162,12.5833333333333,13.25,26.25,,17.5
89697869,Mina Bambas,2026-08-23,B,FERROBAMBA,Fase 5N,TD076,3585,285,PC,5161,13.25,13.9166666666667,26.25,,17.5
89697870,Mina Bambas,2026-08-23,B,FERROBAMBA,Fase 5N,TD076,3585,285,PC,5160,13.9166666666667,14.5833333333333,26.25,,17.5
89697871,Mina Bambas,2026-08-23,B,FERROBAMBA,Fase 5N,TD076,3585,285,PC,5159,14.5833333333333,15.25,26.25,,17.5
89697872,Mina Bambas,2026-08-23,B,FERROBAMBA,Fase 5N,TD076,3585,285,PC,5158,15.25,15.9166666666667,26.25,,17.5
89697873,Mina Bambas,2026-08-23,B,FERROBAMBA,Fase 5N,TD076,3585,285,PC,5157,15.9166666666667,16.5833333333333,26.25,,17.5
89697874,Mina Bambas,2026-08-23,B,FERROBAMBA,Fase 5N,TD076,3585,285,PC,5156,16.5833333333333,17.25,26.25,,17.5
89697875,Mina Bambas,2026-08-23,B,FERROBAMBA,Fase 5N,TD076,3585,285,PC,5155,17.25,17.9166666666667,26.25,,17.5
89697876,Mina Bambas,2026-08-23,B,FERROBAMBA,Fase 5N,TD076,3585,285,PC,5154,17.9166666666667,18.5,30.0000000000001,,17.5
89698877,Mina Bambas,2026-08-23,B,CHALCOBAMBA,Fase 01,TD077,4435,512,PC,5067,8.0,8.75,24.0,,18.0
89698878,Mina Bambas,2026-08-23,B,CHALCOBAMBA,Fase 01,TD077,4435,512,PC,5068,8.75,9.5,24.0,,18.0
89698879,Mina Bambas,2026-08-23,B,CHALCOBAMBA,Fase 01,TD077,4435,512,PC,5069,9.5,10.25,24.0,,18.0
89698880,Mina Bambas,2026-08-23,B,CHALCOBAMBA,Fase 01,TD077,4435,512,PC,5052,10.25,10.9166666666667,27.0,,18.0
89698881,Mina Bambas,2026-08-23,B,CHALCOBAMBA,Fase 01,TD077,4435,512,PC,5053,11.5,12.1666666666667,27.0,,18.0
89698882,Mina Bambas,2026-08-23,B,CHALCOBAMBA,Fase 01,TD077,4435,512,PC,5054,12.3333333333333,13.0,27.0,,18.0
89698883,Mina Bambas,2026-08-23,B,CHALCOBAMBA,Fase 01,TD077,4435,512,PC,5055,13.0,13.6666666666667,27.0,,18.0
89699884,Mina Bambas,2026-08-23,B,PROYECTOS - FERROBAMBA,Fase 5S,TD079,3950,TRAMO 3,P,95,7.25,7.36666666666667,17.1428571428572,,2.0
89699885,Mina Bambas,2026-08-23,B,PROYECTOS - FERROBAMBA,Fase 5S,TD079,3950,TRAMO 3,P,96,7.36666666666667,7.48333333333333,19.7142857142856,,2.3
89699886,Mina Bambas,2026-08-23,B,PROYECTOS - FERROBAMBA,Fase 5S,TD079,3950,TRAMO 3,P,90,7.48333333333333,7.6,17.1428571428572,,2.0
89699887,Mina Bambas,2026-08-23,B,PROYECTOS - FERROBAMBA,Fase 5S,TD079,3950,TRAMO 3,P,89,7.6,7.7,19.9999999999999,,2.0
89699888,Mina Bambas,2026-08-23,B,PROYECTOS - FERROBAMBA,Fase 5S,TD079,3950,TRAMO 3,P,91,7.7,7.96666666666667,7.5,,2.0
89699889,Mina Bambas,2026-08-23,B,PROYECTOS - FERROBAMBA,Fase 5S,TD079,3950,TRAMO 3,P,100,7.96666666666667,8.1,15.0000000000001,,2.0
89699890,Mina Bambas,2026-08-23,B,PROYECTOS - FERROBAMBA,Fase 5S,TD079,3950,TRAMO 3,P,108,8.1,8.23333333333333,15.0000000000001,,2.0
89699891,Mina Bambas,2026-08-23,B,PROYECTOS - FERROBAMBA,Fase 5S,TD079,3950,TRAMO 3,P,101,8.23333333333333,8.36666666666667,14.9999999999999,,2.0
89699892,Mina Bambas,2026-08-23,B,PROYECTOS - FERROBAMBA,Fase 5S,TD079,3950,TRAMO 3,P,9001,8.36666666666667,8.5,15.0000000000001,,2.0
89699893,Mina Bambas,2026-08-23,B,PROYECTOS - FERROBAMBA,Fase 5S,TD079,3950,TRAMO 3,P,9002,8.5,8.63333333333333,15.0000000000001,,2.0
89699894,Mina Bambas,2026-08-23,B,PROYECTOS - FERROBAMBA,Fase 5S,TD079,3950,TRAMO 3,P,9003,8.63333333333333,8.76666666666667,14.9999999999999,,2.0
89699895,Mina Bambas,2026-08-23,B,PROYECTOS - FERROBAMBA,Fase 5S,TD079,3950,TRAMO 3,P,9004,8.76666666666667,8.9,15.0000000000001,,2.0
89699896,Mina Bambas,2026-08-23,B,PROYECTOS - FERROBAMBA,Fase 5S,TD079,3950,TRAMO 3,P,9005,8.9,9.08333333333333,10.9090909090909,,2.0
89699897,Mina Bambas,2026-08-23,B,PROYECTOS - FERROBAMBA,Fase 5S,TD079,3950,TRAMO 3,P,8,9.08333333333333,9.36666666666667,29.2941176470588,,8.3
89699898,Mina Bambas,2026-08-23,B,PROYECTOS - FERROBAMBA,Fase 5S,TD079,3950,TRAMO 3,P,9,9.36666666666667,9.65,28.5882352941177,,8.1
89699899,Mina Bambas,2026-08-23,B,PROYECTOS - FERROBAMBA,Fase 5S,TD079,3950,TRAMO 3,P,25,9.65,9.93333333333333,28.2352941176471,,8.0
89699900,Mina Bambas,2026-08-23,B,PROYECTOS - FERROBAMBA,Fase 5S,TD079,3950,TRAMO 3,P,9006,9.93333333333333,10.2166666666667,30.0,,8.5
89699901,Mina Bambas,2026-08-23,B,PROYECTOS - FERROBAMBA,Fase 5S,TD079,3950,TRAMO 3,P,13,10.2166666666667,10.5,29.2941176470588,,8.3
89699902,Mina Bambas,2026-08-23,B,PROYECTOS - FERROBAMBA,Fase 5S,TD079,3950,TRAMO 3,P,20,10.5,10.7833333333333,29.2941176470588,,8.3
89699903,Mina Bambas,2026-08-23,B,PROYECTOS - FERROBAMBA,Fase 5S,TD079,3950,TRAMO 3,P,34,10.7833333333333,10.95,48.0000000000002,,8.0
89699904,Mina Bambas,2026-08-23,B,PROYECTOS - FERROBAMBA,Fase 5S,TD079,3950,TRAMO 3,P,4,12.2333333333333,12.5166666666667,29.9999999999998,,8.5
89699905,Mina Bambas,2026-08-23,B,PROYECTOS - FERROBAMBA,Fase 5S,TD079,3950,TRAMO 3,P,9007,12.5166666666667,12.8,30.0,,8.5
89699906,Mina Bambas,2026-08-23,B,PROYECTOS - FERROBAMBA,Fase 5S,TD079,3950,TRAMO 3,P,9008,12.8,13.0833333333333,30.0,,8.5
89699907,Mina Bambas,2026-08-23,B,PROYECTOS - FERROBAMBA,Fase 5S,TD079,3950,TRAMO 3,P,9009,13.0833333333333,13.3666666666667,30.0,,8.5
89699908,Mina Bambas,2026-08-23,B,PROYECTOS - FERROBAMBA,Fase 5S,TD079,3950,TRAMO 3,P,9010,13.3666666666667,13.65,30.0,,8.5
89699909,Mina Bambas,2026-08-23,B,PROYECTOS - FERROBAMBA,Fase 5S,TD079,3950,TRAMO 3,P,9011,13.65,13.9333333333333,30.0,,8.5
89699910,Mina Bambas,2026-08-23,B,PROYECTOS - FERROBAMBA,Fase 5S,TD079,3950,TRAMO 3,P,9012,13.9333333333333,14.2166666666667,30.0,,8.5
89699911,Mina Bambas,2026-08-23,B,PROYECTOS - FERROBAMBA,Fase 5S,TD079,3950,TRAMO 3,P,9013,14.2166666666667,14.5,30.0,,8.5
89703913,Mina Bambas,2026-08-23,B,FERROBAMBA,Fase 6S,TD081,3900,501,P,7274,12.0,12.6666666666667,26.25,,17.5
89703914,Mina Bambas,2026-08-23,B,FERROBAMBA,Fase 6S,TD081,3900,501,P,7185,12.6666666666667,13.1666666666667,35.6,,17.8
89703915,Mina Bambas,2026-08-23,B,FERROBAMBA,Fase 6S,TD081,3900,501,P,7186,13.1666666666667,13.8333333333333,27.75,,18.5
89703916,Mina Bambas,2026-08-23,B,FERROBAMBA,Fase 6S,TD081,3900,501,P,7097,13.8333333333333,14.3333333333333,37.0,,18.5
89703917,Mina Bambas,2026-08-23,B,FERROBAMBA,Fase 6S,TD081,3900,501,P,7098,14.3333333333333,15.0,28.2,,18.8
89703918,Mina Bambas,2026-08-23,B,FERROBAMBA,Fase 6S,TD081,3900,501,P,7008,15.0,15.6666666666667,28.8,,19.2
89703919,Mina Bambas,2026-08-23,B,FERROBAMBA,Fase 6S,TD081,3900,501,P,7009,15.6666666666667,16.1666666666667,36.9999999999999,,18.5
89703920,Mina Bambas,2026-08-23,B,FERROBAMBA,Fase 6S,TD081,3900,501,P,6920,16.1666666666667,16.6666666666667,37.0,,18.5
89703921,Mina Bambas,2026-08-23,B,FERROBAMBA,Fase 6S,TD081,3900,501,P,6921,16.6666666666667,17.3333333333333,27.7500000000001,,18.5
89703922,Mina Bambas,2026-08-23,B,FERROBAMBA,Fase 6S,TD081,3900,501,P,6831,17.3333333333333,17.9166666666667,32.9142857142856,,19.2
89703923,Mina Bambas,2026-08-23,B,FERROBAMBA,Fase 6S,TD081,3900,501,P,6651,17.9166666666667,18.5,32.9142857142858,,19.2
89715958,Mina Bambas,2026-08-24,A,FERROBAMBA,Fase 6S,TD081,3900,501,P,7272,6.5,7.16666666666667,26.55,,17.7
89715959,Mina Bambas,2026-08-24,A,FERROBAMBA,Fase 6S,TD081,3900,501,P,7183,7.16666666666667,7.66666666666667,35.4,,17.7
89715960,Mina Bambas,2026-08-24,A,FERROBAMBA,Fase 6S,TD081,3900,501,P,7273,8.83333333333333,9.35,34.2580645161291,,17.7
89715961,Mina Bambas,2026-08-24,A,FERROBAMBA,Fase 6S,TD081,3900,501,P,7184,9.35,9.86666666666667,34.258064516129,,17.7
89715962,Mina Bambas,2026-08-24,A,FERROBAMBA,Fase 6S,TD081,3900,501,P,7096,9.86666666666667,10.3833333333333,34.2580645161291,,17.7
89715963,Mina Bambas,2026-08-24,A,FERROBAMBA,Fase 6S,TD081,3900,501,P,7007,10.3833333333333,10.9,34.8387096774193,,18.0
89715964,Mina Bambas,2026-08-24,A,FERROBAMBA,Fase 6S,TD081,3900,501,P,7006,10.9,11.4166666666667,34.8387096774194,,18.0
89715965,Mina Bambas,2026-08-24,A,FERROBAMBA,Fase 6S,TD081,3900,501,P,7026,13.5,13.85,45.7142857142858,,16.0
89715966,Mina Bambas,2026-08-24,A,FERROBAMBA,Fase 6S,TD081,3900,501,P,7025,13.85,14.2,45.7142857142858,,16.0
89715967,Mina Bambas,2026-08-24,A,FERROBAMBA,Fase 6S,TD081,3900,501,P,7024,14.2,14.55,45.7142857142855,,16.0
89715968,Mina Bambas,2026-08-24,A,FERROBAMBA,Fase 6S,TD081,3900,501,P,7023,14.55,14.9,45.7142857142858,,16.0
89715969,Mina Bambas,2026-08-24,A,FERROBAMBA,Fase 6S,TD081,3900,501,P,7022,14.9,15.25,45.7142857142858,,16.0
89715970,Mina Bambas,2026-08-24,A,FERROBAMBA,Fase 6S,TD081,3900,501,P,7021,15.25,15.6,45.7142857142858,,16.0
89715971,Mina Bambas,2026-08-24,A,FERROBAMBA,Fase 6S,TD081,3900,501,P,6938,15.6,15.95,40.0,,14.0
89715972,Mina Bambas,2026-08-24,A,FERROBAMBA,Fase 6S,TD081,3900,501,P,6937,15.95,16.3,39.9999999999998,,14.0
89715973,Mina Bambas,2026-08-24,A,FERROBAMBA,Fase 6S,TD081,3900,501,P,6936,16.3,16.65,40.0000000000002,,14.0
89715974,Mina Bambas,2026-08-24,A,FERROBAMBA,Fase 6S,TD081,3900,501,P,6935,16.65,17.0,39.9999999999998,,14.0
89715975,Mina Bambas,2026-08-24,A,FERROBAMBA,Fase 6S,TD081,3900,501,P,6934,17.0,17.35,39.9999999999998,,14.0
89715976,Mina Bambas,2026-08-24,A,FERROBAMBA,Fase 6S,TD081,3900,501,P,6933,17.35,17.7,40.0000000000002,,14.0
89715977,Mina Bambas,2026-08-24,A,FERROBAMBA,Fase 6S,TD081,3900,501,P,6849,17.7,18.0666666666667,32.7272727272727,,12.0
89715978,Mina Bambas,2026-08-24,A,FERROBAMBA,Fase 6S,TD081,3900,501,P,6848,18.0666666666667,18.5,27.6923076923077,,12.0
89718979,Mina Bambas,2026-08-24,A,FERROBAMBA,Fase 6S,TD079,3900,501,P,7095,10.0833333333333,10.4166666666667,52.2000000000002,,17.4
89718980,Mina Bambas,2026-08-24,A,FERROBAMBA,Fase 6S,TD079,3900,501,RP,6916,10.4166666666667,10.8333333333333,41.7599999999999,,17.4
89718981,Mina Bambas,2026-08-24,A,FERROBAMBA,Fase 6S,TD079,3900,501,P,6827,10.8333333333333,11.0833333333333,40.0,,10.0
89718982,Mina Bambas,2026-08-24,A,FERROBAMBA,Fase 6S,TD079,3900,501,P,6739,11.0833333333333,11.25,42.0000000000001,,7.0
89718983,Mina Bambas,2026-08-24,A,FERROBAMBA,Fase 6S,TD079,3900,501,P,6760,13.25,13.4666666666667,46.1538461538461,,10.0
89718984,Mina Bambas,2026-08-24,A,FERROBAMBA,Fase 6S,TD079,3900,501,P,6759,13.4666666666667,13.6666666666667,50.0000000000002,,10.0
89718985,Mina Bambas,2026-08-24,A,FERROBAMBA,Fase 6S,TD079,3900,501,P,6758,13.6666666666667,13.8666666666667,49.9999999999997,,10.0
89718986,Mina Bambas,2026-08-24,A,FERROBAMBA,Fase 6S,TD079,3900,501,P,6757,13.8666666666667,14.0333333333333,60.0000000000002,,10.0
89718987,Mina Bambas,2026-08-24,A,FERROBAMBA,Fase 6S,TD079,3900,501,P,6756,14.0333333333333,14.25,46.1538461538461,,10.0
89718988,Mina Bambas,2026-08-24,A,FERROBAMBA,Fase 6S,TD079,3900,501,P,6755,14.25,14.4333333333333,54.5454545454545,,10.0
89718989,Mina Bambas,2026-08-24,A,FERROBAMBA,Fase 6S,TD079,3900,501,P,6671,14.4333333333333,14.5833333333333,53.3333333333332,,8.0
89718990,Mina Bambas,2026-08-24,A,FERROBAMBA,Fase 6S,TD079,3900,501,P,6670,14.5833333333333,14.75,48.0000000000002,,8.0
89718991,Mina Bambas,2026-08-24,A,FERROBAMBA,Fase 6S,TD079,3900,501,P,6669,14.75,14.9166666666667,48.0000000000002,,8.0
89718992,Mina Bambas,2026-08-24,A,FERROBAMBA,Fase 6S,TD079,3900,501,P,6668,14.9166666666667,15.0833333333333,47.9999999999997,,8.0
89718993,Mina Bambas,2026-08-24,A,FERROBAMBA,Fase 6S,TD079,3900,501,P,6667,15.0833333333333,15.25,48.0000000000002,,8.0
89718994,Mina Bambas,2026-08-24,A,FERROBAMBA,Fase 6S,TD079,3900,501,P,6666,15.25,15.4166666666667,48.0000000000002,,8.0
89718995,Mina Bambas,2026-08-24,A,FERROBAMBA,Fase 6S,TD079,3900,501,P,6582,15.4166666666667,15.5,65.9999999999995,,5.5
89718996,Mina Bambas,2026-08-24,A,FERROBAMBA,Fase 6S,TD079,3900,501,P,6581,15.5,15.5833333333333,65.9999999999995,,5.5
89718997,Mina Bambas,2026-08-24,A,FERROBAMBA,Fase 6S,TD079,3900,501,P,6580,15.5833333333333,15.75,33.0000000000001,,5.5
89718998,Mina Bambas,2026-08-24,A,FERROBAMBA,Fase 6S,TD079,3900,501,P,6579,15.75,15.8333333333333,65.9999999999995,,5.5
89718999,Mina Bambas,2026-08-24,A,FERROBAMBA,Fase 6S,TD079,3900,501,P,6578,15.8333333333333,15.9166666666667,66.0000000000009,,5.5
89719000,Mina Bambas,2026-08-24,A,FERROBAMBA,Fase 6S,TD079,3900,501,P,6577,15.9166666666667,16.0,65.9999999999995,,5.5
89719001,Mina Bambas,2026-08-24,A,FERROBAMBA,Fase 6S,TD079,3900,501,P,6576,17.0833333333333,17.1666666666667,65.9999999999981,,5.5
89719002,Mina Bambas,2026-08-24,A,FERROBAMBA,Fase 6S,TD079,3900,501,P,6575,17.1666666666667,17.3333333333333,39.0000000000006,,6.5
89719003,Mina Bambas,2026-08-24,A,FERROBAMBA,Fase 6S,TD079,3900,501,P,6665,17.3333333333333,17.5,47.9999999999997,,8.0
89719004,Mina Bambas,2026-08-24,A,FERROBAMBA,Fase 6S,TD079,3900,501,P,6664,17.5,17.6666666666667,47.9999999999997,,8.0
89719005,Mina Bambas,2026-08-24,A,FERROBAMBA,Fase 6S,TD079,3900,501,P,6663,17.6666666666667,17.8333333333333,48.0000000000007,,8.0
89719006,Mina Bambas,2026-08-24,A,FERROBAMBA,Fase 6S,TD079,3900,501,P,6662,17.8333333333333,18.0,47.9999999999997,,8.0
89719007,Mina Bambas,2026-08-24,A,FERROBAMBA,Fase 6S,TD079,3900,501,P,6661,18.0,18.1666666666667,47.9999999999997,,8.0
89719008,Mina Bambas,2026-08-24,A,FERROBAMBA,Fase 6S,TD079,3900,501,P,6574,18.1666666666667,18.5,21.0000000000001,,7.0
89720009,Mina Bambas Rotativas - Ferrobamba,2026-08-24,A,FERROBAMBA,Fase 5S,TD092,3690,515,B2,257,6.66666666666667,7.25,27.4285714285714,,16.0
89720010,Mina Bambas Rotativas - Ferrobamba,2026-08-24,A,FERROBAMBA,Fase 5S,TD092,3690,513,B1,242,8.75,9.36666666666667,26.7567567567567,,16.5
89720011,Mina Bambas Rotativas - Ferrobamba,2026-08-24,A,FERROBAMBA,Fase 5S,TD092,3690,513,B1,243,9.36666666666667,10.0666666666667,23.5714285714286,,16.5
89720012,Mina Bambas Rotativas - Ferrobamba,2026-08-24,A,FERROBAMBA,Fase 5S,TD092,3690,513,B1,244,10.0666666666667,10.6666666666667,27.5,,16.5
89720013,Mina Bambas Rotativas - Ferrobamba,2026-08-24,A,FERROBAMBA,Fase 5S,TD092,3690,513,B1,245,10.8666666666667,11.35,33.9310344827587,,16.4
89720014,Mina Bambas Rotativas - Ferrobamba,2026-08-24,A,FERROBAMBA,Fase 5S,TD092,3690,513,B2,313,11.35,11.75,41.0,,16.4
89721015,Mina Bambas Rotativas - Chalcobamba,2026-08-24,A,CHALCOBAMBA,Fase 01,TD092,4465,575,MP,594,15.8333333333333,16.35,32.3225806451612,,16.7
89721016,Mina Bambas Rotativas - Chalcobamba,2026-08-24,A,CHALCOBAMBA,Fase 01,TD092,4465,575,MP,607,16.35,16.9166666666667,30.1764705882353,,17.1
89722017,Mina Bambas Rotativas - Ferrobamba,2026-08-24,A,FERROBAMBA,Fase 5N,TD091,3585,286,MP,636,6.5,7.33333333333333,19.2,,16.0
89722018,Mina Bambas Rotativas - Ferrobamba,2026-08-24,A,FERROBAMBA,Fase 5N,TD091,3585,286,MP,646,7.58333333333333,8.33333333333333,21.3333333333333,,16.0
89722019,Mina Bambas Rotativas - Ferrobamba,2026-08-24,A,FERROBAMBA,Fase 5N,TD091,3585,286,MP,637,9.0,9.68333333333333,23.5609756097561,,16.1
89722020,Mina Bambas Rotativas - Ferrobamba,2026-08-24,A,FERROBAMBA,Fase 5N,TD091,3585,286,MP,754,9.76666666666667,10.3333333333333,28.2352941176471,,16.0
89722021,Mina Bambas Rotativas - Ferrobamba,2026-08-24,A,FERROBAMBA,Fase 5N,TD091,3585,286,MP,695,10.4166666666667,10.9166666666667,28.0,,14.0
89722022,Mina Bambas Rotativas - Ferrobamba,2026-08-24,A,FERROBAMBA,Fase 5N,TD091,3585,286,MP,694,10.9833333333333,11.4666666666667,29.1724137931034,,14.1
89722023,Mina Bambas Rotativas - Ferrobamba,2026-08-24,A,FERROBAMBA,Fase 5N,TD091,3585,286,MP,681,11.55,12.1,25.6363636363637,,14.1
89722024,Mina Bambas Rotativas - Ferrobamba,2026-08-24,A,FERROBAMBA,Fase 5N,TD091,3585,286,MP,645,12.1666666666667,12.75,24.0,,14.0
89722025,Mina Bambas Rotativas - Ferrobamba,2026-08-24,A,FERROBAMBA,Fase 5N,TD091,3585,286,MP,208,12.8166666666667,13.3333333333333,33.2903225806451,,17.2
89722026,Mina Bambas Rotativas - Ferrobamba,2026-08-24,A,FERROBAMBA,Fase 5N,TD091,3585,286,MP,207,13.8333333333333,14.5,25.8,,17.2
89722027,Mina Bambas Rotativas - Ferrobamba,2026-08-24,A,FERROBAMBA,Fase 5N,TD091,3585,286,MP,644,14.5833333333333,15.25,21.3,,14.2
89722028,Mina Bambas Rotativas - Ferrobamba,2026-08-24,A,FERROBAMBA,Fase 5N,TD091,3585,286,MP,638,15.3333333333333,16.1,20.8695652173913,,16.0
89722029,Mina Bambas Rotativas - Ferrobamba,2026-08-24,A,FERROBAMBA,Fase 5N,TD091,3585,286,MP,693,16.1833333333333,16.95,20.8695652173913,,16.0
89722030,Mina Bambas Rotativas - Ferrobamba,2026-08-24,A,FERROBAMBA,Fase 5N,TD091,3585,286,MP,683,17.0333333333333,17.75,19.9534883720931,,14.3
89722031,Mina Bambas Rotativas - Ferrobamba,2026-08-24,A,FERROBAMBA,Fase 5N,TD091,3585,289,MP,202,17.8333333333333,18.5,25.65,,17.1
89725032,Mina Bambas,2026-08-24,A,FERROBAMBA,Fase 5S,TD073,3690,511,PC,5456,17.5833333333333,18.0,39.3599999999999,,16.4
89725033,Mina Bambas,2026-08-24,A,FERROBAMBA,Fase 5S,TD073,3690,511,PC,5457,18.0,18.5,32.8,,16.4
89726034,Mina Bambas,2026-08-24,A,CHALCOBAMBA,Fase 01,TD074,4480,653,PS,9018,8.33333333333333,8.75,44.4000000000001,,18.5
89726035,Mina Bambas,2026-08-24,A,CHALCOBAMBA,Fase 01,TD074,4480,653,PS,9019,8.75,9.16666666666667,44.4000000000001,,18.5
89726036,Mina Bambas,2026-08-24,A,CHALCOBAMBA,Fase 01,TD074,4480,653,PS,9020,9.16666666666667,9.5,55.4999999999999,,18.5
89726037,Mina Bambas,2026-08-24,A,CHALCOBAMBA,Fase 01,TD074,4480,653,PS,9021,9.5,9.83333333333333,55.4999999999999,,18.5
89726038,Mina Bambas,2026-08-24,A,CHALCOBAMBA,Fase 01,TD074,4480,653,PS,9022,9.83333333333333,10.1666666666667,55.5000000000002,,18.5
89726039,Mina Bambas,2026-08-24,A,CHALCOBAMBA,Fase 01,TD074,4480,653,PS,9023,11.0833333333333,11.6333333333333,33.6363636363637,,18.5
89726040,Mina Bambas,2026-08-24,A,CHALCOBAMBA,Fase 01,TD074,4480,653,PS,9024,11.6333333333333,12.1833333333333,33.6363636363636,,18.5
89726041,Mina Bambas,2026-08-24,A,CHALCOBAMBA,Fase 01,TD074,4480,653,PS,9025,12.1833333333333,12.75,32.6470588235294,,18.5
89726042,Mina Bambas,2026-08-24,A,CHALCOBAMBA,Fase 01,TD074,4480,653,PS,9026,12.75,13.3333333333333,31.7142857142857,,18.5
89727043,Mina Bambas,2026-08-24,A,FERROBAMBA,Fase 5N,TD076,3585,285,PC,5153,6.5,7.5,17.8,,17.8
89727044,Mina Bambas,2026-08-24,A,FERROBAMBA,Fase 5N,TD076,3585,285,PC,5152,8.66666666666667,9.5,21.36,,17.8
89727045,Mina Bambas,2026-08-24,A,FERROBAMBA,Fase 5N,TD076,3585,285,PC,5151,9.5,10.3333333333333,21.36,,17.8
89727046,Mina Bambas,2026-08-24,A,FERROBAMBA,Fase 5N,TD076,3585,285,PC,5150,10.3333333333333,11.1666666666667,21.36,,17.8
89727047,Mina Bambas,2026-08-24,A,FERROBAMBA,Fase 5N,TD076,3585,285,PC,5149,11.1666666666667,12.0,21.36,,17.8
89727048,Mina Bambas,2026-08-24,A,FERROBAMBA,Fase 5N,TD076,3585,285,PC,5148,12.0,12.6666666666667,26.7,,17.8
89727049,Mina Bambas,2026-08-24,A,FERROBAMBA,Fase 5N,TD076,3585,285,PC,5147,12.6666666666667,13.5,21.36,,17.8
89727050,Mina Bambas,2026-08-24,A,FERROBAMBA,Fase 5N,TD076,3585,285,PC,5146,13.5,14.3333333333333,21.36,,17.8
89727051,Mina Bambas,2026-08-24,A,FERROBAMBA,Fase 5N,TD076,3585,285,PC,5145,14.3333333333333,15.0,26.7,,17.8
89727052,Mina Bambas,2026-08-24,A,FERROBAMBA,Fase 5N,TD076,3585,285,PC,5144,15.0,15.5,35.6,,17.8
89727053,Mina Bambas,2026-08-24,A,FERROBAMBA,Fase 5N,TD076,3585,285,PC,5143,15.5,16.0,35.6,,17.8
89727054,Mina Bambas,2026-08-24,A,FERROBAMBA,Fase 5N,TD076,3585,285,PC,5142,16.0,16.5,35.6,,17.8
89727055,Mina Bambas,2026-08-24,A,FERROBAMBA,Fase 5N,TD076,3585,285,PC,5141,16.5,17.0,35.6,,17.8
89727056,Mina Bambas,2026-08-24,A,FERROBAMBA,Fase 5N,TD076,3585,285,PC,5140,17.0,17.5,35.6,,17.8
89727057,Mina Bambas,2026-08-24,A,FERROBAMBA,Fase 5N,TD076,3585,285,PC,5139,17.5,18.0,35.6,,17.8
89727058,Mina Bambas,2026-08-24,A,FERROBAMBA,Fase 5N,TD076,3585,285,PC,5138,18.0,18.5,35.6,,17.8
89735109,Mina Bambas Rotativas - Ferrobamba,2026-08-24,B,FERROBAMBA,Fase 5N,TD091,3585,289,B1,203,6.5,7.25,22.6666666666667,,17.0
89735110,Mina Bambas Rotativas - Ferrobamba,2026-08-24,B,FERROBAMBA,Fase 5N,TD091,3585,289,B1,205,7.5,8.41666666666667,18.5454545454546,,17.0
89735111,Mina Bambas Rotativas - Ferrobamba,2026-08-24,B,FERROBAMBA,Fase 5N,TD091,3585,289,B1,208,8.45,9.28333333333333,20.64,,17.2
89735112,Mina Bambas Rotativas - Ferrobamba,2026-08-24,B,FERROBAMBA,Fase 5N,TD091,3585,289,B1,209,9.33333333333333,10.1666666666667,20.4,,17.0
89735113,Mina Bambas Rotativas - Ferrobamba,2026-08-24,B,FERROBAMBA,Fase 5N,TD091,3585,289,B1,212,10.2,10.9666666666667,22.4347826086956,,17.2
89735114,Mina Bambas Rotativas - Ferrobamba,2026-08-24,B,FERROBAMBA,Fase 5N,TD091,3585,289,B1,213,11.5833333333333,12.1666666666667,29.1428571428572,,17.0
89735115,Mina Bambas Rotativas - Ferrobamba,2026-08-24,B,FERROBAMBA,Fase 5N,TD091,3585,289,B1,215,12.2166666666667,12.8,29.1428571428571,,17.0
89735116,Mina Bambas Rotativas - Ferrobamba,2026-08-24,B,FERROBAMBA,Fase 5N,TD091,3585,289,B1,217,12.8333333333333,13.5833333333333,22.6666666666667,,17.0
89735117,Mina Bambas Rotativas - Ferrobamba,2026-08-24,B,FERROBAMBA,Fase 5N,TD091,3585,289,B1,220,13.6333333333333,14.4666666666667,20.4,,17.0
89735118,Mina Bambas Rotativas - Ferrobamba,2026-08-24,B,FERROBAMBA,Fase 5N,TD091,3585,289,B2,219,14.5,15.1666666666667,24.75,,16.5
89735119,Mina Bambas Rotativas - Ferrobamba,2026-08-24,B,FERROBAMBA,Fase 5N,TD091,3585,289,B2,218,15.2166666666667,15.9666666666667,22.0,,16.5
89735120,Mina Bambas Rotativas - Ferrobamba,2026-08-24,B,FERROBAMBA,Fase 5N,TD091,3585,289,B2,216,16.0,16.8,20.625,,16.5
89735121,Mina Bambas Rotativas - Ferrobamba,2026-08-24,B,FERROBAMBA,Fase 5N,TD091,3585,289,B2,214,16.85,17.7166666666667,19.0384615384616,,16.5
89735122,Mina Bambas Rotativas - Ferrobamba,2026-08-24,B,FERROBAMBA,Fase 5N,TD091,3585,289,B2,211,17.7666666666667,18.5,22.5,,16.5
89736123,Mina Bambas Rotativas - Chalcobamba,2026-08-24,B,CHALCOBAMBA,Fase 01,TD092,4465,575,MP,597,9.66666666666667,10.3333333333333,26.1,,17.4
89736124,Mina Bambas Rotativas - Chalcobamba,2026-08-24,B,CHALCOBAMBA,Fase 01,TD092,4465,575,MP,648,10.4166666666667,11.0833333333333,25.5,,17.0
89736125,Mina Bambas Rotativas - Chalcobamba,2026-08-24,B,CHALCOBAMBA,Fase 01,TD092,4465,575,MP,634,11.1666666666667,11.8333333333333,26.1,,17.4
89736126,Mina Bambas Rotativas - Chalcobamba,2026-08-24,B,CHALCOBAMBA,Fase 01,TD092,4465,575,MP,622,11.9166666666667,12.55,27.3157894736842,,17.3
89736127,Mina Bambas Rotativas - Chalcobamba,2026-08-24,B,CHALCOBAMBA,Fase 01,TD092,4465,575,MP,610,12.6333333333333,13.3333333333333,23.5714285714285,,16.5
89736128,Mina Bambas Rotativas - Chalcobamba,2026-08-24,B,CHALCOBAMBA,Fase 01,TD092,4465,575,MP,679,13.5833333333333,14.1666666666667,28.8000000000001,,16.8
89736129,Mina Bambas Rotativas - Chalcobamba,2026-08-24,B,CHALCOBAMBA,Fase 01,TD092,4465,575,MP,663,15.75,16.25,33.8,,16.9
89736130,Mina Bambas Rotativas - Chalcobamba,2026-08-24,B,CHALCOBAMBA,Fase 01,TD092,4465,575,MP,598,16.3333333333333,17.0,24.75,,16.5
89736131,Mina Bambas Rotativas - Chalcobamba,2026-08-24,B,CHALCOBAMBA,Fase 01,TD092,4465,575,MP,649,17.0833333333333,17.75,25.2,,16.8
89736132,Mina Bambas Rotativas - Chalcobamba,2026-08-24,B,CHALCOBAMBA,Fase 01,TD092,4465,575,MP,664,17.8333333333333,18.5,25.35,,16.9
89739133,Mina Bambas,2026-08-24,B,FERROBAMBA,Fase 5S,TD073,3690,511,PC,5458,6.5,7.08333333333333,28.1142857142857,,16.4
89739134,Mina Bambas,2026-08-24,B,FERROBAMBA,Fase 5S,TD073,3690,511,PC,5459,7.83333333333333,8.33333333333333,32.7999999999999,,16.4
89739135,Mina Bambas,2026-08-24,B,FERROBAMBA,Fase 5S,TD073,3690,511,PC,5460,8.33333333333333,9.0,24.6,,16.4
89739136,Mina Bambas,2026-08-24,B,FERROBAMBA,Fase 5S,TD073,3690,511,PC,5461,9.0,9.5,32.8,,16.4
89739137,Mina Bambas,2026-08-24,B,FERROBAMBA,Fase 5S,TD073,3690,511,PC,5462,9.5,10.1666666666667,24.6,,16.4
89739138,Mina Bambas,2026-08-24,B,FERROBAMBA,Fase 5S,TD073,3690,511,PC,5463,10.1666666666667,10.5,49.1999999999999,,16.4
89739139,Mina Bambas,2026-08-24,B,FERROBAMBA,Fase 5S,TD073,3690,511,PC,5464,10.5,11.0,32.8,,16.4
89739140,Mina Bambas,2026-08-24,B,FERROBAMBA,Fase 5S,TD073,3690,511,PC,5465,11.0,11.8333333333333,19.68,,16.4
89739141,Mina Bambas,2026-08-24,B,FERROBAMBA,Fase 5S,TD073,3690,511,PS,9001,11.8333333333333,12.3333333333333,31.0,,15.5
89739142,Mina Bambas,2026-08-24,B,FERROBAMBA,Fase 5S,TD073,3690,511,PS,9002,12.3333333333333,13.0,23.25,,15.5
89739143,Mina Bambas,2026-08-24,B,FERROBAMBA,Fase 5S,TD073,3690,511,RPC,5375,13.0,13.6666666666667,24.75,,16.5
89739144,Mina Bambas,2026-08-24,B,FERROBAMBA,Fase 5S,TD073,3690,511,RPC,5379,13.6666666666667,14.5,19.8,,16.5
89739145,Mina Bambas,2026-08-24,B,FERROBAMBA,Fase 5S,TD073,3690,511,RPC,5365,14.5,15.1666666666667,24.75,,16.5
89739146,Mina Bambas,2026-08-24,B,FERROBAMBA,Fase 5S,TD073,3690,511,RPC,5360,15.1666666666667,16.0,19.8,,16.5
89741147,Mina Bambas,2026-08-24,B,FERROBAMBA,Fase 5N,TD076,3585,285,PC,5137,6.5,7.33333333333333,21.0,,17.5
89741148,Mina Bambas,2026-08-24,B,FERROBAMBA,Fase 5N,TD076,3585,285,RPC,5174,7.58333333333333,8.33333333333333,23.3333333333333,,17.5
89741149,Mina Bambas,2026-08-24,B,FERROBAMBA,Fase 5N,TD076,3585,285,PC,5175,8.33333333333333,9.08333333333333,23.3333333333333,,17.5
89741150,Mina Bambas,2026-08-24,B,FERROBAMBA,Fase 5N,TD076,3585,285,PC,5176,9.08333333333333,9.66666666666667,30.0000000000001,,17.5
89741151,Mina Bambas,2026-08-24,B,FERROBAMBA,Fase 5N,TD076,3585,285,PC,5177,10.6666666666667,11.5,20.88,,17.4
89741152,Mina Bambas,2026-08-24,B,FERROBAMBA,Fase 5N,TD076,3585,285,PC,5178,11.6666666666667,12.4166666666667,23.0666666666667,,17.3
89741153,Mina Bambas,2026-08-24,B,FERROBAMBA,Fase 5N,TD076,3585,285,PC,5179,12.4166666666667,13.1666666666667,23.0666666666667,,17.3
89741154,Mina Bambas,2026-08-24,B,FERROBAMBA,Fase 5N,TD076,3585,285,PC,5180,13.1666666666667,13.9166666666667,23.0666666666667,,17.3
89741155,Mina Bambas,2026-08-24,B,FERROBAMBA,Fase 5N,TD076,3585,285,PC,5181,13.9166666666667,14.6666666666667,22.9333333333333,,17.2
89741156,Mina Bambas,2026-08-24,B,FERROBAMBA,Fase 5N,TD076,3585,285,PC,5182,14.6666666666667,15.5,20.4,,17.0
89741157,Mina Bambas,2026-08-24,B,FERROBAMBA,Fase 5N,TD076,3585,285,PC,5183,15.5,16.0,34.6,,17.3
89741158,Mina Bambas,2026-08-24,B,FERROBAMBA,Fase 5N,TD076,3585,285,PC,5184,16.0,16.6666666666667,25.5,,17.0
89741159,Mina Bambas,2026-08-24,B,FERROBAMBA,Fase 5N,TD076,3585,285,PC,5185,17.0,17.5,34.0,,17.0
89741160,Mina Bambas,2026-08-24,B,FERROBAMBA,Fase 5N,TD076,3585,285,PC,5186,17.5,18.0,34.0,,17.0
89741161,Mina Bambas,2026-08-24,B,FERROBAMBA,Fase 5N,TD076,3585,285,PC,5187,18.0,18.5,34.0,,17.0
89742162,Mina Bambas,2026-08-24,B,CHALCOBAMBA,Fase 01,TD077,4480,690,PS,9001,15.6666666666667,16.0,37.4999999999999,,12.5
89742163,Mina Bambas,2026-08-24,B,CHALCOBAMBA,Fase 01,TD077,4480,690,PS,9002,16.0,16.3333333333333,37.5000000000001,,12.5
89742164,Mina Bambas,2026-08-24,B,CHALCOBAMBA,Fase 01,TD077,4480,690,PS,9003,16.3333333333333,16.6666666666667,37.4999999999997,,12.5
89742165,Mina Bambas,2026-08-24,B,CHALCOBAMBA,Fase 01,TD077,4480,690,PS,9004,16.6666666666667,17.0,37.5000000000001,,12.5
89742166,Mina Bambas,2026-08-24,B,CHALCOBAMBA,Fase 01,TD077,4480,690,PS,9005,17.0,17.3333333333333,37.5000000000001,,12.5
89742167,Mina Bambas,2026-08-24,B,CHALCOBAMBA,Fase 01,TD077,4480,690,PS,9006,17.3333333333333,17.6666666666667,37.4999999999997,,12.5
89742168,Mina Bambas,2026-08-24,B,CHALCOBAMBA,Fase 01,TD077,4480,690,PS,9007,17.6666666666667,18.0,37.5000000000001,,12.5
89742169,Mina Bambas,2026-08-24,B,CHALCOBAMBA,Fase 01,TD077,4480,690,PS,9008,18.0,18.25,50.0,,12.5
89742170,Mina Bambas,2026-08-24,B,CHALCOBAMBA,Fase 01,TD077,4480,690,PS,9009,18.25,18.5,50.0,,12.5
89743171,Mina Bambas,2026-08-24,B,FERROBAMBA,Fase 6S,TD079,3900,501,P,7202,6.5,7.33333333333333,24.0,,20.0
89743172,Mina Bambas,2026-08-24,B,FERROBAMBA,Fase 6S,TD079,3900,501,P,6754,14.25,14.6,28.5714285714286,,10.0
89743173,Mina Bambas,2026-08-24,B,FERROBAMBA,Fase 6S,TD079,3900,501,P,6753,14.6,14.9333333333333,29.9999999999999,,10.0
89743174,Mina Bambas,2026-08-24,B,FERROBAMBA,Fase 6S,TD079,3900,501,P,6752,14.9333333333333,15.3,27.2727272727272,,10.0
89743175,Mina Bambas,2026-08-24,B,FERROBAMBA,Fase 6S,TD079,3900,501,P,6751,15.3,15.6333333333333,30.0000000000001,,10.0
89743176,Mina Bambas,2026-08-24,B,FERROBAMBA,Fase 6S,TD079,3900,501,P,6750,15.6333333333333,15.85,46.1538461538461,,10.0
89743177,Mina Bambas,2026-08-24,B,FERROBAMBA,Fase 6S,TD079,3900,501,P,6749,15.85,16.1666666666667,28.4210526315788,,9.0
89743178,Mina Bambas,2026-08-24,B,FERROBAMBA,Fase 6S,TD079,3900,501,P,6748,16.1666666666667,16.4166666666667,36.0,,9.0
89743179,Mina Bambas,2026-08-24,B,FERROBAMBA,Fase 6S,TD079,3900,501,P,6835,16.4166666666667,16.8666666666667,22.2222222222223,,10.0
89743180,Mina Bambas,2026-08-24,B,FERROBAMBA,Fase 6S,TD079,3900,501,P,6834,16.8666666666667,17.2666666666667,25.0000000000001,,10.0
89743181,Mina Bambas,2026-08-24,B,FERROBAMBA,Fase 6S,TD079,3900,501,P,6833,17.2666666666667,17.6166666666667,28.5714285714285,,10.0
89743182,Mina Bambas,2026-08-24,B,FERROBAMBA,Fase 6S,TD079,3900,501,P,6836,17.6166666666667,17.9333333333333,34.7368421052632,,11.0
89743183,Mina Bambas,2026-08-24,B,FERROBAMBA,Fase 6S,TD079,3900,501,P,6837,17.9333333333333,18.1666666666667,47.142857142857,,11.0
89745184,Mina Bambas,2026-08-24,B,FERROBAMBA,Fase 6S,TD080,3900,501,P,7115,9.16666666666667,9.75,34.8,,20.3
89745185,Mina Bambas,2026-08-24,B,FERROBAMBA,Fase 6S,TD080,3900,501,P,7114,9.75,10.3333333333333,34.8,,20.3
89746186,Mina Bambas,2026-08-24,B,FERROBAMBA,Fase 6S,TD081,3900,501,P,6847,6.5,6.83333333333333,34.2,,11.4
89746187,Mina Bambas,2026-08-24,B,FERROBAMBA,Fase 6S,TD081,3900,501,P,6846,6.83333333333333,7.16666666666667,34.1999999999999,,11.4
89746188,Mina Bambas,2026-08-24,B,FERROBAMBA,Fase 6S,TD081,3900,501,P,6845,8.0,8.41666666666667,27.36,,11.4
89746189,Mina Bambas,2026-08-24,B,FERROBAMBA,Fase 6S,TD081,3900,501,P,6844,8.41666666666667,8.75,34.1999999999999,,11.4
89746190,Mina Bambas,2026-08-24,B,FERROBAMBA,Fase 6S,TD081,3900,501,P,6843,8.75,9.0,45.6,,11.4
89746191,Mina Bambas,2026-08-24,B,FERROBAMBA,Fase 6S,TD081,3900,501,P,6842,9.0,9.33333333333333,34.1999999999999,,11.4
89746192,Mina Bambas,2026-08-24,B,FERROBAMBA,Fase 6S,TD081,3900,501,P,6841,9.33333333333333,9.58333333333333,45.6,,11.4
89746193,Mina Bambas,2026-08-24,B,FERROBAMBA,Fase 6S,TD081,3900,501,P,6840,9.58333333333333,9.83333333333333,45.6,,11.4
89746194,Mina Bambas,2026-08-24,B,FERROBAMBA,Fase 6S,TD081,3900,501,P,6839,9.83333333333333,10.0833333333333,45.6,,11.4
89746195,Mina Bambas,2026-08-24,B,FERROBAMBA,Fase 6S,TD081,3900,501,P,6932,10.0833333333333,10.5,32.4,,13.5
89746196,Mina Bambas,2026-08-24,B,FERROBAMBA,Fase 6S,TD081,3900,501,P,6931,10.5,10.75,54.0,,13.5
89746197,Mina Bambas,2026-08-24,B,FERROBAMBA,Fase 6S,TD081,3900,501,P,6930,10.75,11.0,54.0,,13.5
89746198,Mina Bambas,2026-08-24,B,FERROBAMBA,Fase 6S,TD081,3900,501,P,6929,11.0,11.4166666666667,32.4,,13.5
89746199,Mina Bambas,2026-08-24,B,FERROBAMBA,Fase 6S,TD081,3900,501,P,7020,11.4166666666667,11.75,46.4999999999999,,15.5
89746200,Mina Bambas,2026-08-24,B,FERROBAMBA,Fase 6S,TD081,3900,501,P,7019,11.75,12.0,62.0,,15.5
89746201,Mina Bambas,2026-08-24,B,FERROBAMBA,Fase 6S,TD081,3900,501,P,7112,12.0,12.4166666666667,49.2000000000001,,20.5
89746202,Mina Bambas,2026-08-24,B,FERROBAMBA,Fase 6S,TD081,3900,501,P,7113,12.4166666666667,12.9166666666667,41.0,,20.5
89746203,Mina Bambas,2026-08-24,B,FERROBAMBA,Fase 6S,TD081,3900,501,P,7111,12.9166666666667,13.3333333333333,49.1999999999999,,20.5
89746204,Mina Bambas,2026-08-24,B,FERROBAMBA,Fase 6S,TD081,3900,501,P,7110,13.3333333333333,13.6666666666667,61.5000000000002,,20.5
89746205,Mina Bambas,2026-08-24,B,FERROBAMBA,Fase 6S,TD081,3900,501,P,7109,13.6666666666667,14.0,61.4999999999999,,20.5
89746206,Mina Bambas,2026-08-24,B,FERROBAMBA,Fase 6S,TD081,3900,501,P,7201,14.0,14.3333333333333,61.4999999999999,,20.5
89746207,Mina Bambas,2026-08-24,B,FERROBAMBA,Fase 6S,TD081,3900,501,P,7200,14.3333333333333,14.6666666666667,61.5000000000002,,20.5
89746208,Mina Bambas,2026-08-24,B,FERROBAMBA,Fase 6S,TD081,3900,501,P,7199,14.6666666666667,15.0,59.9999999999999,,20.0
89746209,Mina Bambas,2026-08-24,B,FERROBAMBA,Fase 6S,TD081,3900,501,P,7198,15.0,15.3333333333333,59.9999999999999,,20.0
89746210,Mina Bambas,2026-08-24,B,FERROBAMBA,Fase 6S,TD081,3900,501,P,7192,15.3333333333333,15.6666666666667,60.0000000000002,,20.0
89746211,Mina Bambas,2026-08-24,B,FERROBAMBA,Fase 6S,TD081,3900,501,P,7193,15.6666666666667,16.3333333333333,30.0,,20.0
89746212,Mina Bambas,2026-08-24,B,FERROBAMBA,Fase 6S,TD081,3900,501,P,7262,16.3333333333333,16.8333333333333,33.0,,16.5
89746213,Mina Bambas,2026-08-24,B,FERROBAMBA,Fase 6S,TD081,3900,501,P,7263,16.8333333333333,17.4166666666667,28.2857142857142,,16.5
89746214,Mina Bambas,2026-08-24,B,FERROBAMBA,Fase 6S,TD081,3900,501,P,7194,17.4166666666667,17.8333333333333,48.0000000000003,,20.0
89746215,Mina Bambas,2026-08-24,B,FERROBAMBA,Fase 6S,TD081,3900,501,P,7195,17.8333333333333,18.25,47.9999999999999,,20.0
89751216,Mina Bambas,2026-08-25,A,FERROBAMBA,Fase 5N,TD076,3585,285,PC,5188,6.5,7.5,17.5,,17.5
89751217,Mina Bambas,2026-08-25,A,FERROBAMBA,Fase 5N,TD076,3585,285,PC,5189,12.5,13.3333333333333,21.0,,17.5
89751218,Mina Bambas,2026-08-25,A,FERROBAMBA,Fase 5N,TD076,3585,285,PC,5190,13.3333333333333,14.1666666666667,21.0,,17.5
89751219,Mina Bambas,2026-08-25,A,FERROBAMBA,Fase 5N,TD076,3585,285,PC,5191,14.1666666666667,15.0,21.0,,17.5
89751220,Mina Bambas,2026-08-25,A,FERROBAMBA,Fase 5N,TD076,3585,285,PC,5192,15.0,15.8333333333333,21.0,,17.5
89751221,Mina Bambas,2026-08-25,A,FERROBAMBA,Fase 5N,TD076,3585,285,PC,5193,15.8333333333333,16.8333333333333,17.5,,17.5
89751222,Mina Bambas,2026-08-25,A,FERROBAMBA,Fase 5N,TD076,3585,285,PS,9001,17.1666666666667,17.3333333333333,27.0000000000004,,4.5
89751223,Mina Bambas,2026-08-25,A,FERROBAMBA,Fase 5N,TD076,3585,285,PS,9002,17.3333333333333,17.5,26.9999999999998,,4.5
89751224,Mina Bambas,2026-08-25,A,FERROBAMBA,Fase 5N,TD076,3585,285,PS,9003,17.5,17.6666666666667,26.9999999999998,,4.5
89751225,Mina Bambas,2026-08-25,A,FERROBAMBA,Fase 5N,TD076,3585,285,PS,9004,17.6666666666667,17.8333333333333,27.0000000000004,,4.5
89751226,Mina Bambas,2026-08-25,A,FERROBAMBA,Fase 5N,TD076,3585,285,PS,9005,17.8333333333333,17.9666666666667,33.7500000000001,,4.5
89751227,Mina Bambas,2026-08-25,A,FERROBAMBA,Fase 5N,TD076,3585,285,PS,9006,17.9666666666667,18.1,33.7499999999992,,4.5
89751228,Mina Bambas,2026-08-25,A,FERROBAMBA,Fase 5N,TD076,3585,285,PS,9007,18.1,18.2333333333333,33.7500000000001,,4.5
89751229,Mina Bambas,2026-08-25,A,FERROBAMBA,Fase 5N,TD076,3585,285,PS,9008,18.2333333333333,18.3666666666667,33.7500000000001,,4.5
89751230,Mina Bambas,2026-08-25,A,FERROBAMBA,Fase 5N,TD076,3585,285,PS,9009,18.3666666666667,18.5,33.7500000000001,,4.5
89752231,Mina Bambas,2026-08-25,A,CHALCOBAMBA,Fase 01,TD077,4480,690,PS,9005,7.66666666666667,8.33333333333333,19.5,,13.0
89752232,Mina Bambas,2026-08-25,A,CHALCOBAMBA,Fase 01,TD077,4480,690,PS,9011,8.33333333333333,9.0,19.5,,13.0
89752233,Mina Bambas,2026-08-25,A,CHALCOBAMBA,Fase 01,TD077,4480,690,PS,9006,9.0,9.58333333333333,22.2857142857143,,13.0
89752234,Mina Bambas,2026-08-25,A,CHALCOBAMBA,Fase 01,TD077,4480,690,PS,9020,10.0,10.1666666666667,18.0000000000001,,3.0
89752235,Mina Bambas,2026-08-25,A,CHALCOBAMBA,Fase 01,TD077,4480,690,PS,9007,10.3333333333333,10.75,31.2,,13.0
89752236,Mina Bambas,2026-08-25,A,CHALCOBAMBA,Fase 01,TD077,4480,690,PS,9002,10.75,11.0,52.0,,13.0
89752237,Mina Bambas,2026-08-25,A,CHALCOBAMBA,Fase 01,TD077,4480,690,PS,9003,11.4166666666667,11.6666666666667,52.0,,13.0
89752238,Mina Bambas,2026-08-25,A,CHALCOBAMBA,Fase 01,TD077,4480,690,PS,9008,11.6666666666667,12.0833333333333,31.1999999999999,,13.0
89752239,Mina Bambas,2026-08-25,A,CHALCOBAMBA,Fase 01,TD077,4480,690,PS,9012,12.0833333333333,12.5833333333333,26.0,,13.0
89752240,Mina Bambas,2026-08-25,A,CHALCOBAMBA,Fase 01,TD077,4480,690,PS,9013,12.5833333333333,13.0,31.2,,13.0
89752241,Mina Bambas,2026-08-25,A,CHALCOBAMBA,Fase 01,TD077,4480,690,PS,9021,13.0,13.1666666666667,18.0000000000001,,3.0
89752242,Mina Bambas,2026-08-25,A,CHALCOBAMBA,Fase 01,TD077,4480,690,PS,9022,13.3333333333333,13.5333333333333,15.0000000000001,,3.0
89752243,Mina Bambas,2026-08-25,A,CHALCOBAMBA,Fase 01,TD077,4480,690,PS,9023,13.5333333333333,13.75,13.8461538461538,,3.0
89752244,Mina Bambas,2026-08-25,A,CHALCOBAMBA,Fase 01,TD077,4480,690,PS,9024,13.75,13.9166666666667,18.0000000000001,,3.0
89752245,Mina Bambas,2026-08-25,A,CHALCOBAMBA,Fase 01,TD077,4480,690,PS,9025,13.9166666666667,14.25,12.0,,4.0
89752246,Mina Bambas,2026-08-25,A,CHALCOBAMBA,Fase 01,TD077,4480,690,PS,9026,14.25,14.5,16.0,,4.0
89752247,Mina Bambas,2026-08-25,A,CHALCOBAMBA,Fase 01,TD077,4480,690,PS,9014,15.75,16.0,52.0,,13.0
89752248,Mina Bambas,2026-08-25,A,CHALCOBAMBA,Fase 01,TD077,4480,690,PS,9015,16.0,16.5,26.0,,13.0
89752249,Mina Bambas,2026-08-25,A,CHALCOBAMBA,Fase 01,TD077,4480,690,PS,9010,16.5,17.0,26.0,,13.0
89752250,Mina Bambas,2026-08-25,A,CHALCOBAMBA,Fase 01,TD077,4480,690,PS,9016,17.0,17.6666666666667,19.5,,13.0
89753251,Mina Bambas Rotativas - Ferrobamba,2026-08-25,A,FERROBAMBA,Fase 5N,TD091,3585,289,B2,210,6.5,7.33333333333333,19.8,,16.5
89753252,Mina Bambas Rotativas - Ferrobamba,2026-08-25,A,FERROBAMBA,Fase 5N,TD091,3585,289,B2,207,7.41666666666667,8.25,19.8,,16.5
89753253,Mina Bambas Rotativas - Ferrobamba,2026-08-25,A,FERROBAMBA,Fase 5N,TD091,3585,289,B2,206,8.58333333333333,9.55,17.0689655172414,,16.5
89753254,Mina Bambas Rotativas - Ferrobamba,2026-08-25,A,FERROBAMBA,Fase 5N,TD091,3585,289,B2,204,9.63333333333333,10.5833333333333,17.4736842105263,,16.6
89753255,Mina Bambas Rotativas - Ferrobamba,2026-08-25,A,FERROBAMBA,Fase 5N,TD091,3585,286,MP,639,13.7,14.5,18.625,,14.9
89753256,Mina Bambas Rotativas - Ferrobamba,2026-08-25,A,FERROBAMBA,Fase 5N,TD091,3585,286,B2,263,14.55,15.5,17.8947368421053,,17.0
89753257,Mina Bambas Rotativas - Ferrobamba,2026-08-25,A,FERROBAMBA,Fase 5N,TD091,3585,286,B2,262,15.55,16.3833333333333,20.4,,17.0
89753258,Mina Bambas Rotativas - Ferrobamba,2026-08-25,A,FERROBAMBA,Fase 5N,TD091,3585,289,B2,201,16.4166666666667,17.25,20.4,,17.0
89753259,Mina Bambas Rotativas - Ferrobamba,2026-08-25,A,FERROBAMBA,Fase 5N,TD091,3585,286,MP,640,17.2833333333333,17.8666666666667,25.3714285714286,,14.8
89753260,Mina Bambas Rotativas - Ferrobamba,2026-08-25,A,FERROBAMBA,Fase 5N,TD091,3585,289,MP,401,17.9166666666667,18.5,25.2,,14.7
89754261,Mina Bambas Rotativas - Chalcobamba,2026-08-25,A,CHALCOBAMBA,Fase 01,TD092,4465,575,MP,599,7.75,8.4,25.3846153846154,,16.5
89754262,Mina Bambas Rotativas - Chalcobamba,2026-08-25,A,CHALCOBAMBA,Fase 01,TD092,4465,575,MP,600,8.4,8.96666666666667,29.1176470588235,,16.5
89754263,Mina Bambas Rotativas - Chalcobamba,2026-08-25,A,CHALCOBAMBA,Fase 01,TD092,4465,575,MP,601,9.16666666666667,9.76666666666667,27.4999999999999,,16.5
89754264,Mina Bambas Rotativas - Chalcobamba,2026-08-25,A,CHALCOBAMBA,Fase 01,TD092,4465,575,MP,611,9.76666666666667,10.3833333333333,26.7567567567568,,16.5
89754265,Mina Bambas Rotativas - Chalcobamba,2026-08-25,A,CHALCOBAMBA,Fase 01,TD092,4465,575,MP,612,10.3833333333333,11.0666666666667,24.0,,16.4
89754266,Mina Bambas Rotativas - Chalcobamba,2026-08-25,A,CHALCOBAMBA,Fase 01,TD092,4465,575,MP,613,11.0666666666667,11.8333333333333,21.3913043478261,,16.4
89754267,Mina Bambas Rotativas - Chalcobamba,2026-08-25,A,CHALCOBAMBA,Fase 01,TD092,4465,575,MP,614,11.8333333333333,12.4333333333333,27.3333333333333,,16.4
89754268,Mina Bambas Rotativas - Chalcobamba,2026-08-25,A,CHALCOBAMBA,Fase 01,TD092,4465,575,MP,615,12.4333333333333,13.0833333333333,25.2307692307692,,16.4
89754269,Mina Bambas Rotativas - Chalcobamba,2026-08-25,A,CHALCOBAMBA,Fase 01,TD092,4465,575,MP,623,13.4166666666667,14.0333333333333,26.9189189189189,,16.6
89754270,Mina Bambas Rotativas - Chalcobamba,2026-08-25,A,CHALCOBAMBA,Fase 01,TD092,4465,575,MP,624,14.0833333333333,14.6666666666667,28.2857142857143,,16.5
89754271,Mina Bambas Rotativas - Chalcobamba,2026-08-25,A,CHALCOBAMBA,Fase 01,TD092,4465,575,MP,625,14.7166666666667,15.45,22.5,,16.5
89754272,Mina Bambas Rotativas - Chalcobamba,2026-08-25,A,CHALCOBAMBA,Fase 01,TD092,4465,575,MP,626,15.5,16.2,23.5714285714286,,16.5
89754273,Mina Bambas Rotativas - Chalcobamba,2026-08-25,A,CHALCOBAMBA,Fase 01,TD092,4465,575,MP,627,16.25,16.7833333333333,30.9374999999999,,16.5
89754274,Mina Bambas Rotativas - Chalcobamba,2026-08-25,A,CHALCOBAMBA,Fase 01,TD092,4465,575,MP,628,16.8166666666667,17.5833333333333,21.5217391304348,,16.5
89754275,Mina Bambas Rotativas - Chalcobamba,2026-08-25,A,CHALCOBAMBA,Fase 01,TD092,4465,575,MP,629,17.6666666666667,18.5,20.04,,16.7
89755276,Mina Bambas,2026-08-25,A,FERROBAMBA,Fase 6S,TD079,3900,501,P,7192,9.08333333333333,9.58333333333333,39.0,,19.5
89755277,Mina Bambas,2026-08-25,A,FERROBAMBA,Fase 6S,TD079,3900,501,P,7193,9.58333333333333,10.0833333333333,40.0,,20.0
89755278,Mina Bambas,2026-08-25,A,FERROBAMBA,Fase 6S,TD079,3900,501,P,7103,10.0833333333333,10.75,28.95,,19.3
89755279,Mina Bambas,2026-08-25,A,FERROBAMBA,Fase 6S,TD079,3900,501,P,7104,10.75,11.3333333333333,33.0857142857143,,19.3
89755280,Mina Bambas,2026-08-25,A,FERROBAMBA,Fase 6S,TD079,3900,501,P,7105,11.3333333333333,12.1666666666667,23.4,,19.5
89755281,Mina Bambas,2026-08-25,A,FERROBAMBA,Fase 6S,TD079,3900,501,P,7106,12.5,13.0833333333333,33.4285714285714,,19.5
89755282,Mina Bambas,2026-08-25,A,FERROBAMBA,Fase 6S,TD079,3900,501,P,7107,13.0833333333333,13.6666666666667,34.2857142857144,,20.0
89755283,Mina Bambas,2026-08-25,A,FERROBAMBA,Fase 6S,TD079,3900,501,P,7108,13.6666666666667,14.3333333333333,29.9999999999999,,20.0
89755284,Mina Bambas,2026-08-25,A,FERROBAMBA,Fase 6S,TD079,3900,501,P,7013,14.3333333333333,14.8333333333333,28.0,,14.0
89755285,Mina Bambas,2026-08-25,A,FERROBAMBA,Fase 6S,TD079,3900,501,P,7014,14.8333333333333,15.1666666666667,43.5000000000002,,14.5
89755286,Mina Bambas,2026-08-25,A,FERROBAMBA,Fase 6S,TD079,3900,501,P,7015,15.1666666666667,15.5,44.9999999999999,,15.0
89755287,Mina Bambas,2026-08-25,A,FERROBAMBA,Fase 6S,TD079,3900,501,P,7016,15.5,15.8333333333333,44.9999999999999,,15.0
89755288,Mina Bambas,2026-08-25,A,FERROBAMBA,Fase 6S,TD079,3900,501,P,7017,15.8333333333333,16.3333333333333,30.0000000000001,,15.0
89755289,Mina Bambas,2026-08-25,A,FERROBAMBA,Fase 6S,TD079,3900,501,P,7018,16.3333333333333,16.7166666666667,39.1304347826087,,15.0
89755290,Mina Bambas,2026-08-25,A,FERROBAMBA,Fase 6S,TD079,3900,501,P,6924,16.7166666666667,17.0333333333333,37.8947368421049,,12.0
89755291,Mina Bambas,2026-08-25,A,FERROBAMBA,Fase 6S,TD079,3900,501,P,6925,17.0333333333333,17.3333333333333,41.6666666666671,,12.5
89755292,Mina Bambas,2026-08-25,A,FERROBAMBA,Fase 6S,TD079,3900,501,P,6926,17.3333333333333,17.6333333333333,41.6666666666666,,12.5
89755293,Mina Bambas,2026-08-25,A,FERROBAMBA,Fase 6S,TD079,3900,501,P,6927,17.6333333333333,17.9333333333333,43.3333333333332,,13.0
89755294,Mina Bambas,2026-08-25,A,FERROBAMBA,Fase 6S,TD079,3900,501,P,6928,17.9333333333333,18.2333333333333,43.3333333333332,,13.0
89755295,Mina Bambas,2026-08-25,A,FERROBAMBA,Fase 6S,TD079,3900,501,P,6836,18.2333333333333,18.5,41.2500000000001,,11.0
89757296,Mina Bambas,2026-08-25,A,FERROBAMBA,Fase 6S,TD080,3900,501,P,6573,12.5,12.75,30.0,,7.5
89757297,Mina Bambas,2026-08-25,A,FERROBAMBA,Fase 6S,TD080,3900,501,P,6572,12.75,13.0833333333333,22.5,,7.5
89757298,Mina Bambas,2026-08-25,A,FERROBAMBA,Fase 6S,TD080,3900,501,P,6660,13.0833333333333,13.3333333333333,30.0,,7.5
89757299,Mina Bambas,2026-08-25,A,FERROBAMBA,Fase 6S,TD080,3900,501,P,6571,13.3333333333333,13.6666666666667,22.5000000000001,,7.5
89758531,Mina Bambas,2026-08-25,A,FERROBAMBA,Fase 6S,TD081,3900,501,P,6744,10.6666666666667,10.8833333333333,32.3076923076923,,7.0
89758532,Mina Bambas,2026-08-25,A,FERROBAMBA,Fase 6S,TD081,3900,501,P,6745,10.8833333333333,11.1,32.3076923076923,,7.0
89758533,Mina Bambas,2026-08-25,A,FERROBAMBA,Fase 6S,TD081,3900,501,P,6746,11.1,11.3333333333333,34.2857142857141,,8.0
89758534,Mina Bambas,2026-08-25,A,FERROBAMBA,Fase 6S,TD081,3900,501,P,6654,13.5,13.6833333333333,43.6363636363636,,8.0
89758535,Mina Bambas,2026-08-25,A,FERROBAMBA,Fase 6S,TD081,3900,501,P,6554,13.6833333333333,13.8666666666667,32.7272727272727,,6.0
89758536,Mina Bambas,2026-08-25,A,FERROBAMBA,Fase 6S,TD081,3900,501,P,6642,13.8666666666667,14.05,32.7272727272727,,6.0
89758537,Mina Bambas,2026-08-25,A,FERROBAMBA,Fase 6S,TD081,3900,501,P,6555,14.05,14.2333333333333,32.727272727273,,6.0
89758538,Mina Bambas,2026-08-25,A,FERROBAMBA,Fase 6S,TD081,3900,501,P,6643,14.2333333333333,14.4166666666667,32.7272727272727,,6.0
89758539,Mina Bambas,2026-08-25,A,FERROBAMBA,Fase 6S,TD081,3900,501,P,6644,14.4166666666667,14.6,32.7272727272727,,6.0
89758540,Mina Bambas,2026-08-25,A,FERROBAMBA,Fase 6S,TD081,3900,501,P,6556,14.6,14.8333333333333,25.7142857142856,,6.0
89758541,Mina Bambas,2026-08-25,A,FERROBAMBA,Fase 6S,TD081,3900,501,P,6734,17.25,17.45,32.5000000000001,,6.5
89758542,Mina Bambas,2026-08-25,A,FERROBAMBA,Fase 6S,TD081,3900,501,P,6645,17.45,17.65,32.5000000000001,,6.5
89758543,Mina Bambas,2026-08-25,A,FERROBAMBA,Fase 6S,TD081,3900,501,P,6557,17.65,17.85,29.9999999999996,,6.0
89758544,Mina Bambas,2026-08-25,A,FERROBAMBA,Fase 6S,TD081,3900,501,P,6823,17.85,18.0166666666667,48.0000000000007,,8.0
89758545,Mina Bambas,2026-08-25,A,FERROBAMBA,Fase 6S,TD081,3900,501,P,6735,18.0166666666667,18.2666666666667,32.0,,8.0
89758546,Mina Bambas,2026-08-25,A,FERROBAMBA,Fase 6S,TD081,3900,501,P,6646,18.2666666666667,18.5,34.2857142857141,,8.0
89781375,Mina Bambas Rotativas - Ferrobamba,2026-08-25,B,FERROBAMBA,Fase 5N,TD091,3585,289,MP,410,7.75,8.58333333333333,17.04,,14.2
89781376,Mina Bambas Rotativas - Ferrobamba,2026-08-25,B,FERROBAMBA,Fase 5N,TD091,3585,289,MP,419,8.66666666666667,9.45,17.8723404255319,,14.0
89781377,Mina Bambas Rotativas - Ferrobamba,2026-08-25,B,FERROBAMBA,Fase 5N,TD091,3585,289,MP,428,9.53333333333333,10.4166666666667,15.9622641509434,,14.1
89781378,Mina Bambas Rotativas - Ferrobamba,2026-08-25,B,FERROBAMBA,Fase 5N,TD091,3585,289,MP,455,10.6666666666667,11.25,23.8285714285714,,13.9
89781379,Mina Bambas Rotativas - Ferrobamba,2026-08-25,B,FERROBAMBA,Fase 5N,TD091,3585,289,MP,437,11.3166666666667,12.1666666666667,16.4705882352941,,14.0
89781380,Mina Bambas Rotativas - Ferrobamba,2026-08-25,B,FERROBAMBA,Fase 5N,TD091,3585,289,MP,446,12.2333333333333,12.9333333333333,20.0,,14.0
89781381,Mina Bambas Rotativas - Ferrobamba,2026-08-25,B,FERROBAMBA,Fase 5N,TD091,3585,286,MP,643,13.0,13.65,21.8461538461538,,14.2
89781382,Mina Bambas Rotativas - Ferrobamba,2026-08-25,B,FERROBAMBA,Fase 5N,TD091,3585,286,MP,642,13.7166666666667,14.35,22.421052631579,,14.2
89781383,Mina Bambas Rotativas - Ferrobamba,2026-08-25,B,FERROBAMBA,Fase 5N,TD091,3585,286,MP,641,14.4166666666667,14.95,26.4375,,14.1
89781384,Mina Bambas Rotativas - Ferrobamba,2026-08-25,B,FERROBAMBA,Fase 5N,TD091,3585,289,MP,402,15.0166666666667,15.7666666666667,21.0666666666667,,15.8
89781385,Mina Bambas Rotativas - Ferrobamba,2026-08-25,B,FERROBAMBA,Fase 5N,TD091,3585,289,MP,403,15.8333333333333,16.5166666666667,23.4146341463415,,16.0
89781386,Mina Bambas Rotativas - Ferrobamba,2026-08-25,B,FERROBAMBA,Fase 5N,TD091,3585,289,MP,420,16.5833333333333,17.5,17.2363636363636,,15.8
89781387,Mina Bambas Rotativas - Ferrobamba,2026-08-25,B,FERROBAMBA,Fase 5N,TD091,3585,289,MP,411,17.5833333333333,18.25,24.0,,16.0
89783391,Mina Bambas Rotativas - Chalcobamba,2026-08-25,B,CHALCOBAMBA,Fase 01,TD092,4465,575,MP,602,7.75,8.4,25.2307692307692,,16.4
89783392,Mina Bambas Rotativas - Chalcobamba,2026-08-25,B,CHALCOBAMBA,Fase 01,TD092,4465,575,MP,603,8.41666666666667,9.08333333333333,24.6,,16.4
89783393,Mina Bambas Rotativas - Chalcobamba,2026-08-25,B,CHALCOBAMBA,Fase 01,TD092,4465,575,MP,604,9.11666666666667,9.96666666666667,19.2941176470588,,16.4
89783394,Mina Bambas Rotativas - Chalcobamba,2026-08-25,B,CHALCOBAMBA,Fase 01,TD092,4465,575,MP,605,10.0,10.65,25.2307692307692,,16.4
89783395,Mina Bambas Rotativas - Chalcobamba,2026-08-25,B,CHALCOBAMBA,Fase 01,TD092,4465,575,MP,616,10.8666666666667,11.5333333333333,25.05,,16.7
89783396,Mina Bambas Rotativas - Chalcobamba,2026-08-25,B,CHALCOBAMBA,Fase 01,TD092,4465,575,MP,641,11.8666666666667,12.4666666666667,27.6666666666667,,16.6
89783397,Mina Bambas Rotativas - Chalcobamba,2026-08-25,B,CHALCOBAMBA,Fase 01,TD092,4465,575,MP,617,12.5,13.1666666666667,24.9,,16.6
89783398,Mina Bambas Rotativas - Chalcobamba,2026-08-25,B,CHALCOBAMBA,Fase 01,TD092,4435,522,MS,1149,14.5,15.05,28.7272727272727,,15.8
89783399,Mina Bambas Rotativas - Chalcobamba,2026-08-25,B,CHALCOBAMBA,Fase 01,TD092,4435,522,MS,1168,15.0833333333333,15.65,28.2352941176471,,16.0
89783400,Mina Bambas Rotativas - Chalcobamba,2026-08-25,B,CHALCOBAMBA,Fase 01,TD092,4435,522,MS,1150,15.6666666666667,16.2166666666667,29.2727272727273,,16.1
89783401,Mina Bambas Rotativas - Chalcobamba,2026-08-25,B,CHALCOBAMBA,Fase 01,TD092,4435,522,MS,1151,16.25,16.8333333333333,27.6000000000001,,16.1
89790408,Mina Bambas,2026-08-25,B,FERROBAMBA,Fase 6S,TD079,3900,501,P,6655,6.5,6.66666666666667,47.9999999999999,,8.0
89790409,Mina Bambas,2026-08-25,B,FERROBAMBA,Fase 6S,TD079,3900,501,P,6656,6.66666666666667,6.83333333333333,48.0000000000002,,8.0
89790410,Mina Bambas,2026-08-25,B,FERROBAMBA,Fase 6S,TD079,3900,501,P,6658,7.08333333333333,7.3,36.9230769230769,,8.0
89790411,Mina Bambas,2026-08-25,B,FERROBAMBA,Fase 6S,TD079,3900,501,P,6657,7.3,7.51666666666667,36.9230769230769,,8.0
89790412,Mina Bambas,2026-08-25,B,FERROBAMBA,Fase 6S,TD079,3900,501,P,6659,7.51666666666667,7.66666666666667,53.3333333333332,,8.0
89790413,Mina Bambas,2026-08-25,B,FERROBAMBA,Fase 6S,TD079,3900,501,P,6652,7.66666666666667,7.85,38.1818181818183,,7.0
89790414,Mina Bambas,2026-08-25,B,FERROBAMBA,Fase 6S,TD079,3900,501,P,6653,7.85,8.0,46.6666666666666,,7.0
89790415,Mina Bambas,2026-08-25,B,FERROBAMBA,Fase 6S,TD079,3900,501,P,6570,8.0,8.08333333333333,71.9999999999995,,6.0
89790416,Mina Bambas,2026-08-25,B,FERROBAMBA,Fase 6S,TD079,3900,501,P,6569,8.08333333333333,8.16666666666667,72.000000000001,,6.0
89790417,Mina Bambas,2026-08-25,B,FERROBAMBA,Fase 6S,TD079,3900,501,P,6568,8.16666666666667,8.26666666666667,59.9999999999991,,6.0
89790418,Mina Bambas,2026-08-25,B,FERROBAMBA,Fase 6S,TD079,3900,501,P,6567,8.26666666666667,8.35,72.000000000001,,6.0
89790419,Mina Bambas,2026-08-25,B,FERROBAMBA,Fase 6S,TD079,3900,501,P,6566,8.35,8.41666666666667,90.0000000000003,,6.0
89790420,Mina Bambas,2026-08-25,B,FERROBAMBA,Fase 6S,TD079,3900,501,P,6565,8.41666666666667,8.51666666666667,59.9999999999991,,6.0
89790421,Mina Bambas,2026-08-25,B,FERROBAMBA,Fase 6S,TD079,3900,501,P,6564,8.51666666666667,8.58333333333333,90.0000000000003,,6.0
89790422,Mina Bambas,2026-08-25,B,FERROBAMBA,Fase 6S,TD079,3900,501,P,6563,8.58333333333333,8.66666666666667,72.000000000001,,6.0
89792423,Mina Bambas,2026-08-25,B,FERROBAMBA,Fase 5N,TD076,3585,285,PS,9001,6.5,6.68333333333333,32.7272727272727,,6.0
89792424,Mina Bambas,2026-08-25,B,FERROBAMBA,Fase 5N,TD076,3585,285,PS,9002,6.68333333333333,6.86666666666667,32.7272727272727,,6.0
89792425,Mina Bambas,2026-08-25,B,FERROBAMBA,Fase 5N,TD076,3585,285,PS,9003,6.86666666666667,7.05,32.7272727272728,,6.0
89792426,Mina Bambas,2026-08-25,B,FERROBAMBA,Fase 5N,TD076,3585,285,PS,9004,7.05,7.23333333333333,32.7272727272727,,6.0
89792427,Mina Bambas,2026-08-25,B,FERROBAMBA,Fase 5N,TD076,3585,285,PS,9005,7.23333333333333,7.41666666666667,32.7272727272727,,6.0
89792428,Mina Bambas,2026-08-25,B,FERROBAMBA,Fase 5N,TD076,3585,285,PS,9006,7.66666666666667,8.16666666666667,24.0,,12.0
89792429,Mina Bambas,2026-08-25,B,FERROBAMBA,Fase 5N,TD076,3585,285,PS,9007,8.16666666666667,8.83333333333333,27.0,,18.0
89792430,Mina Bambas,2026-08-25,B,FERROBAMBA,Fase 5N,TD076,3585,285,PS,9008,8.83333333333333,9.5,27.0,,18.0
89792431,Mina Bambas,2026-08-25,B,FERROBAMBA,Fase 5N,TD076,3585,285,PC,5276,12.0,12.5833333333333,28.4571428571428,,16.6
89792432,Mina Bambas,2026-08-25,B,FERROBAMBA,Fase 5N,TD076,3585,285,PC,5277,12.5833333333333,13.1666666666667,28.4571428571429,,16.6
89792433,Mina Bambas,2026-08-25,B,FERROBAMBA,Fase 5N,TD076,3585,285,PC,5278,13.1666666666667,13.75,28.4571428571428,,16.6
89792434,Mina Bambas,2026-08-25,B,FERROBAMBA,Fase 5N,TD076,3585,285,PC,5279,13.75,14.3333333333333,28.4571428571428,,16.6
89792435,Mina Bambas,2026-08-25,B,FERROBAMBA,Fase 5N,TD076,3585,285,PC,5280,14.3333333333333,14.9166666666667,28.4571428571429,,16.6
89792436,Mina Bambas,2026-08-25,B,FERROBAMBA,Fase 5N,TD076,3585,285,PC,5281,14.9166666666667,15.5,28.4571428571428,,16.6
89792437,Mina Bambas,2026-08-25,B,FERROBAMBA,Fase 5N,TD076,3585,285,PC,5282,15.5,16.0833333333333,27.9428571428572,,16.3
89792438,Mina Bambas,2026-08-25,B,FERROBAMBA,Fase 5N,TD076,3585,285,PC,5283,16.0833333333333,16.6666666666667,27.942857142857,,16.3
89792439,Mina Bambas,2026-08-25,B,FERROBAMBA,Fase 5N,TD076,3585,285,PC,5284,16.6666666666667,17.25,27.9428571428572,,16.3
89792440,Mina Bambas,2026-08-25,B,FERROBAMBA,Fase 5N,TD076,3585,285,PC,5285,17.25,17.8333333333333,27.9428571428572,,16.3
89793441,Mina Bambas,2026-08-25,B,FERROBAMBA,Fase 6S,TD081,3900,501,P,6558,6.5,6.66666666666667,38.9999999999999,,6.5
89793442,Mina Bambas,2026-08-25,B,FERROBAMBA,Fase 6S,TD081,3900,501,P,6824,6.66666666666667,7.0,24.0,,8.0
89793443,Mina Bambas,2026-08-25,B,FERROBAMBA,Fase 6S,TD081,3900,501,P,6736,7.0,7.16666666666667,39.5999999999999,,6.6
89793444,Mina Bambas,2026-08-25,B,FERROBAMBA,Fase 6S,TD081,3900,501,P,6647,7.16666666666667,7.33333333333333,39.6000000000001,,6.6
89793445,Mina Bambas,2026-08-25,B,FERROBAMBA,Fase 6S,TD081,3900,501,P,6559,7.33333333333333,7.5,39.5999999999999,,6.6
89793446,Mina Bambas,2026-08-25,B,FERROBAMBA,Fase 6S,TD081,3900,501,P,6914,7.5,7.7,50.0,,10.0
89793447,Mina Bambas,2026-08-25,B,FERROBAMBA,Fase 6S,TD081,3900,501,P,6825,7.7,7.91666666666667,39.2307692307692,,8.5
89793448,Mina Bambas,2026-08-25,B,FERROBAMBA,Fase 6S,TD081,3900,501,P,6737,7.91666666666667,8.16666666666667,26.0000000000001,,6.5
89793449,Mina Bambas,2026-08-25,B,FERROBAMBA,Fase 6S,TD081,3900,501,P,6848,8.16666666666667,8.33333333333333,38.9999999999997,,6.5
89793450,Mina Bambas,2026-08-25,B,FERROBAMBA,Fase 6S,TD081,3900,501,P,6560,8.33333333333333,8.5,39.0000000000001,,6.5
89793451,Mina Bambas,2026-08-25,B,FERROBAMBA,Fase 6S,TD081,3900,501,P,7003,8.5,8.83333333333333,35.9999999999999,,12.0
89793452,Mina Bambas,2026-08-25,B,FERROBAMBA,Fase 6S,TD081,3900,501,P,7002,8.83333333333333,9.16666666666667,36.0000000000001,,12.0
89793453,Mina Bambas,2026-08-25,B,FERROBAMBA,Fase 6S,TD081,3900,501,P,6915,9.16666666666667,9.5,29.9999999999999,,10.0
89793454,Mina Bambas,2026-08-25,B,FERROBAMBA,Fase 6S,TD081,3900,501,P,6822,10.0833333333333,10.3333333333333,34.0,,8.5
89793455,Mina Bambas,2026-08-25,B,FERROBAMBA,Fase 6S,TD081,3900,501,P,6738,10.3333333333333,10.5,39.0000000000001,,6.5
89793456,Mina Bambas,2026-08-25,B,FERROBAMBA,Fase 6S,TD081,3900,501,P,6916,10.5,10.75,40.0,,10.0
89793457,Mina Bambas,2026-08-25,B,FERROBAMBA,Fase 6S,TD081,3900,501,P,6827,10.75,10.9166666666667,60.0000000000002,,10.0
89793458,Mina Bambas,2026-08-25,B,FERROBAMBA,Fase 6S,TD081,3900,501,P,6739,10.9166666666667,11.1666666666667,28.0,,7.0
89793459,Mina Bambas,2026-08-25,B,FERROBAMBA,Fase 6S,TD081,3900,501,P,7011,11.1666666666667,11.5833333333333,28.7999999999999,,12.0
89793460,Mina Bambas,2026-08-25,B,FERROBAMBA,Fase 6S,TD081,3900,501,P,6923,11.5833333333333,11.8333333333333,48.0,,12.0
89793461,Mina Bambas,2026-08-25,B,FERROBAMBA,Fase 6S,TD081,3900,501,PS,9001,11.8333333333333,12.1666666666667,36.0000000000001,,12.0
89793462,Mina Bambas,2026-08-25,B,FERROBAMBA,Fase 6S,TD081,3900,501,P,6922,12.1666666666667,12.4166666666667,48.0,,12.0
89793463,Mina Bambas,2026-08-25,B,FERROBAMBA,Fase 6S,TD081,3900,501,P,7010,12.4166666666667,12.75,35.9999999999999,,12.0
89793464,Mina Bambas,2026-08-25,B,FERROBAMBA,Fase 6S,TD081,3900,501,RP,6922,12.75,13.0833333333333,35.9999999999999,,12.0
89793465,Mina Bambas,2026-08-25,B,FERROBAMBA,Fase 6S,TD081,3900,501,P,6921,13.0833333333333,13.3333333333333,48.0,,12.0
89793466,Mina Bambas,2026-08-25,B,FERROBAMBA,Fase 6S,TD081,3900,501,P,6743,13.3333333333333,13.5,48.0000000000002,,8.0
89793467,Mina Bambas,2026-08-25,B,FERROBAMBA,Fase 6S,TD081,3900,501,P,6831,13.5,13.6666666666667,48.0000000000002,,8.0
89793468,Mina Bambas,2026-08-25,B,FERROBAMBA,Fase 6S,TD081,3900,501,P,6742,13.6666666666667,13.8333333333333,47.9999999999997,,8.0
89793469,Mina Bambas,2026-08-25,B,FERROBAMBA,Fase 6S,TD081,3900,501,P,6830,13.8333333333333,14.0,48.0000000000002,,8.0
89793470,Mina Bambas,2026-08-25,B,FERROBAMBA,Fase 6S,TD081,3900,501,P,6829,14.0,14.1666666666667,48.0000000000002,,8.0
89793471,Mina Bambas,2026-08-25,B,FERROBAMBA,Fase 6S,TD081,3900,501,PS,9002,14.1666666666667,14.3333333333333,47.9999999999997,,8.0
89793472,Mina Bambas,2026-08-25,B,FERROBAMBA,Fase 6S,TD081,3900,501,PS,9003,14.3333333333333,14.5,48.0000000000002,,8.0
89793473,Mina Bambas,2026-08-25,B,FERROBAMBA,Fase 6S,TD081,3900,501,PS,1399,14.5,14.8333333333333,24.0,,8.0
89793474,Mina Bambas,2026-08-25,B,FERROBAMBA,Fase 6S,TD081,3900,501,PS,9004,14.8333333333333,15.0,48.0000000000002,,8.0
89793475,Mina Bambas,2026-08-25,B,FERROBAMBA,Fase 6S,TD081,3900,501,PS,9005,15.0,15.1666666666667,48.0000000000002,,8.0
89793476,Mina Bambas,2026-08-25,B,FERROBAMBA,Fase 6S,TD081,3900,501,PS,9006,15.1666666666667,15.3333333333333,47.9999999999997,,8.0
89793477,Mina Bambas,2026-08-25,B,FERROBAMBA,Fase 6S,TD081,3900,501,PS,9007,15.3333333333333,15.5,48.0000000000002,,8.0
89794483,Mina Bambas,2026-08-25,B,CHALCOBAMBA,Fase 01,TD077,4480,690,PS,9029,8.0,8.5,25.0,,12.5
89794484,Mina Bambas,2026-08-25,B,CHALCOBAMBA,Fase 01,TD077,4480,690,PS,9028,8.5,8.91666666666667,30.0,,12.5
89794485,Mina Bambas,2026-08-25,B,CHALCOBAMBA,Fase 01,TD077,4480,690,PS,9030,13.3333333333333,13.9166666666667,23.1428571428572,,13.5
89794486,Mina Bambas,2026-08-25,B,CHALCOBAMBA,Fase 01,TD077,4480,690,PS,9027,15.0,15.6666666666667,20.25,,13.5
89795478,Mina Bambas,2026-08-25,B,FERROBAMBA,Fase 6S,TD080,3900,501,P,6740,12.4166666666667,12.6666666666667,28.0,,7.0
89795479,Mina Bambas,2026-08-25,B,FERROBAMBA,Fase 6S,TD080,3900,501,P,6650,12.6666666666667,12.9166666666667,28.0,,7.0
89795480,Mina Bambas,2026-08-25,B,FERROBAMBA,Fase 6S,TD080,3900,501,P,6649,12.9166666666667,13.1666666666667,28.0,,7.0
89795481,Mina Bambas,2026-08-25,B,FERROBAMBA,Fase 6S,TD080,3900,501,P,6562,13.1666666666667,13.4166666666667,28.0,,7.0
89795482,Mina Bambas,2026-08-25,B,FERROBAMBA,Fase 6S,TD080,3900,501,P,6561,13.4166666666667,13.6666666666667,28.0,,7.0
