fecha,turno,equipo,tipo,zona,corte_min,hora_corte,horas_acum,taladros_acum,metros_acum,rop_prom,dureza_prom,horas_restantes,metros_al_corte,metros_fin_turno
2026-08-17,A,TD012,DTH,FERROBAMBA,60,7.5,0.75,1,14.8,19.73,,11.0,145.53,325.6
2026-08-17,A,TD012,DTH,FERROBAMBA,120,8.5,1.75,3,44.4,25.37,,10.0,145.53,325.6
2026-08-17,A,TD012,DTH,FERROBAMBA,180,9.5,2.75,5,74.0,26.91,,9.0,145.53,325.6
2026-08-17,A,TD012,DTH,FERROBAMBA,240,10.5,3.75,7,103.6,27.63,,8.0,145.53,325.6
2026-08-17,A,TD012,DTH,FERROBAMBA,300,11.5,4.75,9,131.09,27.6,,7.0,145.53,325.6
2026-08-17,A,TD012,DTH,FERROBAMBA,330,12.0,5.25,10,145.53,27.72,,6.5,145.53,325.6
2026-08-17,A,TD012,DTH,FERROBAMBA,360,12.5,5.75,11,160.33,27.88,,6.0,,325.6
2026-08-17,A,TD012,DTH,FERROBAMBA,420,13.5,6.5,12,177.6,27.32,,5.0,,325.6
2026-08-17,A,TD012,DTH,FERROBAMBA,480,14.5,7.5,14,207.2,27.63,,4.0,,325.6
2026-08-17,A,TD012,DTH,FERROBAMBA,540,15.5,8.5,16,236.8,27.86,,3.0,,325.6
2026-08-17,A,TD012,DTH,FERROBAMBA,600,16.5,9.5,18,266.4,28.04,,2.0,,325.6
2026-08-17,A,TD012,DTH,FERROBAMBA,660,17.5,10.5,20,296.0,28.19,,1.0,,325.6
2026-08-17,A,TD030,DTH,FERROBAMBA,60,7.5,1.0,2,32.6,32.6,,11.0,32.6,278.9
2026-08-17,A,TD030,DTH,FERROBAMBA,120,8.5,1.0,2,32.6,32.6,,10.0,32.6,278.9
2026-08-17,A,TD030,DTH,FERROBAMBA,180,9.5,1.0,2,32.6,32.6,,9.0,32.6,278.9
2026-08-17,A,TD030,DTH,FERROBAMBA,240,10.5,1.0,2,32.6,32.6,,8.0,32.6,278.9
2026-08-17,A,TD030,DTH,FERROBAMBA,300,11.5,1.0,2,32.6,32.6,,7.0,32.6,278.9
2026-08-17,A,TD030,DTH,FERROBAMBA,330,12.0,1.0,2,32.6,32.6,,6.5,32.6,278.9
2026-08-17,A,TD030,DTH,FERROBAMBA,360,12.5,1.083,3,35.32,32.6,,6.0,,278.9
2026-08-17,A,TD030,DTH,FERROBAMBA,420,13.5,2.083,5,67.92,32.6,,5.0,,278.9
2026-08-17,A,TD030,DTH,FERROBAMBA,480,14.5,3.083,7,104.32,33.83,,4.0,,278.9
2026-08-17,A,TD030,DTH,FERROBAMBA,540,15.5,4.083,9,146.9,35.98,,3.0,,278.9
2026-08-17,A,TD030,DTH,FERROBAMBA,600,16.5,5.083,12,189.8,37.34,,2.0,,278.9
2026-08-17,A,TD030,DTH,FERROBAMBA,660,17.5,6.083,15,232.7,38.25,,1.0,,278.9
2026-08-17,A,TD073,DTH,CHALCOBAMBA,60,7.5,0.0,0,0.0,0.0,,11.0,59.91,183.3
2026-08-17,A,TD073,DTH,CHALCOBAMBA,120,8.5,0.0,0,0.0,0.0,,10.0,59.91,183.3
2026-08-17,A,TD073,DTH,CHALCOBAMBA,180,9.5,0.417,1,8.25,19.8,,9.0,59.91,183.3
2026-08-17,A,TD073,DTH,CHALCOBAMBA,240,10.5,1.417,2,25.33,17.88,,8.0,59.91,183.3
2026-08-17,A,TD073,DTH,CHALCOBAMBA,300,11.5,2.417,3,45.42,18.8,,7.0,59.91,183.3
2026-08-17,A,TD073,DTH,CHALCOBAMBA,330,12.0,2.917,4,59.91,20.54,,6.5,59.91,183.3
2026-08-17,A,TD073,DTH,CHALCOBAMBA,360,12.5,3.417,5,75.15,22.0,,6.0,,183.3
2026-08-17,A,TD073,DTH,CHALCOBAMBA,420,13.5,4.417,7,105.7,23.93,,5.0,,183.3
2026-08-17,A,TD073,DTH,CHALCOBAMBA,480,14.5,5.417,9,136.46,25.19,,4.0,,183.3
2026-08-17,A,TD073,DTH,CHALCOBAMBA,540,15.5,6.417,10,166.5,25.95,,3.0,,183.3
2026-08-17,A,TD073,DTH,CHALCOBAMBA,600,16.5,7.0,11,183.3,26.19,,2.0,,183.3
2026-08-17,A,TD073,DTH,CHALCOBAMBA,660,17.5,7.0,11,183.3,26.19,,1.0,,183.3
2026-08-17,A,TD076,DTH,FERROBAMBA,60,7.5,0.75,1,17.0,22.67,,11.0,85.0,85.0
2026-08-17,A,TD076,DTH,FERROBAMBA,120,8.5,1.75,3,46.14,26.37,,10.0,85.0,85.0
2026-08-17,A,TD076,DTH,FERROBAMBA,180,9.5,1.917,3,51.0,26.61,,9.0,85.0,85.0
2026-08-17,A,TD076,DTH,FERROBAMBA,240,10.5,2.417,4,65.57,27.13,,8.0,85.0,85.0
2026-08-17,A,TD076,DTH,FERROBAMBA,300,11.5,3.083,5,85.0,27.57,,7.0,85.0,85.0
2026-08-17,A,TD076,DTH,FERROBAMBA,330,12.0,3.083,5,85.0,27.57,,6.5,85.0,85.0
2026-08-17,A,TD076,DTH,FERROBAMBA,360,12.5,3.083,5,85.0,27.57,,6.0,,85.0
2026-08-17,A,TD076,DTH,FERROBAMBA,420,13.5,3.083,5,85.0,27.57,,5.0,,85.0
2026-08-17,A,TD076,DTH,FERROBAMBA,480,14.5,3.083,5,85.0,27.57,,4.0,,85.0
2026-08-17,A,TD076,DTH,FERROBAMBA,540,15.5,3.083,5,85.0,27.57,,3.0,,85.0
2026-08-17,A,TD076,DTH,FERROBAMBA,600,16.5,3.083,5,85.0,27.57,,2.0,,85.0
2026-08-17,A,TD076,DTH,FERROBAMBA,660,17.5,3.083,5,85.0,27.57,,1.0,,85.0
2026-08-17,A,TD077,DTH,CHALCOBAMBA,60,7.5,0.0,0,0.0,0.0,,11.0,16.8,16.8
2026-08-17,A,TD077,DTH,CHALCOBAMBA,120,8.5,0.0,0,0.0,0.0,,10.0,16.8,16.8
2026-08-17,A,TD077,DTH,CHALCOBAMBA,180,9.5,0.333,1,8.4,25.2,,9.0,16.8,16.8
2026-08-17,A,TD077,DTH,CHALCOBAMBA,240,10.5,0.667,1,16.8,25.2,,8.0,16.8,16.8
2026-08-17,A,TD077,DTH,CHALCOBAMBA,300,11.5,0.667,1,16.8,25.2,,7.0,16.8,16.8
2026-08-17,A,TD077,DTH,CHALCOBAMBA,330,12.0,0.667,1,16.8,25.2,,6.5,16.8,16.8
2026-08-17,A,TD077,DTH,CHALCOBAMBA,360,12.5,0.667,1,16.8,25.2,,6.0,,16.8
2026-08-17,A,TD077,DTH,CHALCOBAMBA,420,13.5,0.667,1,16.8,25.2,,5.0,,16.8
2026-08-17,A,TD077,DTH,CHALCOBAMBA,480,14.5,0.667,1,16.8,25.2,,4.0,,16.8
2026-08-17,A,TD077,DTH,CHALCOBAMBA,540,15.5,0.667,1,16.8,25.2,,3.0,,16.8
2026-08-17,A,TD077,DTH,CHALCOBAMBA,600,16.5,0.667,1,16.8,25.2,,2.0,,16.8
2026-08-17,A,TD077,DTH,CHALCOBAMBA,660,17.5,0.667,1,16.8,25.2,,1.0,,16.8
2026-08-17,A,TD079,DTH,FERROBAMBA,60,7.5,0.833,2,33.0,39.6,,11.0,255.75,412.5
2026-08-17,A,TD079,DTH,FERROBAMBA,120,8.5,1.833,5,82.5,45.0,,10.0,255.75,412.5
2026-08-17,A,TD079,DTH,FERROBAMBA,180,9.5,2.833,8,132.0,46.59,,9.0,255.75,412.5
2026-08-17,A,TD079,DTH,FERROBAMBA,240,10.5,3.833,11,181.5,47.35,,8.0,255.75,412.5
2026-08-17,A,TD079,DTH,FERROBAMBA,300,11.5,4.833,14,231.0,47.79,,7.0,255.75,412.5
2026-08-17,A,TD079,DTH,FERROBAMBA,330,12.0,5.333,16,255.75,47.95,,6.5,255.75,412.5
2026-08-17,A,TD079,DTH,FERROBAMBA,360,12.5,5.833,17,280.5,48.09,,6.0,,412.5
2026-08-17,A,TD079,DTH,FERROBAMBA,420,13.5,6.833,20,330.0,48.29,,5.0,,412.5
2026-08-17,A,TD079,DTH,FERROBAMBA,480,14.5,7.167,21,346.5,48.35,,4.0,,412.5
2026-08-17,A,TD079,DTH,FERROBAMBA,540,15.5,7.167,21,346.5,48.35,,3.0,,412.5
2026-08-17,A,TD079,DTH,FERROBAMBA,600,16.5,7.75,23,374.0,48.26,,2.0,,412.5
2026-08-17,A,TD079,DTH,FERROBAMBA,660,17.5,8.25,24,396.0,48.0,,1.0,,412.5
2026-08-17,A,TD080,DTH,FERROBAMBA,60,7.5,0.0,0,0.0,0.0,,11.0,0.0,176.0
2026-08-17,A,TD080,DTH,FERROBAMBA,120,8.5,0.0,0,0.0,0.0,,10.0,0.0,176.0
2026-08-17,A,TD080,DTH,FERROBAMBA,180,9.5,0.0,0,0.0,0.0,,9.0,0.0,176.0
2026-08-17,A,TD080,DTH,FERROBAMBA,240,10.5,0.0,0,0.0,0.0,,8.0,0.0,176.0
2026-08-17,A,TD080,DTH,FERROBAMBA,300,11.5,0.0,0,0.0,0.0,,7.0,0.0,176.0
2026-08-17,A,TD080,DTH,FERROBAMBA,330,12.0,0.0,0,0.0,0.0,,6.5,0.0,176.0
2026-08-17,A,TD080,DTH,FERROBAMBA,360,12.5,0.0,0,0.0,0.0,,6.0,,176.0
2026-08-17,A,TD080,DTH,FERROBAMBA,420,13.5,0.0,0,0.0,0.0,,5.0,,176.0
2026-08-17,A,TD080,DTH,FERROBAMBA,480,14.5,0.167,1,4.0,24.0,,4.0,,176.0
2026-08-17,A,TD080,DTH,FERROBAMBA,540,15.5,1.167,2,32.0,27.43,,3.0,,176.0
2026-08-17,A,TD080,DTH,FERROBAMBA,600,16.5,2.167,5,80.0,36.92,,2.0,,176.0
2026-08-17,A,TD080,DTH,FERROBAMBA,660,17.5,3.167,8,128.0,40.42,,1.0,,176.0
2026-08-17,A,TD091,RTR,CHALCOBAMBA,60,7.5,0.0,0,0.0,0.0,,11.0,75.48,248.5
2026-08-17,A,TD091,RTR,CHALCOBAMBA,120,8.5,0.0,0,0.0,0.0,,10.0,75.48,248.5
2026-08-17,A,TD091,RTR,CHALCOBAMBA,180,9.5,0.867,2,20.18,23.29,,9.0,75.48,248.5
2026-08-17,A,TD091,RTR,CHALCOBAMBA,240,10.5,1.817,3,43.66,24.03,,8.0,75.48,248.5
2026-08-17,A,TD091,RTR,CHALCOBAMBA,300,11.5,2.767,4,64.5,23.31,,7.0,75.48,248.5
2026-08-17,A,TD091,RTR,CHALCOBAMBA,330,12.0,3.233,5,75.48,23.34,,6.5,75.48,248.5
2026-08-17,A,TD091,RTR,CHALCOBAMBA,360,12.5,3.567,5,83.9,23.52,,6.0,,248.5
2026-08-17,A,TD091,RTR,CHALCOBAMBA,420,13.5,4.45,7,108.68,24.42,,5.0,,248.5
2026-08-17,A,TD091,RTR,CHALCOBAMBA,480,14.5,5.367,9,137.09,25.55,,4.0,,248.5
2026-08-17,A,TD091,RTR,CHALCOBAMBA,540,15.5,6.317,10,165.0,26.12,,3.0,,248.5
2026-08-17,A,TD091,RTR,CHALCOBAMBA,600,16.5,7.25,12,192.94,26.61,,2.0,,248.5
2026-08-17,A,TD091,RTR,CHALCOBAMBA,660,17.5,8.167,14,219.5,26.88,,1.0,,248.5
2026-08-17,A,TD092,RTR,FERROBAMBA,60,7.5,0.75,2,20.77,27.69,,11.0,128.1,299.5
2026-08-17,A,TD092,RTR,FERROBAMBA,120,8.5,1.5,3,44.85,29.9,,10.0,128.1,299.5
2026-08-17,A,TD092,RTR,FERROBAMBA,180,9.5,2.333,5,67.5,28.93,,9.0,128.1,299.5
2026-08-17,A,TD092,RTR,FERROBAMBA,240,10.5,2.833,6,86.0,30.35,,8.0,128.1,299.5
2026-08-17,A,TD092,RTR,FERROBAMBA,300,11.5,3.667,7,112.4,30.65,,7.0,128.1,299.5
2026-08-17,A,TD092,RTR,FERROBAMBA,330,12.0,4.117,8,128.1,31.12,,6.5,128.1,299.5
2026-08-17,A,TD092,RTR,FERROBAMBA,360,12.5,4.567,9,143.7,31.47,,6.0,,299.5
2026-08-17,A,TD092,RTR,FERROBAMBA,420,13.5,5.417,11,166.95,30.82,,5.0,,299.5
2026-08-17,A,TD092,RTR,FERROBAMBA,480,14.5,6.333,12,190.7,30.11,,4.0,,299.5
2026-08-17,A,TD092,RTR,FERROBAMBA,540,15.5,7.167,14,219.32,30.6,,3.0,,299.5
2026-08-17,A,TD092,RTR,FERROBAMBA,600,16.5,8.0,16,250.56,31.32,,2.0,,299.5
2026-08-17,A,TD092,RTR,FERROBAMBA,660,17.5,8.833,18,276.4,31.29,,1.0,,299.5
2026-08-17,B,TD012,DTH,FERROBAMBA,60,19.5,0.0,0,0.0,0.0,,11.0,0.0,307.3
2026-08-17,B,TD012,DTH,FERROBAMBA,120,20.5,0.0,0,0.0,0.0,,10.0,0.0,307.3
2026-08-17,B,TD012,DTH,FERROBAMBA,180,21.5,0.0,0,0.0,0.0,,9.0,0.0,307.3
2026-08-17,B,TD012,DTH,FERROBAMBA,240,22.5,0.0,0,0.0,0.0,,8.0,0.0,307.3
2026-08-17,B,TD012,DTH,FERROBAMBA,300,23.5,0.0,0,0.0,0.0,,7.0,0.0,307.3
2026-08-17,B,TD012,DTH,FERROBAMBA,330,0.0,0.0,0,0.0,0.0,,6.5,0.0,307.3
2026-08-17,B,TD012,DTH,FERROBAMBA,360,0.5,0.0,0,0.0,0.0,,6.0,,307.3
2026-08-17,B,TD012,DTH,FERROBAMBA,420,1.5,0.0,0,0.0,0.0,,5.0,,307.3
2026-08-17,B,TD012,DTH,FERROBAMBA,480,2.5,0.0,0,0.0,0.0,,4.0,,307.3
2026-08-17,B,TD012,DTH,FERROBAMBA,540,3.5,0.0,0,0.0,0.0,,3.0,,307.3
2026-08-17,B,TD012,DTH,FERROBAMBA,600,4.5,0.0,0,0.0,0.0,,2.0,,307.3
2026-08-17,B,TD012,DTH,FERROBAMBA,660,5.5,0.0,0,0.0,0.0,,1.0,,307.3
2026-08-17,B,TD030,DTH,FERROBAMBA,60,19.5,0.0,0,0.0,0.0,,11.0,0.0,346.5
2026-08-17,B,TD030,DTH,FERROBAMBA,120,20.5,0.0,0,0.0,0.0,,10.0,0.0,346.5
2026-08-17,B,TD030,DTH,FERROBAMBA,180,21.5,0.0,0,0.0,0.0,,9.0,0.0,346.5
2026-08-17,B,TD030,DTH,FERROBAMBA,240,22.5,0.0,0,0.0,0.0,,8.0,0.0,346.5
2026-08-17,B,TD030,DTH,FERROBAMBA,300,23.5,0.0,0,0.0,0.0,,7.0,0.0,346.5
2026-08-17,B,TD030,DTH,FERROBAMBA,330,0.0,0.0,0,0.0,0.0,,6.5,0.0,346.5
2026-08-17,B,TD030,DTH,FERROBAMBA,360,0.5,0.0,0,0.0,0.0,,6.0,,346.5
2026-08-17,B,TD030,DTH,FERROBAMBA,420,1.5,0.0,0,0.0,0.0,,5.0,,346.5
2026-08-17,B,TD030,DTH,FERROBAMBA,480,2.5,0.0,0,0.0,0.0,,4.0,,346.5
2026-08-17,B,TD030,DTH,FERROBAMBA,540,3.5,0.0,0,0.0,0.0,,3.0,,346.5
2026-08-17,B,TD030,DTH,FERROBAMBA,600,4.5,0.0,0,0.0,0.0,,2.0,,346.5
2026-08-17,B,TD030,DTH,FERROBAMBA,660,5.5,0.0,0,0.0,0.0,,1.0,,346.5
2026-08-17,B,TD073,DTH,CHALCOBAMBA,60,19.5,0.0,0,0.0,0.0,,11.0,0.0,114.0
2026-08-17,B,TD073,DTH,CHALCOBAMBA,120,20.5,0.0,0,0.0,0.0,,10.0,0.0,114.0
2026-08-17,B,TD073,DTH,CHALCOBAMBA,180,21.5,0.0,0,0.0,0.0,,9.0,0.0,114.0
2026-08-17,B,TD073,DTH,CHALCOBAMBA,240,22.5,0.0,0,0.0,0.0,,8.0,0.0,114.0
2026-08-17,B,TD073,DTH,CHALCOBAMBA,300,23.5,0.0,0,0.0,0.0,,7.0,0.0,114.0
2026-08-17,B,TD073,DTH,CHALCOBAMBA,330,0.0,0.0,0,0.0,0.0,,6.5,0.0,114.0
2026-08-17,B,TD073,DTH,CHALCOBAMBA,360,0.5,0.0,0,0.0,0.0,,6.0,,114.0
2026-08-17,B,TD073,DTH,CHALCOBAMBA,420,1.5,0.0,0,0.0,0.0,,5.0,,114.0
2026-08-17,B,TD073,DTH,CHALCOBAMBA,480,2.5,0.0,0,0.0,0.0,,4.0,,114.0
2026-08-17,B,TD073,DTH,CHALCOBAMBA,540,3.5,0.0,0,0.0,0.0,,3.0,,114.0
2026-08-17,B,TD073,DTH,CHALCOBAMBA,600,4.5,0.0,0,0.0,0.0,,2.0,,114.0
2026-08-17,B,TD073,DTH,CHALCOBAMBA,660,5.5,0.0,0,0.0,0.0,,1.0,,114.0
2026-08-17,B,TD074,DTH,CHALCOBAMBA,60,19.5,0.0,0,0.0,0.0,,11.0,0.0,119.0
2026-08-17,B,TD074,DTH,CHALCOBAMBA,120,20.5,0.0,0,0.0,0.0,,10.0,0.0,119.0
2026-08-17,B,TD074,DTH,CHALCOBAMBA,180,21.5,0.0,0,0.0,0.0,,9.0,0.0,119.0
2026-08-17,B,TD074,DTH,CHALCOBAMBA,240,22.5,0.0,0,0.0,0.0,,8.0,0.0,119.0
2026-08-17,B,TD074,DTH,CHALCOBAMBA,300,23.5,0.0,0,0.0,0.0,,7.0,0.0,119.0
2026-08-17,B,TD074,DTH,CHALCOBAMBA,330,0.0,0.0,0,0.0,0.0,,6.5,0.0,119.0
2026-08-17,B,TD074,DTH,CHALCOBAMBA,360,0.5,0.0,0,0.0,0.0,,6.0,,119.0
2026-08-17,B,TD074,DTH,CHALCOBAMBA,420,1.5,0.0,0,0.0,0.0,,5.0,,119.0
2026-08-17,B,TD074,DTH,CHALCOBAMBA,480,2.5,0.0,0,0.0,0.0,,4.0,,119.0
2026-08-17,B,TD074,DTH,CHALCOBAMBA,540,3.5,0.0,0,0.0,0.0,,3.0,,119.0
2026-08-17,B,TD074,DTH,CHALCOBAMBA,600,4.5,0.0,0,0.0,0.0,,2.0,,119.0
2026-08-17,B,TD074,DTH,CHALCOBAMBA,660,5.5,0.0,0,0.0,0.0,,1.0,,119.0
2026-08-17,B,TD077,DTH,CHALCOBAMBA,60,19.5,0.0,0,0.0,0.0,,11.0,0.0,252.0
2026-08-17,B,TD077,DTH,CHALCOBAMBA,120,20.5,0.0,0,0.0,0.0,,10.0,0.0,252.0
2026-08-17,B,TD077,DTH,CHALCOBAMBA,180,21.5,0.0,0,0.0,0.0,,9.0,0.0,252.0
2026-08-17,B,TD077,DTH,CHALCOBAMBA,240,22.5,0.0,0,0.0,0.0,,8.0,0.0,252.0
2026-08-17,B,TD077,DTH,CHALCOBAMBA,300,23.5,0.0,0,0.0,0.0,,7.0,0.0,252.0
2026-08-17,B,TD077,DTH,CHALCOBAMBA,330,0.0,0.0,0,0.0,0.0,,6.5,0.0,252.0
2026-08-17,B,TD077,DTH,CHALCOBAMBA,360,0.5,0.0,0,0.0,0.0,,6.0,,252.0
2026-08-17,B,TD077,DTH,CHALCOBAMBA,420,1.5,0.0,0,0.0,0.0,,5.0,,252.0
2026-08-17,B,TD077,DTH,CHALCOBAMBA,480,2.5,0.0,0,0.0,0.0,,4.0,,252.0
2026-08-17,B,TD077,DTH,CHALCOBAMBA,540,3.5,0.0,0,0.0,0.0,,3.0,,252.0
2026-08-17,B,TD077,DTH,CHALCOBAMBA,600,4.5,0.0,0,0.0,0.0,,2.0,,252.0
2026-08-17,B,TD077,DTH,CHALCOBAMBA,660,5.5,0.0,0,0.0,0.0,,1.0,,252.0
2026-08-17,B,TD079,DTH,FERROBAMBA,60,19.5,0.0,0,0.0,0.0,,11.0,0.0,363.0
2026-08-17,B,TD079,DTH,FERROBAMBA,120,20.5,0.0,0,0.0,0.0,,10.0,0.0,363.0
2026-08-17,B,TD079,DTH,FERROBAMBA,180,21.5,0.0,0,0.0,0.0,,9.0,0.0,363.0
2026-08-17,B,TD079,DTH,FERROBAMBA,240,22.5,0.0,0,0.0,0.0,,8.0,0.0,363.0
2026-08-17,B,TD079,DTH,FERROBAMBA,300,23.5,0.0,0,0.0,0.0,,7.0,0.0,363.0
2026-08-17,B,TD079,DTH,FERROBAMBA,330,0.0,0.0,0,0.0,0.0,,6.5,0.0,363.0
2026-08-17,B,TD079,DTH,FERROBAMBA,360,0.5,0.0,0,0.0,0.0,,6.0,,363.0
2026-08-17,B,TD079,DTH,FERROBAMBA,420,1.5,0.0,0,0.0,0.0,,5.0,,363.0
2026-08-17,B,TD079,DTH,FERROBAMBA,480,2.5,0.0,0,0.0,0.0,,4.0,,363.0
2026-08-17,B,TD079,DTH,FERROBAMBA,540,3.5,0.0,0,0.0,0.0,,3.0,,363.0
2026-08-17,B,TD079,DTH,FERROBAMBA,600,4.5,0.0,0,0.0,0.0,,2.0,,363.0
2026-08-17,B,TD079,DTH,FERROBAMBA,660,5.5,0.0,0,0.0,0.0,,1.0,,363.0
2026-08-17,B,TD080,DTH,FERROBAMBA,60,19.5,0.0,0,0.0,0.0,,11.0,0.0,247.5
2026-08-17,B,TD080,DTH,FERROBAMBA,120,20.5,0.0,0,0.0,0.0,,10.0,0.0,247.5
2026-08-17,B,TD080,DTH,FERROBAMBA,180,21.5,0.0,0,0.0,0.0,,9.0,0.0,247.5
2026-08-17,B,TD080,DTH,FERROBAMBA,240,22.5,0.0,0,0.0,0.0,,8.0,0.0,247.5
2026-08-17,B,TD080,DTH,FERROBAMBA,300,23.5,0.0,0,0.0,0.0,,7.0,0.0,247.5
2026-08-17,B,TD080,DTH,FERROBAMBA,330,0.0,0.0,0,0.0,0.0,,6.5,0.0,247.5
2026-08-17,B,TD080,DTH,FERROBAMBA,360,0.5,0.0,0,0.0,0.0,,6.0,,247.5
2026-08-17,B,TD080,DTH,FERROBAMBA,420,1.5,0.0,0,0.0,0.0,,5.0,,247.5
2026-08-17,B,TD080,DTH,FERROBAMBA,480,2.5,0.0,0,0.0,0.0,,4.0,,247.5
2026-08-17,B,TD080,DTH,FERROBAMBA,540,3.5,0.0,0,0.0,0.0,,3.0,,247.5
2026-08-17,B,TD080,DTH,FERROBAMBA,600,4.5,0.0,0,0.0,0.0,,2.0,,247.5
2026-08-17,B,TD080,DTH,FERROBAMBA,660,5.5,0.0,0,0.0,0.0,,1.0,,247.5
2026-08-17,B,TD091,RTR,CHALCOBAMBA,60,19.5,0.0,0,0.0,0.0,,11.0,0.0,340.6
2026-08-17,B,TD091,RTR,CHALCOBAMBA,120,20.5,0.0,0,0.0,0.0,,10.0,0.0,340.6
2026-08-17,B,TD091,RTR,CHALCOBAMBA,180,21.5,0.0,0,0.0,0.0,,9.0,0.0,340.6
2026-08-17,B,TD091,RTR,CHALCOBAMBA,240,22.5,0.0,0,0.0,0.0,,8.0,0.0,340.6
2026-08-17,B,TD091,RTR,CHALCOBAMBA,300,23.5,0.0,0,0.0,0.0,,7.0,0.0,340.6
2026-08-17,B,TD091,RTR,CHALCOBAMBA,330,0.0,0.0,0,0.0,0.0,,6.5,0.0,340.6
2026-08-17,B,TD091,RTR,CHALCOBAMBA,360,0.5,0.0,0,0.0,0.0,,6.0,,340.6
2026-08-17,B,TD091,RTR,CHALCOBAMBA,420,1.5,0.0,0,0.0,0.0,,5.0,,340.6
2026-08-17,B,TD091,RTR,CHALCOBAMBA,480,2.5,0.0,0,0.0,0.0,,4.0,,340.6
2026-08-17,B,TD091,RTR,CHALCOBAMBA,540,3.5,0.0,0,0.0,0.0,,3.0,,340.6
2026-08-17,B,TD091,RTR,CHALCOBAMBA,600,4.5,0.0,0,0.0,0.0,,2.0,,340.6
2026-08-17,B,TD091,RTR,CHALCOBAMBA,660,5.5,0.0,0,0.0,0.0,,1.0,,340.6
2026-08-17,B,TD092,RTR,FERROBAMBA,60,19.5,0.0,0,0.0,0.0,,11.0,0.0,266.0
2026-08-17,B,TD092,RTR,FERROBAMBA,120,20.5,0.0,0,0.0,0.0,,10.0,0.0,266.0
2026-08-17,B,TD092,RTR,FERROBAMBA,180,21.5,0.0,0,0.0,0.0,,9.0,0.0,266.0
2026-08-17,B,TD092,RTR,FERROBAMBA,240,22.5,0.0,0,0.0,0.0,,8.0,0.0,266.0
2026-08-17,B,TD092,RTR,FERROBAMBA,300,23.5,0.0,0,0.0,0.0,,7.0,0.0,266.0
2026-08-17,B,TD092,RTR,FERROBAMBA,330,0.0,0.0,0,0.0,0.0,,6.5,0.0,266.0
2026-08-17,B,TD092,RTR,FERROBAMBA,360,0.5,0.0,0,0.0,0.0,,6.0,,266.0
2026-08-17,B,TD092,RTR,FERROBAMBA,420,1.5,0.0,0,0.0,0.0,,5.0,,266.0
2026-08-17,B,TD092,RTR,FERROBAMBA,480,2.5,0.0,0,0.0,0.0,,4.0,,266.0
2026-08-17,B,TD092,RTR,FERROBAMBA,540,3.5,0.0,0,0.0,0.0,,3.0,,266.0
2026-08-17,B,TD092,RTR,FERROBAMBA,600,4.5,0.0,0,0.0,0.0,,2.0,,266.0
2026-08-17,B,TD092,RTR,FERROBAMBA,660,5.5,0.0,0,0.0,0.0,,1.0,,266.0
2026-08-18,A,TD012,DTH,FERROBAMBA,60,7.5,0.75,1,14.5,19.33,,11.0,43.5,131.1
2026-08-18,A,TD012,DTH,FERROBAMBA,120,8.5,1.75,3,35.16,20.09,,10.0,43.5,131.1
2026-08-18,A,TD012,DTH,FERROBAMBA,180,9.5,2.083,3,43.5,20.88,,9.0,43.5,131.1
2026-08-18,A,TD012,DTH,FERROBAMBA,240,10.5,2.083,3,43.5,20.88,,8.0,43.5,131.1
2026-08-18,A,TD012,DTH,FERROBAMBA,300,11.5,2.083,3,43.5,20.88,,7.0,43.5,131.1
2026-08-18,A,TD012,DTH,FERROBAMBA,330,12.0,2.083,3,43.5,20.88,,6.5,43.5,131.1
2026-08-18,A,TD012,DTH,FERROBAMBA,360,12.5,2.083,3,43.5,20.88,,6.0,,131.1
2026-08-18,A,TD012,DTH,FERROBAMBA,420,13.5,2.083,3,43.5,20.88,,5.0,,131.1
2026-08-18,A,TD012,DTH,FERROBAMBA,480,14.5,2.5,4,58.1,23.24,,4.0,,131.1
2026-08-18,A,TD012,DTH,FERROBAMBA,540,15.5,3.5,7,94.6,27.03,,3.0,,131.1
2026-08-18,A,TD012,DTH,FERROBAMBA,600,16.5,4.333,9,131.1,30.25,,2.0,,131.1
2026-08-18,A,TD012,DTH,FERROBAMBA,660,17.5,4.333,9,131.1,30.25,,1.0,,131.1
2026-08-18,A,TD030,DTH,FERROBAMBA,60,7.5,1.0,2,33.2,33.2,,11.0,199.2,199.2
2026-08-18,A,TD030,DTH,FERROBAMBA,120,8.5,1.833,4,60.87,33.2,,10.0,199.2,199.2
2026-08-18,A,TD030,DTH,FERROBAMBA,180,9.5,2.833,6,94.07,33.2,,9.0,199.2,199.2
2026-08-18,A,TD030,DTH,FERROBAMBA,240,10.5,3.833,8,132.8,34.64,,8.0,199.2,199.2
2026-08-18,A,TD030,DTH,FERROBAMBA,300,11.5,4.833,11,182.6,37.78,,7.0,199.2,199.2
2026-08-18,A,TD030,DTH,FERROBAMBA,330,12.0,5.167,12,199.2,38.55,,6.5,199.2,199.2
2026-08-18,A,TD030,DTH,FERROBAMBA,360,12.5,5.167,12,199.2,38.55,,6.0,,199.2
2026-08-18,A,TD030,DTH,FERROBAMBA,420,13.5,5.167,12,199.2,38.55,,5.0,,199.2
2026-08-18,A,TD030,DTH,FERROBAMBA,480,14.5,5.167,12,199.2,38.55,,4.0,,199.2
2026-08-18,A,TD030,DTH,FERROBAMBA,540,15.5,5.167,12,199.2,38.55,,3.0,,199.2
2026-08-18,A,TD030,DTH,FERROBAMBA,600,16.5,5.167,12,199.2,38.55,,2.0,,199.2
2026-08-18,A,TD030,DTH,FERROBAMBA,660,17.5,5.167,12,199.2,38.55,,1.0,,199.2
2026-08-18,A,TD073,DTH,CHALCOBAMBA,60,7.5,0.5,1,14.7,29.4,,11.0,134.5,287.7
2026-08-18,A,TD073,DTH,CHALCOBAMBA,120,8.5,1.25,4,47.06,37.65,,10.0,134.5,287.7
2026-08-18,A,TD073,DTH,CHALCOBAMBA,180,9.5,1.667,5,63.17,37.9,,9.0,134.5,287.7
2026-08-18,A,TD073,DTH,CHALCOBAMBA,240,10.5,2.667,8,109.02,40.88,,8.0,134.5,287.7
2026-08-18,A,TD073,DTH,CHALCOBAMBA,300,11.5,3.333,9,134.5,40.35,,7.0,134.5,287.7
2026-08-18,A,TD073,DTH,CHALCOBAMBA,330,12.0,3.333,9,134.5,40.35,,6.5,134.5,287.7
2026-08-18,A,TD073,DTH,CHALCOBAMBA,360,12.5,3.75,10,148.11,39.5,,6.0,,287.7
2026-08-18,A,TD073,DTH,CHALCOBAMBA,420,13.5,4.75,13,181.5,38.21,,5.0,,287.7
2026-08-18,A,TD073,DTH,CHALCOBAMBA,480,14.5,5.75,15,215.94,37.55,,4.0,,287.7
2026-08-18,A,TD073,DTH,CHALCOBAMBA,540,15.5,6.75,17,250.39,37.09,,3.0,,287.7
2026-08-18,A,TD073,DTH,CHALCOBAMBA,600,16.5,7.75,19,287.7,37.12,,2.0,,287.7
2026-08-18,A,TD073,DTH,CHALCOBAMBA,660,17.5,7.75,19,287.7,37.12,,1.0,,287.7
2026-08-18,A,TD076,DTH,FERROBAMBA,60,7.5,0.0,0,0.0,0.0,,11.0,0.0,33.0
2026-08-18,A,TD076,DTH,FERROBAMBA,120,8.5,0.0,0,0.0,0.0,,10.0,0.0,33.0
2026-08-18,A,TD076,DTH,FERROBAMBA,180,9.5,0.0,0,0.0,0.0,,9.0,0.0,33.0
2026-08-18,A,TD076,DTH,FERROBAMBA,240,10.5,0.0,0,0.0,0.0,,8.0,0.0,33.0
2026-08-18,A,TD076,DTH,FERROBAMBA,300,11.5,0.0,0,0.0,0.0,,7.0,0.0,33.0
2026-08-18,A,TD076,DTH,FERROBAMBA,330,12.0,0.0,0,0.0,0.0,,6.5,0.0,33.0
2026-08-18,A,TD076,DTH,FERROBAMBA,360,12.5,0.0,0,0.0,0.0,,6.0,,33.0
2026-08-18,A,TD076,DTH,FERROBAMBA,420,13.5,0.0,0,0.0,0.0,,5.0,,33.0
2026-08-18,A,TD076,DTH,FERROBAMBA,480,14.5,0.0,0,0.0,0.0,,4.0,,33.0
2026-08-18,A,TD076,DTH,FERROBAMBA,540,15.5,0.0,0,0.0,0.0,,3.0,,33.0
2026-08-18,A,TD076,DTH,FERROBAMBA,600,16.5,0.5,1,16.5,33.0,,2.0,,33.0
2026-08-18,A,TD076,DTH,FERROBAMBA,660,17.5,1.0,2,33.0,33.0,,1.0,,33.0
2026-08-18,A,TD077,DTH,CHALCOBAMBA,60,7.5,0.0,0,0.0,0.0,,11.0,6.84,108.5
2026-08-18,A,TD077,DTH,CHALCOBAMBA,120,8.5,0.0,0,0.0,0.0,,10.0,6.84,108.5
2026-08-18,A,TD077,DTH,CHALCOBAMBA,180,9.5,0.0,0,0.0,0.0,,9.0,6.84,108.5
2026-08-18,A,TD077,DTH,CHALCOBAMBA,240,10.5,0.0,0,0.0,0.0,,8.0,6.84,108.5
2026-08-18,A,TD077,DTH,CHALCOBAMBA,300,11.5,0.0,0,0.0,0.0,,7.0,6.84,108.5
2026-08-18,A,TD077,DTH,CHALCOBAMBA,330,12.0,0.25,1,6.84,27.35,,6.5,6.84,108.5
2026-08-18,A,TD077,DTH,CHALCOBAMBA,360,12.5,0.75,2,20.37,27.16,,6.0,,108.5
2026-08-18,A,TD077,DTH,CHALCOBAMBA,420,13.5,1.75,3,44.61,25.49,,5.0,,108.5
2026-08-18,A,TD077,DTH,CHALCOBAMBA,480,14.5,2.75,5,68.85,25.04,,4.0,,108.5
2026-08-18,A,TD077,DTH,CHALCOBAMBA,540,15.5,3.75,6,91.11,24.3,,3.0,,108.5
2026-08-18,A,TD077,DTH,CHALCOBAMBA,600,16.5,4.417,7,108.5,24.57,,2.0,,108.5
2026-08-18,A,TD077,DTH,CHALCOBAMBA,660,17.5,4.417,7,108.5,24.57,,1.0,,108.5
2026-08-18,A,TD079,DTH,FERROBAMBA,60,7.5,0.833,2,33.0,39.6,,11.0,159.17,164.5
2026-08-18,A,TD079,DTH,FERROBAMBA,120,8.5,1.833,5,68.36,37.29,,10.0,159.17,164.5
2026-08-18,A,TD079,DTH,FERROBAMBA,180,9.5,2.833,7,103.71,36.61,,9.0,159.17,164.5
2026-08-18,A,TD079,DTH,FERROBAMBA,240,10.5,3.167,7,115.5,36.47,,8.0,159.17,164.5
2026-08-18,A,TD079,DTH,FERROBAMBA,300,11.5,3.917,9,143.17,36.55,,7.0,159.17,164.5
2026-08-18,A,TD079,DTH,FERROBAMBA,330,12.0,4.417,10,159.17,36.04,,6.5,159.17,164.5
2026-08-18,A,TD079,DTH,FERROBAMBA,360,12.5,4.583,10,164.5,35.89,,6.0,,164.5
2026-08-18,A,TD079,DTH,FERROBAMBA,420,13.5,4.583,10,164.5,35.89,,5.0,,164.5
2026-08-18,A,TD079,DTH,FERROBAMBA,480,14.5,4.583,10,164.5,35.89,,4.0,,164.5
2026-08-18,A,TD079,DTH,FERROBAMBA,540,15.5,4.583,10,164.5,35.89,,3.0,,164.5
2026-08-18,A,TD079,DTH,FERROBAMBA,600,16.5,4.583,10,164.5,35.89,,2.0,,164.5
2026-08-18,A,TD079,DTH,FERROBAMBA,660,17.5,4.583,10,164.5,35.89,,1.0,,164.5
2026-08-18,A,TD080,DTH,FERROBAMBA,60,7.5,0.833,2,32.8,39.36,,11.0,166.97,306.4
2026-08-18,A,TD080,DTH,FERROBAMBA,120,8.5,1.833,5,82.0,44.73,,10.0,166.97,306.4
2026-08-18,A,TD080,DTH,FERROBAMBA,180,9.5,2.833,8,119.73,42.26,,9.0,166.97,306.4
2026-08-18,A,TD080,DTH,FERROBAMBA,240,10.5,3.833,10,150.4,39.23,,8.0,166.97,306.4
2026-08-18,A,TD080,DTH,FERROBAMBA,300,11.5,4.333,10,162.4,37.48,,7.0,166.97,306.4
2026-08-18,A,TD080,DTH,FERROBAMBA,330,12.0,4.5,11,166.97,37.1,,6.5,166.97,306.4
2026-08-18,A,TD080,DTH,FERROBAMBA,360,12.5,5.0,12,181.07,36.21,,6.0,,306.4
2026-08-18,A,TD080,DTH,FERROBAMBA,420,13.5,6.0,13,208.4,34.73,,5.0,,306.4
2026-08-18,A,TD080,DTH,FERROBAMBA,480,14.5,7.0,15,242.4,34.63,,4.0,,306.4
2026-08-18,A,TD080,DTH,FERROBAMBA,540,15.5,8.0,17,274.4,34.3,,3.0,,306.4
2026-08-18,A,TD080,DTH,FERROBAMBA,600,16.5,9.0,19,306.4,34.04,,2.0,,306.4
2026-08-18,A,TD080,DTH,FERROBAMBA,660,17.5,9.0,19,306.4,34.04,,1.0,,306.4
2026-08-18,A,TD091,RTR,CHALCOBAMBA,60,7.5,0.5,1,17.0,34.0,,11.0,134.5,199.7
2026-08-18,A,TD091,RTR,CHALCOBAMBA,120,8.5,1.367,3,39.06,28.58,,10.0,134.5,199.7
2026-08-18,A,TD091,RTR,CHALCOBAMBA,180,9.5,2.267,5,61.9,27.31,,9.0,134.5,199.7
2026-08-18,A,TD091,RTR,CHALCOBAMBA,240,10.5,3.2,6,88.0,27.5,,8.0,134.5,199.7
2026-08-18,A,TD091,RTR,CHALCOBAMBA,300,11.5,4.133,8,118.0,28.55,,7.0,134.5,199.7
2026-08-18,A,TD091,RTR,CHALCOBAMBA,330,12.0,4.633,9,134.5,29.03,,6.5,134.5,199.7
2026-08-18,A,TD091,RTR,CHALCOBAMBA,360,12.5,4.883,10,145.75,29.85,,6.0,,199.7
2026-08-18,A,TD091,RTR,CHALCOBAMBA,420,13.5,5.35,11,167.7,31.35,,5.0,,199.7
2026-08-18,A,TD091,RTR,CHALCOBAMBA,480,14.5,5.35,11,167.7,31.35,,4.0,,199.7
2026-08-18,A,TD091,RTR,CHALCOBAMBA,540,15.5,5.35,11,167.7,31.35,,3.0,,199.7
2026-08-18,A,TD091,RTR,CHALCOBAMBA,600,16.5,6.317,13,199.7,31.61,,2.0,,199.7
2026-08-18,A,TD091,RTR,CHALCOBAMBA,660,17.5,6.317,13,199.7,31.61,,1.0,,199.7
2026-08-18,A,TD092,RTR,FERROBAMBA,60,7.5,0.0,0,0.0,0.0,,11.0,0.0,80.3
2026-08-18,A,TD092,RTR,FERROBAMBA,120,8.5,0.0,0,0.0,0.0,,10.0,0.0,80.3
2026-08-18,A,TD092,RTR,FERROBAMBA,180,9.5,0.0,0,0.0,0.0,,9.0,0.0,80.3
2026-08-18,A,TD092,RTR,FERROBAMBA,240,10.5,0.0,0,0.0,0.0,,8.0,0.0,80.3
2026-08-18,A,TD092,RTR,FERROBAMBA,300,11.5,0.0,0,0.0,0.0,,7.0,0.0,80.3
2026-08-18,A,TD092,RTR,FERROBAMBA,330,12.0,0.0,0,0.0,0.0,,6.5,0.0,80.3
2026-08-18,A,TD092,RTR,FERROBAMBA,360,12.5,0.0,0,0.0,0.0,,6.0,,80.3
2026-08-18,A,TD092,RTR,FERROBAMBA,420,13.5,0.25,1,8.0,32.0,,5.0,,80.3
2026-08-18,A,TD092,RTR,FERROBAMBA,480,14.5,1.167,2,30.22,25.9,,4.0,,80.3
2026-08-18,A,TD092,RTR,FERROBAMBA,540,15.5,2.0,4,49.7,24.85,,3.0,,80.3
2026-08-18,A,TD092,RTR,FERROBAMBA,600,16.5,2.917,5,67.7,23.21,,2.0,,80.3
2026-08-18,A,TD092,RTR,FERROBAMBA,660,17.5,3.5,5,80.3,22.94,,1.0,,80.3
2026-08-19,B,TD012,DTH,FERROBAMBA,60,19.5,0.0,0,0.0,0.0,,11.0,0.0,58.0
2026-08-19,B,TD012,DTH,FERROBAMBA,120,20.5,0.0,0,0.0,0.0,,10.0,0.0,58.0
2026-08-19,B,TD012,DTH,FERROBAMBA,180,21.5,0.0,0,0.0,0.0,,9.0,0.0,58.0
2026-08-19,B,TD012,DTH,FERROBAMBA,240,22.5,0.0,0,0.0,0.0,,8.0,0.0,58.0
2026-08-19,B,TD012,DTH,FERROBAMBA,300,23.5,0.0,0,0.0,0.0,,7.0,0.0,58.0
2026-08-19,B,TD012,DTH,FERROBAMBA,330,0.0,0.0,0,0.0,0.0,,6.5,0.0,58.0
2026-08-19,B,TD012,DTH,FERROBAMBA,360,0.5,0.0,0,0.0,0.0,,6.0,,58.0
2026-08-19,B,TD012,DTH,FERROBAMBA,420,1.5,0.0,0,0.0,0.0,,5.0,,58.0
2026-08-19,B,TD012,DTH,FERROBAMBA,480,2.5,0.0,0,0.0,0.0,,4.0,,58.0
2026-08-19,B,TD012,DTH,FERROBAMBA,540,3.5,0.0,0,0.0,0.0,,3.0,,58.0
2026-08-19,B,TD012,DTH,FERROBAMBA,600,4.5,0.0,0,0.0,0.0,,2.0,,58.0
2026-08-19,B,TD012,DTH,FERROBAMBA,660,5.5,0.0,0,0.0,0.0,,1.0,,58.0
2026-08-19,B,TD030,DTH,FERROBAMBA,60,19.5,0.0,0,0.0,0.0,,11.0,0.0,245.7
2026-08-19,B,TD030,DTH,FERROBAMBA,120,20.5,0.0,0,0.0,0.0,,10.0,0.0,245.7
2026-08-19,B,TD030,DTH,FERROBAMBA,180,21.5,0.0,0,0.0,0.0,,9.0,0.0,245.7
2026-08-19,B,TD030,DTH,FERROBAMBA,240,22.5,0.0,0,0.0,0.0,,8.0,0.0,245.7
2026-08-19,B,TD030,DTH,FERROBAMBA,300,23.5,0.0,0,0.0,0.0,,7.0,0.0,245.7
2026-08-19,B,TD030,DTH,FERROBAMBA,330,0.0,0.0,0,0.0,0.0,,6.5,0.0,245.7
2026-08-19,B,TD030,DTH,FERROBAMBA,360,0.5,0.0,0,0.0,0.0,,6.0,,245.7
2026-08-19,B,TD030,DTH,FERROBAMBA,420,1.5,0.0,0,0.0,0.0,,5.0,,245.7
2026-08-19,B,TD030,DTH,FERROBAMBA,480,2.5,0.0,0,0.0,0.0,,4.0,,245.7
2026-08-19,B,TD030,DTH,FERROBAMBA,540,3.5,0.0,0,0.0,0.0,,3.0,,245.7
2026-08-19,B,TD030,DTH,FERROBAMBA,600,4.5,0.0,0,0.0,0.0,,2.0,,245.7
2026-08-19,B,TD030,DTH,FERROBAMBA,660,5.5,0.0,0,0.0,0.0,,1.0,,245.7
2026-08-19,B,TD073,DTH,CHALCOBAMBA,60,19.5,0.0,0,0.0,0.0,,11.0,0.0,170.5
2026-08-19,B,TD073,DTH,CHALCOBAMBA,120,20.5,0.0,0,0.0,0.0,,10.0,0.0,170.5
2026-08-19,B,TD073,DTH,CHALCOBAMBA,180,21.5,0.0,0,0.0,0.0,,9.0,0.0,170.5
2026-08-19,B,TD073,DTH,CHALCOBAMBA,240,22.5,0.0,0,0.0,0.0,,8.0,0.0,170.5
2026-08-19,B,TD073,DTH,CHALCOBAMBA,300,23.5,0.0,0,0.0,0.0,,7.0,0.0,170.5
2026-08-19,B,TD073,DTH,CHALCOBAMBA,330,0.0,0.0,0,0.0,0.0,,6.5,0.0,170.5
2026-08-19,B,TD073,DTH,CHALCOBAMBA,360,0.5,0.0,0,0.0,0.0,,6.0,,170.5
2026-08-19,B,TD073,DTH,CHALCOBAMBA,420,1.5,0.0,0,0.0,0.0,,5.0,,170.5
2026-08-19,B,TD073,DTH,CHALCOBAMBA,480,2.5,0.0,0,0.0,0.0,,4.0,,170.5
2026-08-19,B,TD073,DTH,CHALCOBAMBA,540,3.5,0.0,0,0.0,0.0,,3.0,,170.5
2026-08-19,B,TD073,DTH,CHALCOBAMBA,600,4.5,0.0,0,0.0,0.0,,2.0,,170.5
2026-08-19,B,TD073,DTH,CHALCOBAMBA,660,5.5,0.0,0,0.0,0.0,,1.0,,170.5
2026-08-19,B,TD076,DTH,FERROBAMBA,60,19.5,0.0,0,0.0,0.0,,11.0,0.0,165.0
2026-08-19,B,TD076,DTH,FERROBAMBA,120,20.5,0.0,0,0.0,0.0,,10.0,0.0,165.0
2026-08-19,B,TD076,DTH,FERROBAMBA,180,21.5,0.0,0,0.0,0.0,,9.0,0.0,165.0
2026-08-19,B,TD076,DTH,FERROBAMBA,240,22.5,0.0,0,0.0,0.0,,8.0,0.0,165.0
2026-08-19,B,TD076,DTH,FERROBAMBA,300,23.5,0.0,0,0.0,0.0,,7.0,0.0,165.0
2026-08-19,B,TD076,DTH,FERROBAMBA,330,0.0,0.0,0,0.0,0.0,,6.5,0.0,165.0
2026-08-19,B,TD076,DTH,FERROBAMBA,360,0.5,0.0,0,0.0,0.0,,6.0,,165.0
2026-08-19,B,TD076,DTH,FERROBAMBA,420,1.5,0.0,0,0.0,0.0,,5.0,,165.0
2026-08-19,B,TD076,DTH,FERROBAMBA,480,2.5,0.0,0,0.0,0.0,,4.0,,165.0
2026-08-19,B,TD076,DTH,FERROBAMBA,540,3.5,0.0,0,0.0,0.0,,3.0,,165.0
2026-08-19,B,TD076,DTH,FERROBAMBA,600,4.5,0.0,0,0.0,0.0,,2.0,,165.0
2026-08-19,B,TD076,DTH,FERROBAMBA,660,5.5,0.0,0,0.0,0.0,,1.0,,165.0
2026-08-19,B,TD077,DTH,CHALCOBAMBA,60,19.5,0.0,0,0.0,0.0,,11.0,0.0,104.4
2026-08-19,B,TD077,DTH,CHALCOBAMBA,120,20.5,0.0,0,0.0,0.0,,10.0,0.0,104.4
2026-08-19,B,TD077,DTH,CHALCOBAMBA,180,21.5,0.0,0,0.0,0.0,,9.0,0.0,104.4
2026-08-19,B,TD077,DTH,CHALCOBAMBA,240,22.5,0.0,0,0.0,0.0,,8.0,0.0,104.4
2026-08-19,B,TD077,DTH,CHALCOBAMBA,300,23.5,0.0,0,0.0,0.0,,7.0,0.0,104.4
2026-08-19,B,TD077,DTH,CHALCOBAMBA,330,0.0,0.0,0,0.0,0.0,,6.5,0.0,104.4
2026-08-19,B,TD077,DTH,CHALCOBAMBA,360,0.5,0.0,0,0.0,0.0,,6.0,,104.4
2026-08-19,B,TD077,DTH,CHALCOBAMBA,420,1.5,0.0,0,0.0,0.0,,5.0,,104.4
2026-08-19,B,TD077,DTH,CHALCOBAMBA,480,2.5,0.0,0,0.0,0.0,,4.0,,104.4
2026-08-19,B,TD077,DTH,CHALCOBAMBA,540,3.5,0.0,0,0.0,0.0,,3.0,,104.4
2026-08-19,B,TD077,DTH,CHALCOBAMBA,600,4.5,0.0,0,0.0,0.0,,2.0,,104.4
2026-08-19,B,TD077,DTH,CHALCOBAMBA,660,5.5,0.0,0,0.0,0.0,,1.0,,104.4
2026-08-19,B,TD079,DTH,FERROBAMBA,60,19.5,0.0,0,0.0,0.0,,11.0,0.0,211.0
2026-08-19,B,TD079,DTH,FERROBAMBA,120,20.5,0.0,0,0.0,0.0,,10.0,0.0,211.0
2026-08-19,B,TD079,DTH,FERROBAMBA,180,21.5,0.0,0,0.0,0.0,,9.0,0.0,211.0
2026-08-19,B,TD079,DTH,FERROBAMBA,240,22.5,0.0,0,0.0,0.0,,8.0,0.0,211.0
2026-08-19,B,TD079,DTH,FERROBAMBA,300,23.5,0.0,0,0.0,0.0,,7.0,0.0,211.0
2026-08-19,B,TD079,DTH,FERROBAMBA,330,0.0,0.0,0,0.0,0.0,,6.5,0.0,211.0
2026-08-19,B,TD079,DTH,FERROBAMBA,360,0.5,0.0,0,0.0,0.0,,6.0,,211.0
2026-08-19,B,TD079,DTH,FERROBAMBA,420,1.5,0.0,0,0.0,0.0,,5.0,,211.0
2026-08-19,B,TD079,DTH,FERROBAMBA,480,2.5,0.0,0,0.0,0.0,,4.0,,211.0
2026-08-19,B,TD079,DTH,FERROBAMBA,540,3.5,0.0,0,0.0,0.0,,3.0,,211.0
2026-08-19,B,TD079,DTH,FERROBAMBA,600,4.5,0.0,0,0.0,0.0,,2.0,,211.0
2026-08-19,B,TD079,DTH,FERROBAMBA,660,5.5,0.0,0,0.0,0.0,,1.0,,211.0
2026-08-19,B,TD080,DTH,FERROBAMBA,60,19.5,0.0,0,0.0,0.0,,11.0,0.0,386.8
2026-08-19,B,TD080,DTH,FERROBAMBA,120,20.5,0.0,0,0.0,0.0,,10.0,0.0,386.8
2026-08-19,B,TD080,DTH,FERROBAMBA,180,21.5,0.0,0,0.0,0.0,,9.0,0.0,386.8
2026-08-19,B,TD080,DTH,FERROBAMBA,240,22.5,0.0,0,0.0,0.0,,8.0,0.0,386.8
2026-08-19,B,TD080,DTH,FERROBAMBA,300,23.5,0.0,0,0.0,0.0,,7.0,0.0,386.8
2026-08-19,B,TD080,DTH,FERROBAMBA,330,0.0,0.0,0,0.0,0.0,,6.5,0.0,386.8
2026-08-19,B,TD080,DTH,FERROBAMBA,360,0.5,0.0,0,0.0,0.0,,6.0,,386.8
2026-08-19,B,TD080,DTH,FERROBAMBA,420,1.5,0.0,0,0.0,0.0,,5.0,,386.8
2026-08-19,B,TD080,DTH,FERROBAMBA,480,2.5,0.0,0,0.0,0.0,,4.0,,386.8
2026-08-19,B,TD080,DTH,FERROBAMBA,540,3.5,0.0,0,0.0,0.0,,3.0,,386.8
2026-08-19,B,TD080,DTH,FERROBAMBA,600,4.5,0.0,0,0.0,0.0,,2.0,,386.8
2026-08-19,B,TD080,DTH,FERROBAMBA,660,5.5,0.0,0,0.0,0.0,,1.0,,386.8
2026-08-19,B,TD091,RTR,CHALCOBAMBA,60,19.5,0.0,0,0.0,0.0,,11.0,0.0,101.2
2026-08-19,B,TD091,RTR,CHALCOBAMBA,120,20.5,0.0,0,0.0,0.0,,10.0,0.0,101.2
2026-08-19,B,TD091,RTR,CHALCOBAMBA,180,21.5,0.0,0,0.0,0.0,,9.0,0.0,101.2
2026-08-19,B,TD091,RTR,CHALCOBAMBA,240,22.5,0.0,0,0.0,0.0,,8.0,0.0,101.2
2026-08-19,B,TD091,RTR,CHALCOBAMBA,300,23.5,0.0,0,0.0,0.0,,7.0,0.0,101.2
2026-08-19,B,TD091,RTR,CHALCOBAMBA,330,0.0,0.0,0,0.0,0.0,,6.5,0.0,101.2
2026-08-19,B,TD091,RTR,CHALCOBAMBA,360,0.5,0.0,0,0.0,0.0,,6.0,,101.2
2026-08-19,B,TD091,RTR,CHALCOBAMBA,420,1.5,0.0,0,0.0,0.0,,5.0,,101.2
2026-08-19,B,TD091,RTR,CHALCOBAMBA,480,2.5,0.0,0,0.0,0.0,,4.0,,101.2
2026-08-19,B,TD091,RTR,CHALCOBAMBA,540,3.5,0.0,0,0.0,0.0,,3.0,,101.2
2026-08-19,B,TD091,RTR,CHALCOBAMBA,600,4.5,0.0,0,0.0,0.0,,2.0,,101.2
2026-08-19,B,TD091,RTR,CHALCOBAMBA,660,5.5,0.0,0,0.0,0.0,,1.0,,101.2
2026-08-19,B,TD092,RTR,FERROBAMBA,60,19.5,0.0,0,0.0,0.0,,11.0,0.0,227.0
2026-08-19,B,TD092,RTR,FERROBAMBA,120,20.5,0.0,0,0.0,0.0,,10.0,0.0,227.0
2026-08-19,B,TD092,RTR,FERROBAMBA,180,21.5,0.0,0,0.0,0.0,,9.0,0.0,227.0
2026-08-19,B,TD092,RTR,FERROBAMBA,240,22.5,0.0,0,0.0,0.0,,8.0,0.0,227.0
2026-08-19,B,TD092,RTR,FERROBAMBA,300,23.5,0.0,0,0.0,0.0,,7.0,0.0,227.0
2026-08-19,B,TD092,RTR,FERROBAMBA,330,0.0,0.0,0,0.0,0.0,,6.5,0.0,227.0
2026-08-19,B,TD092,RTR,FERROBAMBA,360,0.5,0.0,0,0.0,0.0,,6.0,,227.0
2026-08-19,B,TD092,RTR,FERROBAMBA,420,1.5,0.0,0,0.0,0.0,,5.0,,227.0
2026-08-19,B,TD092,RTR,FERROBAMBA,480,2.5,0.0,0,0.0,0.0,,4.0,,227.0
2026-08-19,B,TD092,RTR,FERROBAMBA,540,3.5,0.0,0,0.0,0.0,,3.0,,227.0
2026-08-19,B,TD092,RTR,FERROBAMBA,600,4.5,0.0,0,0.0,0.0,,2.0,,227.0
2026-08-19,B,TD092,RTR,FERROBAMBA,660,5.5,0.0,0,0.0,0.0,,1.0,,227.0
2026-08-20,A,TD012,DTH,FERROBAMBA,60,7.5,0.0,0,0.0,0.0,,11.0,108.7,229.9
2026-08-20,A,TD012,DTH,FERROBAMBA,120,8.5,0.5,1,15.6,31.2,,10.0,108.7,229.9
2026-08-20,A,TD012,DTH,FERROBAMBA,180,9.5,1.5,3,40.89,27.26,,9.0,108.7,229.9
2026-08-20,A,TD012,DTH,FERROBAMBA,240,10.5,2.5,5,66.63,26.65,,8.0,108.7,229.9
2026-08-20,A,TD012,DTH,FERROBAMBA,300,11.5,3.5,6,93.2,26.63,,7.0,108.7,229.9
2026-08-20,A,TD012,DTH,FERROBAMBA,330,12.0,4.0,7,108.7,27.17,,6.5,108.7,229.9
2026-08-20,A,TD012,DTH,FERROBAMBA,360,12.5,4.5,8,121.81,27.07,,6.0,,229.9
2026-08-20,A,TD012,DTH,FERROBAMBA,420,13.5,5.5,10,145.86,26.52,,5.0,,229.9
2026-08-20,A,TD012,DTH,FERROBAMBA,480,14.5,5.833,10,154.6,26.5,,4.0,,229.9
2026-08-20,A,TD012,DTH,FERROBAMBA,540,15.5,5.833,10,154.6,26.5,,3.0,,229.9
2026-08-20,A,TD012,DTH,FERROBAMBA,600,16.5,6.417,11,169.9,26.48,,2.0,,229.9
2026-08-20,A,TD012,DTH,FERROBAMBA,660,17.5,6.833,13,188.65,27.61,,1.0,,229.9
2026-08-20,A,TD073,DTH,CHALCOBAMBA,60,7.5,0.0,0,0.0,0.0,,11.0,0.0,120.0
2026-08-20,A,TD073,DTH,CHALCOBAMBA,120,8.5,0.0,0,0.0,0.0,,10.0,0.0,120.0
2026-08-20,A,TD073,DTH,CHALCOBAMBA,180,9.5,0.0,0,0.0,0.0,,9.0,0.0,120.0
2026-08-20,A,TD073,DTH,CHALCOBAMBA,240,10.5,0.0,0,0.0,0.0,,8.0,0.0,120.0
2026-08-20,A,TD073,DTH,CHALCOBAMBA,300,11.5,0.0,0,0.0,0.0,,7.0,0.0,120.0
2026-08-20,A,TD073,DTH,CHALCOBAMBA,330,12.0,0.0,0,0.0,0.0,,6.5,0.0,120.0
2026-08-20,A,TD073,DTH,CHALCOBAMBA,360,12.5,0.25,1,9.0,36.0,,6.0,,120.0
2026-08-20,A,TD073,DTH,CHALCOBAMBA,420,13.5,0.75,2,30.0,40.0,,5.0,,120.0
2026-08-20,A,TD073,DTH,CHALCOBAMBA,480,14.5,0.75,2,30.0,40.0,,4.0,,120.0
2026-08-20,A,TD073,DTH,CHALCOBAMBA,540,15.5,0.75,2,30.0,40.0,,3.0,,120.0
2026-08-20,A,TD073,DTH,CHALCOBAMBA,600,16.5,1.25,4,56.25,45.0,,2.0,,120.0
2026-08-20,A,TD073,DTH,CHALCOBAMBA,660,17.5,2.25,7,96.43,42.86,,1.0,,120.0
2026-08-20,A,TD074,DTH,CHALCOBAMBA,60,7.5,0.0,0,0.0,0.0,,11.0,72.5,193.5
2026-08-20,A,TD074,DTH,CHALCOBAMBA,120,8.5,0.0,0,0.0,0.0,,10.0,72.5,193.5
2026-08-20,A,TD074,DTH,CHALCOBAMBA,180,9.5,0.0,0,0.0,0.0,,9.0,72.5,193.5
2026-08-20,A,TD074,DTH,CHALCOBAMBA,240,10.5,0.917,2,23.04,25.13,,8.0,72.5,193.5
2026-08-20,A,TD074,DTH,CHALCOBAMBA,300,11.5,1.917,5,54.81,28.59,,7.0,72.5,193.5
2026-08-20,A,TD074,DTH,CHALCOBAMBA,330,12.0,2.417,7,72.5,30.0,,6.5,72.5,193.5
2026-08-20,A,TD074,DTH,CHALCOBAMBA,360,12.5,2.917,8,88.25,30.26,,6.0,,193.5
2026-08-20,A,TD074,DTH,CHALCOBAMBA,420,13.5,3.667,10,107.38,29.29,,5.0,,193.5
2026-08-20,A,TD074,DTH,CHALCOBAMBA,480,14.5,4.167,11,122.5,29.4,,4.0,,193.5
2026-08-20,A,TD074,DTH,CHALCOBAMBA,540,15.5,4.167,11,122.5,29.4,,3.0,,193.5
2026-08-20,A,TD074,DTH,CHALCOBAMBA,600,16.5,4.667,13,142.26,30.49,,2.0,,193.5
2026-08-20,A,TD074,DTH,CHALCOBAMBA,660,17.5,5.667,16,171.33,30.23,,1.0,,193.5
2026-08-20,A,TD076,DTH,FERROBAMBA,60,7.5,1.0,1,16.8,16.8,,11.0,78.42,133.6
2026-08-20,A,TD076,DTH,FERROBAMBA,120,8.5,1.0,1,16.8,16.8,,10.0,78.42,133.6
2026-08-20,A,TD076,DTH,FERROBAMBA,180,9.5,1.583,2,27.49,17.36,,9.0,78.42,133.6
2026-08-20,A,TD076,DTH,FERROBAMBA,240,10.5,2.583,3,45.67,17.68,,8.0,78.42,133.6
2026-08-20,A,TD076,DTH,FERROBAMBA,300,11.5,3.583,5,68.46,19.11,,7.0,78.42,133.6
2026-08-20,A,TD076,DTH,FERROBAMBA,330,12.0,4.083,5,78.42,19.2,,6.5,78.42,133.6
2026-08-20,A,TD076,DTH,FERROBAMBA,360,12.5,4.583,6,89.62,19.55,,6.0,,133.6
2026-08-20,A,TD076,DTH,FERROBAMBA,420,13.5,5.0,6,100.0,20.0,,5.0,,133.6
2026-08-20,A,TD076,DTH,FERROBAMBA,480,14.5,5.0,6,100.0,20.0,,4.0,,133.6
2026-08-20,A,TD076,DTH,FERROBAMBA,540,15.5,5.0,6,100.0,20.0,,3.0,,133.6
2026-08-20,A,TD076,DTH,FERROBAMBA,600,16.5,5.0,6,100.0,20.0,,2.0,,133.6
2026-08-20,A,TD076,DTH,FERROBAMBA,660,17.5,5.0,6,100.0,20.0,,1.0,,133.6
2026-08-20,A,TD077,DTH,CHALCOBAMBA,60,7.5,0.0,0,0.0,0.0,,11.0,116.53,276.5
2026-08-20,A,TD077,DTH,CHALCOBAMBA,120,8.5,0.5,1,14.91,29.83,,10.0,116.53,276.5
2026-08-20,A,TD077,DTH,CHALCOBAMBA,180,9.5,1.5,3,44.74,29.83,,9.0,116.53,276.5
2026-08-20,A,TD077,DTH,CHALCOBAMBA,240,10.5,2.5,5,74.57,29.83,,8.0,116.53,276.5
2026-08-20,A,TD077,DTH,CHALCOBAMBA,300,11.5,3.5,6,101.24,28.93,,7.0,116.53,276.5
2026-08-20,A,TD077,DTH,CHALCOBAMBA,330,12.0,4.0,7,116.53,29.13,,6.5,116.53,276.5
2026-08-20,A,TD077,DTH,CHALCOBAMBA,360,12.5,4.333,8,127.0,29.31,,6.0,,276.5
2026-08-20,A,TD077,DTH,CHALCOBAMBA,420,13.5,5.333,9,157.0,29.44,,5.0,,276.5
2026-08-20,A,TD077,DTH,CHALCOBAMBA,480,14.5,5.917,10,174.5,29.49,,4.0,,276.5
2026-08-20,A,TD077,DTH,CHALCOBAMBA,540,15.5,6.75,12,196.87,29.17,,3.0,,276.5
2026-08-20,A,TD077,DTH,CHALCOBAMBA,600,16.5,7.75,13,223.71,28.87,,2.0,,276.5
2026-08-20,A,TD077,DTH,CHALCOBAMBA,660,17.5,8.75,15,250.55,28.63,,1.0,,276.5
2026-08-20,A,TD079,DTH,FERROBAMBA,60,7.5,0.0,0,0.0,0.0,,11.0,89.37,223.2
2026-08-20,A,TD079,DTH,FERROBAMBA,120,8.5,1.0,4,26.2,26.2,,10.0,89.37,223.2
2026-08-20,A,TD079,DTH,FERROBAMBA,180,9.5,2.0,7,40.7,20.35,,9.0,89.37,223.2
2026-08-20,A,TD079,DTH,FERROBAMBA,240,10.5,3.0,10,55.7,18.57,,8.0,89.37,223.2
2026-08-20,A,TD079,DTH,FERROBAMBA,300,11.5,4.0,14,77.7,19.43,,7.0,89.37,223.2
2026-08-20,A,TD079,DTH,FERROBAMBA,330,12.0,4.5,16,89.37,19.86,,6.5,89.37,223.2
2026-08-20,A,TD079,DTH,FERROBAMBA,360,12.5,5.0,17,101.7,20.34,,6.0,,223.2
2026-08-20,A,TD079,DTH,FERROBAMBA,420,13.5,6.0,22,128.7,21.45,,5.0,,223.2
2026-08-20,A,TD079,DTH,FERROBAMBA,480,14.5,7.0,27,142.7,20.39,,4.0,,223.2
2026-08-20,A,TD079,DTH,FERROBAMBA,540,15.5,8.0,32,161.87,20.23,,3.0,,223.2
2026-08-20,A,TD079,DTH,FERROBAMBA,600,16.5,9.0,37,177.7,19.74,,2.0,,223.2
2026-08-20,A,TD079,DTH,FERROBAMBA,660,17.5,10.0,41,194.2,19.42,,1.0,,223.2
2026-08-20,A,TD080,DTH,FERROBAMBA,60,7.5,1.0,2,28.87,28.88,,11.0,99.0,165.0
2026-08-20,A,TD080,DTH,FERROBAMBA,120,8.5,2.0,4,60.5,30.25,,10.0,99.0,165.0
2026-08-20,A,TD080,DTH,FERROBAMBA,180,9.5,3.0,6,93.5,31.17,,9.0,99.0,165.0
2026-08-20,A,TD080,DTH,FERROBAMBA,240,10.5,3.167,6,99.0,31.26,,8.0,99.0,165.0
2026-08-20,A,TD080,DTH,FERROBAMBA,300,11.5,3.167,6,99.0,31.26,,7.0,99.0,165.0
2026-08-20,A,TD080,DTH,FERROBAMBA,330,12.0,3.167,6,99.0,31.26,,6.5,99.0,165.0
2026-08-20,A,TD080,DTH,FERROBAMBA,360,12.5,3.167,6,99.0,31.26,,6.0,,165.0
2026-08-20,A,TD080,DTH,FERROBAMBA,420,13.5,3.167,6,99.0,31.26,,5.0,,165.0
2026-08-20,A,TD080,DTH,FERROBAMBA,480,14.5,3.167,6,99.0,31.26,,4.0,,165.0
2026-08-20,A,TD080,DTH,FERROBAMBA,540,15.5,3.167,6,99.0,31.26,,3.0,,165.0
2026-08-20,A,TD080,DTH,FERROBAMBA,600,16.5,3.5,7,110.0,31.43,,2.0,,165.0
2026-08-20,A,TD080,DTH,FERROBAMBA,660,17.5,4.5,9,137.5,30.56,,1.0,,165.0
2026-08-20,A,TD091,RTR,CHALCOBAMBA,60,7.5,0.0,0,0.0,0.0,,11.0,47.4,47.4
2026-08-20,A,TD091,RTR,CHALCOBAMBA,120,8.5,0.5,1,12.32,24.65,,10.0,47.4,47.4
2026-08-20,A,TD091,RTR,CHALCOBAMBA,180,9.5,1.367,3,31.92,23.36,,9.0,47.4,47.4
2026-08-20,A,TD091,RTR,CHALCOBAMBA,240,10.5,2.117,3,47.4,22.39,,8.0,47.4,47.4
2026-08-20,A,TD091,RTR,CHALCOBAMBA,300,11.5,2.117,3,47.4,22.39,,7.0,47.4,47.4
2026-08-20,A,TD091,RTR,CHALCOBAMBA,330,12.0,2.117,3,47.4,22.39,,6.5,47.4,47.4
2026-08-20,A,TD091,RTR,CHALCOBAMBA,360,12.5,2.117,3,47.4,22.39,,6.0,,47.4
2026-08-20,A,TD091,RTR,CHALCOBAMBA,420,13.5,2.117,3,47.4,22.39,,5.0,,47.4
2026-08-20,A,TD091,RTR,CHALCOBAMBA,480,14.5,2.117,3,47.4,22.39,,4.0,,47.4
2026-08-20,A,TD091,RTR,CHALCOBAMBA,540,15.5,2.117,3,47.4,22.39,,3.0,,47.4
2026-08-20,A,TD091,RTR,CHALCOBAMBA,600,16.5,2.117,3,47.4,22.39,,2.0,,47.4
2026-08-20,A,TD091,RTR,CHALCOBAMBA,660,17.5,2.117,3,47.4,22.39,,1.0,,47.4
2026-08-20,A,TD092,RTR,FERROBAMBA,60,7.5,0.733,2,17.12,23.35,,11.0,74.0,221.8
2026-08-20,A,TD092,RTR,FERROBAMBA,120,8.5,1.733,3,36.28,20.93,,10.0,74.0,221.8
2026-08-20,A,TD092,RTR,FERROBAMBA,180,9.5,2.317,3,48.8,21.06,,9.0,74.0,221.8
2026-08-20,A,TD092,RTR,FERROBAMBA,240,10.5,2.683,4,57.3,21.35,,8.0,74.0,221.8
2026-08-20,A,TD092,RTR,FERROBAMBA,300,11.5,3.267,6,68.4,20.94,,7.0,74.0,221.8
2026-08-20,A,TD092,RTR,FERROBAMBA,330,12.0,3.533,6,74.0,20.94,,6.5,74.0,221.8
2026-08-20,A,TD092,RTR,FERROBAMBA,360,12.5,3.867,7,84.0,21.72,,6.0,,221.8
2026-08-20,A,TD092,RTR,FERROBAMBA,420,13.5,4.867,9,111.96,23.01,,5.0,,221.8
2026-08-20,A,TD092,RTR,FERROBAMBA,480,14.5,5.867,10,133.74,22.8,,4.0,,221.8
2026-08-20,A,TD092,RTR,FERROBAMBA,540,15.5,6.867,12,158.46,23.08,,3.0,,221.8
2026-08-20,A,TD092,RTR,FERROBAMBA,600,16.5,7.867,13,182.38,23.18,,2.0,,221.8
2026-08-20,A,TD092,RTR,FERROBAMBA,660,17.5,8.867,14,203.42,22.94,,1.0,,221.8
2026-08-20,B,TD012,DTH,FERROBAMBA,60,19.5,0.0,0,0.0,0.0,,11.0,0.0,179.1
2026-08-20,B,TD012,DTH,FERROBAMBA,120,20.5,0.0,0,0.0,0.0,,10.0,0.0,179.1
2026-08-20,B,TD012,DTH,FERROBAMBA,180,21.5,0.0,0,0.0,0.0,,9.0,0.0,179.1
2026-08-20,B,TD012,DTH,FERROBAMBA,240,22.5,0.0,0,0.0,0.0,,8.0,0.0,179.1
2026-08-20,B,TD012,DTH,FERROBAMBA,300,23.5,0.0,0,0.0,0.0,,7.0,0.0,179.1
2026-08-20,B,TD012,DTH,FERROBAMBA,330,0.0,0.0,0,0.0,0.0,,6.5,0.0,179.1
2026-08-20,B,TD012,DTH,FERROBAMBA,360,0.5,0.0,0,0.0,0.0,,6.0,,179.1
2026-08-20,B,TD012,DTH,FERROBAMBA,420,1.5,0.0,0,0.0,0.0,,5.0,,179.1
2026-08-20,B,TD012,DTH,FERROBAMBA,480,2.5,0.0,0,0.0,0.0,,4.0,,179.1
2026-08-20,B,TD012,DTH,FERROBAMBA,540,3.5,0.0,0,0.0,0.0,,3.0,,179.1
2026-08-20,B,TD012,DTH,FERROBAMBA,600,4.5,0.0,0,0.0,0.0,,2.0,,179.1
2026-08-20,B,TD012,DTH,FERROBAMBA,660,5.5,0.0,0,0.0,0.0,,1.0,,179.1
2026-08-20,B,TD030,DTH,FERROBAMBA,60,19.5,0.0,0,0.0,0.0,,11.0,0.0,258.6
2026-08-20,B,TD030,DTH,FERROBAMBA,120,20.5,0.0,0,0.0,0.0,,10.0,0.0,258.6
2026-08-20,B,TD030,DTH,FERROBAMBA,180,21.5,0.0,0,0.0,0.0,,9.0,0.0,258.6
2026-08-20,B,TD030,DTH,FERROBAMBA,240,22.5,0.0,0,0.0,0.0,,8.0,0.0,258.6
2026-08-20,B,TD030,DTH,FERROBAMBA,300,23.5,0.0,0,0.0,0.0,,7.0,0.0,258.6
2026-08-20,B,TD030,DTH,FERROBAMBA,330,0.0,0.0,0,0.0,0.0,,6.5,0.0,258.6
2026-08-20,B,TD030,DTH,FERROBAMBA,360,0.5,0.0,0,0.0,0.0,,6.0,,258.6
2026-08-20,B,TD030,DTH,FERROBAMBA,420,1.5,0.0,0,0.0,0.0,,5.0,,258.6
2026-08-20,B,TD030,DTH,FERROBAMBA,480,2.5,0.0,0,0.0,0.0,,4.0,,258.6
2026-08-20,B,TD030,DTH,FERROBAMBA,540,3.5,0.0,0,0.0,0.0,,3.0,,258.6
2026-08-20,B,TD030,DTH,FERROBAMBA,600,4.5,0.0,0,0.0,0.0,,2.0,,258.6
2026-08-20,B,TD030,DTH,FERROBAMBA,660,5.5,0.0,0,0.0,0.0,,1.0,,258.6
2026-08-20,B,TD073,DTH,CHALCOBAMBA,60,19.5,0.0,0,0.0,0.0,,11.0,0.0,285.5
2026-08-20,B,TD073,DTH,CHALCOBAMBA,120,20.5,0.0,0,0.0,0.0,,10.0,0.0,285.5
2026-08-20,B,TD073,DTH,CHALCOBAMBA,180,21.5,0.0,0,0.0,0.0,,9.0,0.0,285.5
2026-08-20,B,TD073,DTH,CHALCOBAMBA,240,22.5,0.0,0,0.0,0.0,,8.0,0.0,285.5
2026-08-20,B,TD073,DTH,CHALCOBAMBA,300,23.5,0.0,0,0.0,0.0,,7.0,0.0,285.5
2026-08-20,B,TD073,DTH,CHALCOBAMBA,330,0.0,0.0,0,0.0,0.0,,6.5,0.0,285.5
2026-08-20,B,TD073,DTH,CHALCOBAMBA,360,0.5,0.0,0,0.0,0.0,,6.0,,285.5
2026-08-20,B,TD073,DTH,CHALCOBAMBA,420,1.5,0.0,0,0.0,0.0,,5.0,,285.5
2026-08-20,B,TD073,DTH,CHALCOBAMBA,480,2.5,0.0,0,0.0,0.0,,4.0,,285.5
2026-08-20,B,TD073,DTH,CHALCOBAMBA,540,3.5,0.0,0,0.0,0.0,,3.0,,285.5
2026-08-20,B,TD073,DTH,CHALCOBAMBA,600,4.5,0.0,0,0.0,0.0,,2.0,,285.5
2026-08-20,B,TD073,DTH,CHALCOBAMBA,660,5.5,0.0,0,0.0,0.0,,1.0,,285.5
2026-08-20,B,TD074,DTH,CHALCOBAMBA,60,19.5,0.0,0,0.0,0.0,,11.0,0.0,142.0
2026-08-20,B,TD074,DTH,CHALCOBAMBA,120,20.5,0.0,0,0.0,0.0,,10.0,0.0,142.0
2026-08-20,B,TD074,DTH,CHALCOBAMBA,180,21.5,0.0,0,0.0,0.0,,9.0,0.0,142.0
2026-08-20,B,TD074,DTH,CHALCOBAMBA,240,22.5,0.0,0,0.0,0.0,,8.0,0.0,142.0
2026-08-20,B,TD074,DTH,CHALCOBAMBA,300,23.5,0.0,0,0.0,0.0,,7.0,0.0,142.0
2026-08-20,B,TD074,DTH,CHALCOBAMBA,330,0.0,0.0,0,0.0,0.0,,6.5,0.0,142.0
2026-08-20,B,TD074,DTH,CHALCOBAMBA,360,0.5,0.0,0,0.0,0.0,,6.0,,142.0
2026-08-20,B,TD074,DTH,CHALCOBAMBA,420,1.5,0.0,0,0.0,0.0,,5.0,,142.0
2026-08-20,B,TD074,DTH,CHALCOBAMBA,480,2.5,0.0,0,0.0,0.0,,4.0,,142.0
2026-08-20,B,TD074,DTH,CHALCOBAMBA,540,3.5,0.0,0,0.0,0.0,,3.0,,142.0
2026-08-20,B,TD074,DTH,CHALCOBAMBA,600,4.5,0.0,0,0.0,0.0,,2.0,,142.0
2026-08-20,B,TD074,DTH,CHALCOBAMBA,660,5.5,0.0,0,0.0,0.0,,1.0,,142.0
2026-08-20,B,TD076,DTH,FERROBAMBA,60,19.5,0.0,0,0.0,0.0,,11.0,0.0,247.5
2026-08-20,B,TD076,DTH,FERROBAMBA,120,20.5,0.0,0,0.0,0.0,,10.0,0.0,247.5
2026-08-20,B,TD076,DTH,FERROBAMBA,180,21.5,0.0,0,0.0,0.0,,9.0,0.0,247.5
2026-08-20,B,TD076,DTH,FERROBAMBA,240,22.5,0.0,0,0.0,0.0,,8.0,0.0,247.5
2026-08-20,B,TD076,DTH,FERROBAMBA,300,23.5,0.0,0,0.0,0.0,,7.0,0.0,247.5
2026-08-20,B,TD076,DTH,FERROBAMBA,330,0.0,0.0,0,0.0,0.0,,6.5,0.0,247.5
2026-08-20,B,TD076,DTH,FERROBAMBA,360,0.5,0.0,0,0.0,0.0,,6.0,,247.5
2026-08-20,B,TD076,DTH,FERROBAMBA,420,1.5,0.0,0,0.0,0.0,,5.0,,247.5
2026-08-20,B,TD076,DTH,FERROBAMBA,480,2.5,0.0,0,0.0,0.0,,4.0,,247.5
2026-08-20,B,TD076,DTH,FERROBAMBA,540,3.5,0.0,0,0.0,0.0,,3.0,,247.5
2026-08-20,B,TD076,DTH,FERROBAMBA,600,4.5,0.0,0,0.0,0.0,,2.0,,247.5
2026-08-20,B,TD076,DTH,FERROBAMBA,660,5.5,0.0,0,0.0,0.0,,1.0,,247.5
2026-08-20,B,TD077,DTH,CHALCOBAMBA,60,19.5,0.0,0,0.0,0.0,,11.0,0.0,246.4
2026-08-20,B,TD077,DTH,CHALCOBAMBA,120,20.5,0.0,0,0.0,0.0,,10.0,0.0,246.4
2026-08-20,B,TD077,DTH,CHALCOBAMBA,180,21.5,0.0,0,0.0,0.0,,9.0,0.0,246.4
2026-08-20,B,TD077,DTH,CHALCOBAMBA,240,22.5,0.0,0,0.0,0.0,,8.0,0.0,246.4
2026-08-20,B,TD077,DTH,CHALCOBAMBA,300,23.5,0.0,0,0.0,0.0,,7.0,0.0,246.4
2026-08-20,B,TD077,DTH,CHALCOBAMBA,330,0.0,0.0,0,0.0,0.0,,6.5,0.0,246.4
2026-08-20,B,TD077,DTH,CHALCOBAMBA,360,0.5,0.0,0,0.0,0.0,,6.0,,246.4
2026-08-20,B,TD077,DTH,CHALCOBAMBA,420,1.5,0.0,0,0.0,0.0,,5.0,,246.4
2026-08-20,B,TD077,DTH,CHALCOBAMBA,480,2.5,0.0,0,0.0,0.0,,4.0,,246.4
2026-08-20,B,TD077,DTH,CHALCOBAMBA,540,3.5,0.0,0,0.0,0.0,,3.0,,246.4
2026-08-20,B,TD077,DTH,CHALCOBAMBA,600,4.5,0.0,0,0.0,0.0,,2.0,,246.4
2026-08-20,B,TD077,DTH,CHALCOBAMBA,660,5.5,0.0,0,0.0,0.0,,1.0,,246.4
2026-08-20,B,TD079,DTH,FERROBAMBA,60,19.5,0.0,0,0.0,0.0,,11.0,0.0,285.8
2026-08-20,B,TD079,DTH,FERROBAMBA,120,20.5,0.0,0,0.0,0.0,,10.0,0.0,285.8
2026-08-20,B,TD079,DTH,FERROBAMBA,180,21.5,0.0,0,0.0,0.0,,9.0,0.0,285.8
2026-08-20,B,TD079,DTH,FERROBAMBA,240,22.5,0.0,0,0.0,0.0,,8.0,0.0,285.8
2026-08-20,B,TD079,DTH,FERROBAMBA,300,23.5,0.0,0,0.0,0.0,,7.0,0.0,285.8
2026-08-20,B,TD079,DTH,FERROBAMBA,330,0.0,0.0,0,0.0,0.0,,6.5,0.0,285.8
2026-08-20,B,TD079,DTH,FERROBAMBA,360,0.5,0.0,0,0.0,0.0,,6.0,,285.8
2026-08-20,B,TD079,DTH,FERROBAMBA,420,1.5,0.0,0,0.0,0.0,,5.0,,285.8
2026-08-20,B,TD079,DTH,FERROBAMBA,480,2.5,0.0,0,0.0,0.0,,4.0,,285.8
2026-08-20,B,TD079,DTH,FERROBAMBA,540,3.5,0.0,0,0.0,0.0,,3.0,,285.8
2026-08-20,B,TD079,DTH,FERROBAMBA,600,4.5,0.0,0,0.0,0.0,,2.0,,285.8
2026-08-20,B,TD079,DTH,FERROBAMBA,660,5.5,0.0,0,0.0,0.0,,1.0,,285.8
2026-08-20,B,TD080,DTH,FERROBAMBA,60,19.5,0.0,0,0.0,0.0,,11.0,0.0,219.7
2026-08-20,B,TD080,DTH,FERROBAMBA,120,20.5,0.0,0,0.0,0.0,,10.0,0.0,219.7
2026-08-20,B,TD080,DTH,FERROBAMBA,180,21.5,0.0,0,0.0,0.0,,9.0,0.0,219.7
2026-08-20,B,TD080,DTH,FERROBAMBA,240,22.5,0.0,0,0.0,0.0,,8.0,0.0,219.7
2026-08-20,B,TD080,DTH,FERROBAMBA,300,23.5,0.0,0,0.0,0.0,,7.0,0.0,219.7
2026-08-20,B,TD080,DTH,FERROBAMBA,330,0.0,0.0,0,0.0,0.0,,6.5,0.0,219.7
2026-08-20,B,TD080,DTH,FERROBAMBA,360,0.5,0.0,0,0.0,0.0,,6.0,,219.7
2026-08-20,B,TD080,DTH,FERROBAMBA,420,1.5,0.0,0,0.0,0.0,,5.0,,219.7
2026-08-20,B,TD080,DTH,FERROBAMBA,480,2.5,0.0,0,0.0,0.0,,4.0,,219.7
2026-08-20,B,TD080,DTH,FERROBAMBA,540,3.5,0.0,0,0.0,0.0,,3.0,,219.7
2026-08-20,B,TD080,DTH,FERROBAMBA,600,4.5,0.0,0,0.0,0.0,,2.0,,219.7
2026-08-20,B,TD080,DTH,FERROBAMBA,660,5.5,0.0,0,0.0,0.0,,1.0,,219.7
2026-08-20,B,TD091,RTR,CHALCOBAMBA,60,19.5,0.0,0,0.0,0.0,,11.0,0.0,147.8
2026-08-20,B,TD091,RTR,CHALCOBAMBA,120,20.5,0.0,0,0.0,0.0,,10.0,0.0,147.8
2026-08-20,B,TD091,RTR,CHALCOBAMBA,180,21.5,0.0,0,0.0,0.0,,9.0,0.0,147.8
2026-08-20,B,TD091,RTR,CHALCOBAMBA,240,22.5,0.0,0,0.0,0.0,,8.0,0.0,147.8
2026-08-20,B,TD091,RTR,CHALCOBAMBA,300,23.5,0.0,0,0.0,0.0,,7.0,0.0,147.8
2026-08-20,B,TD091,RTR,CHALCOBAMBA,330,0.0,0.0,0,0.0,0.0,,6.5,0.0,147.8
2026-08-20,B,TD091,RTR,CHALCOBAMBA,360,0.5,0.0,0,0.0,0.0,,6.0,,147.8
2026-08-20,B,TD091,RTR,CHALCOBAMBA,420,1.5,0.0,0,0.0,0.0,,5.0,,147.8
2026-08-20,B,TD091,RTR,CHALCOBAMBA,480,2.5,0.0,0,0.0,0.0,,4.0,,147.8
2026-08-20,B,TD091,RTR,CHALCOBAMBA,540,3.5,0.0,0,0.0,0.0,,3.0,,147.8
2026-08-20,B,TD091,RTR,CHALCOBAMBA,600,4.5,0.0,0,0.0,0.0,,2.0,,147.8
2026-08-20,B,TD091,RTR,CHALCOBAMBA,660,5.5,0.0,0,0.0,0.0,,1.0,,147.8
2026-08-20,B,TD092,RTR,FERROBAMBA,60,19.5,0.0,0,0.0,0.0,,11.0,0.0,223.1
2026-08-20,B,TD092,RTR,FERROBAMBA,120,20.5,0.0,0,0.0,0.0,,10.0,0.0,223.1
2026-08-20,B,TD092,RTR,FERROBAMBA,180,21.5,0.0,0,0.0,0.0,,9.0,0.0,223.1
2026-08-20,B,TD092,RTR,FERROBAMBA,240,22.5,0.0,0,0.0,0.0,,8.0,0.0,223.1
2026-08-20,B,TD092,RTR,FERROBAMBA,300,23.5,0.0,0,0.0,0.0,,7.0,0.0,223.1
2026-08-20,B,TD092,RTR,FERROBAMBA,330,0.0,0.0,0,0.0,0.0,,6.5,0.0,223.1
2026-08-20,B,TD092,RTR,FERROBAMBA,360,0.5,0.0,0,0.0,0.0,,6.0,,223.1
2026-08-20,B,TD092,RTR,FERROBAMBA,420,1.5,0.0,0,0.0,0.0,,5.0,,223.1
2026-08-20,B,TD092,RTR,FERROBAMBA,480,2.5,0.0,0,0.0,0.0,,4.0,,223.1
2026-08-20,B,TD092,RTR,FERROBAMBA,540,3.5,0.0,0,0.0,0.0,,3.0,,223.1
2026-08-20,B,TD092,RTR,FERROBAMBA,600,4.5,0.0,0,0.0,0.0,,2.0,,223.1
2026-08-20,B,TD092,RTR,FERROBAMBA,660,5.5,0.0,0,0.0,0.0,,1.0,,223.1
2026-08-21,A,TD012,DTH,FERROBAMBA,60,7.5,1.0,2,28.65,28.65,,11.0,76.5,76.5
2026-08-21,A,TD012,DTH,FERROBAMBA,120,8.5,1.583,3,42.62,26.92,,10.0,76.5,76.5
2026-08-21,A,TD012,DTH,FERROBAMBA,180,9.5,2.583,5,66.88,25.89,,9.0,76.5,76.5
2026-08-21,A,TD012,DTH,FERROBAMBA,240,10.5,3.0,5,76.5,25.5,,8.0,76.5,76.5
2026-08-21,A,TD012,DTH,FERROBAMBA,300,11.5,3.0,5,76.5,25.5,,7.0,76.5,76.5
2026-08-21,A,TD012,DTH,FERROBAMBA,330,12.0,3.0,5,76.5,25.5,,6.5,76.5,76.5
2026-08-21,A,TD012,DTH,FERROBAMBA,360,12.5,3.0,5,76.5,25.5,,6.0,,76.5
2026-08-21,A,TD012,DTH,FERROBAMBA,420,13.5,3.0,5,76.5,25.5,,5.0,,76.5
2026-08-21,A,TD012,DTH,FERROBAMBA,480,14.5,3.0,5,76.5,25.5,,4.0,,76.5
2026-08-21,A,TD012,DTH,FERROBAMBA,540,15.5,3.0,5,76.5,25.5,,3.0,,76.5
2026-08-21,A,TD012,DTH,FERROBAMBA,600,16.5,3.0,5,76.5,25.5,,2.0,,76.5
2026-08-21,A,TD012,DTH,FERROBAMBA,660,17.5,3.0,5,76.5,25.5,,1.0,,76.5
2026-08-21,A,TD073,DTH,CHALCOBAMBA,60,7.5,0.0,0,0.0,0.0,,11.0,72.5,202.5
2026-08-21,A,TD073,DTH,CHALCOBAMBA,120,8.5,0.0,0,0.0,0.0,,10.0,72.5,202.5
2026-08-21,A,TD073,DTH,CHALCOBAMBA,180,9.5,0.0,0,0.0,0.0,,9.0,72.5,202.5
2026-08-21,A,TD073,DTH,CHALCOBAMBA,240,10.5,0.167,1,7.5,45.0,,8.0,72.5,202.5
2026-08-21,A,TD073,DTH,CHALCOBAMBA,300,11.5,1.167,4,51.0,43.71,,7.0,72.5,202.5
2026-08-21,A,TD073,DTH,CHALCOBAMBA,330,12.0,1.667,5,72.5,43.5,,6.5,72.5,202.5
2026-08-21,A,TD073,DTH,CHALCOBAMBA,360,12.5,2.0,6,90.0,45.0,,6.0,,202.5
2026-08-21,A,TD073,DTH,CHALCOBAMBA,420,13.5,2.333,7,102.0,43.71,,5.0,,202.5
2026-08-21,A,TD073,DTH,CHALCOBAMBA,480,14.5,3.333,9,137.0,41.1,,4.0,,202.5
2026-08-21,A,TD073,DTH,CHALCOBAMBA,540,15.5,4.333,12,181.0,41.77,,3.0,,202.5
2026-08-21,A,TD073,DTH,CHALCOBAMBA,600,16.5,4.417,12,185.0,41.89,,2.0,,202.5
2026-08-21,A,TD073,DTH,CHALCOBAMBA,660,17.5,4.667,14,190.0,40.71,,1.0,,202.5
2026-08-21,A,TD074,DTH,CHALCOBAMBA,60,7.5,0.0,0,0.0,0.0,,11.0,116.05,266.5
2026-08-21,A,TD074,DTH,CHALCOBAMBA,120,8.5,0.25,1,8.82,35.29,,10.0,116.05,266.5
2026-08-21,A,TD074,DTH,CHALCOBAMBA,180,9.5,1.25,4,38.82,31.06,,9.0,116.05,266.5
2026-08-21,A,TD074,DTH,CHALCOBAMBA,240,10.5,2.25,8,72.63,32.28,,8.0,116.05,266.5
2026-08-21,A,TD074,DTH,CHALCOBAMBA,300,11.5,3.25,11,101.11,31.11,,7.0,116.05,266.5
2026-08-21,A,TD074,DTH,CHALCOBAMBA,330,12.0,3.75,12,116.05,30.95,,6.5,116.05,266.5
2026-08-21,A,TD074,DTH,CHALCOBAMBA,360,12.5,4.25,13,128.5,30.24,,6.0,,266.5
2026-08-21,A,TD074,DTH,CHALCOBAMBA,420,13.5,4.75,15,143.62,30.24,,5.0,,266.5
2026-08-21,A,TD074,DTH,CHALCOBAMBA,480,14.5,5.75,18,167.39,29.11,,4.0,,266.5
2026-08-21,A,TD074,DTH,CHALCOBAMBA,540,15.5,6.75,22,194.5,28.81,,3.0,,266.5
2026-08-21,A,TD074,DTH,CHALCOBAMBA,600,16.5,7.417,26,213.3,28.76,,2.0,,266.5
2026-08-21,A,TD074,DTH,CHALCOBAMBA,660,17.5,8.417,30,237.5,28.22,,1.0,,266.5
2026-08-21,A,TD076,DTH,FERROBAMBA,60,7.5,0.0,0,0.0,0.0,,11.0,0.0,67.0
2026-08-21,A,TD076,DTH,FERROBAMBA,120,8.5,0.0,0,0.0,0.0,,10.0,0.0,67.0
2026-08-21,A,TD076,DTH,FERROBAMBA,180,9.5,0.0,0,0.0,0.0,,9.0,0.0,67.0
2026-08-21,A,TD076,DTH,FERROBAMBA,240,10.5,0.0,0,0.0,0.0,,8.0,0.0,67.0
2026-08-21,A,TD076,DTH,FERROBAMBA,300,11.5,0.0,0,0.0,0.0,,7.0,0.0,67.0
2026-08-21,A,TD076,DTH,FERROBAMBA,330,12.0,0.0,0,0.0,0.0,,6.5,0.0,67.0
2026-08-21,A,TD076,DTH,FERROBAMBA,360,12.5,0.083,1,1.87,22.4,,6.0,,67.0
2026-08-21,A,TD076,DTH,FERROBAMBA,420,13.5,1.083,2,25.2,23.26,,5.0,,67.0
2026-08-21,A,TD076,DTH,FERROBAMBA,480,14.5,1.417,2,33.6,23.72,,4.0,,67.0
2026-08-21,A,TD076,DTH,FERROBAMBA,540,15.5,1.417,2,33.6,23.72,,3.0,,67.0
2026-08-21,A,TD076,DTH,FERROBAMBA,600,16.5,1.417,2,33.6,23.72,,2.0,,67.0
2026-08-21,A,TD076,DTH,FERROBAMBA,660,17.5,1.917,3,44.8,23.37,,1.0,,67.0
2026-08-21,A,TD077,DTH,CHALCOBAMBA,60,7.5,0.0,0,0.0,0.0,,11.0,121.12,297.5
2026-08-21,A,TD077,DTH,CHALCOBAMBA,120,8.5,0.75,2,22.5,30.0,,10.0,121.12,297.5
2026-08-21,A,TD077,DTH,CHALCOBAMBA,180,9.5,1.75,3,52.5,30.0,,9.0,121.12,297.5
2026-08-21,A,TD077,DTH,CHALCOBAMBA,240,10.5,2.75,5,82.5,30.0,,8.0,121.12,297.5
2026-08-21,A,TD077,DTH,CHALCOBAMBA,300,11.5,3.583,7,107.3,29.94,,7.0,121.12,297.5
2026-08-21,A,TD077,DTH,CHALCOBAMBA,330,12.0,4.083,7,121.12,29.66,,6.5,121.12,297.5
2026-08-21,A,TD077,DTH,CHALCOBAMBA,360,12.5,4.583,8,134.93,29.44,,6.0,,297.5
2026-08-21,A,TD077,DTH,CHALCOBAMBA,420,13.5,5.583,10,163.95,29.36,,5.0,,297.5
2026-08-21,A,TD077,DTH,CHALCOBAMBA,480,14.5,6.583,11,190.37,28.92,,4.0,,297.5
2026-08-21,A,TD077,DTH,CHALCOBAMBA,540,15.5,7.0,12,203.11,29.02,,3.0,,297.5
2026-08-21,A,TD077,DTH,CHALCOBAMBA,600,16.5,8.0,14,234.92,29.37,,2.0,,297.5
2026-08-21,A,TD077,DTH,CHALCOBAMBA,660,17.5,9.0,16,266.39,29.6,,1.0,,297.5
2026-08-21,A,TD079,DTH,FERROBAMBA,60,7.5,0.0,0,0.0,0.0,,11.0,65.0,65.0
2026-08-21,A,TD079,DTH,FERROBAMBA,120,8.5,0.333,2,8.67,26.0,,10.0,65.0,65.0
2026-08-21,A,TD079,DTH,FERROBAMBA,180,9.5,1.333,6,27.0,20.25,,9.0,65.0,65.0
2026-08-21,A,TD079,DTH,FERROBAMBA,240,10.5,2.167,11,48.57,22.42,,8.0,65.0,65.0
2026-08-21,A,TD079,DTH,FERROBAMBA,300,11.5,2.583,14,65.0,25.16,,7.0,65.0,65.0
2026-08-21,A,TD079,DTH,FERROBAMBA,330,12.0,2.583,14,65.0,25.16,,6.5,65.0,65.0
2026-08-21,A,TD079,DTH,FERROBAMBA,360,12.5,2.583,14,65.0,25.16,,6.0,,65.0
2026-08-21,A,TD079,DTH,FERROBAMBA,420,13.5,2.583,14,65.0,25.16,,5.0,,65.0
2026-08-21,A,TD079,DTH,FERROBAMBA,480,14.5,2.583,14,65.0,25.16,,4.0,,65.0
2026-08-21,A,TD079,DTH,FERROBAMBA,540,15.5,2.583,14,65.0,25.16,,3.0,,65.0
2026-08-21,A,TD079,DTH,FERROBAMBA,600,16.5,2.583,14,65.0,25.16,,2.0,,65.0
2026-08-21,A,TD079,DTH,FERROBAMBA,660,17.5,2.583,14,65.0,25.16,,1.0,,65.0
2026-08-21,A,TD080,DTH,FERROBAMBA,60,7.5,1.0,2,29.0,29.0,,11.0,128.5,283.5
2026-08-21,A,TD080,DTH,FERROBAMBA,120,8.5,1.833,4,53.5,29.18,,10.0,128.5,283.5
2026-08-21,A,TD080,DTH,FERROBAMBA,180,9.5,2.0,4,58.5,29.25,,9.0,128.5,283.5
2026-08-21,A,TD080,DTH,FERROBAMBA,240,10.5,2.833,6,83.5,29.47,,8.0,128.5,283.5
2026-08-21,A,TD080,DTH,FERROBAMBA,300,11.5,3.833,8,113.5,29.61,,7.0,128.5,283.5
2026-08-21,A,TD080,DTH,FERROBAMBA,330,12.0,4.333,9,128.5,29.65,,6.5,128.5,283.5
2026-08-21,A,TD080,DTH,FERROBAMBA,360,12.5,4.833,10,143.5,29.69,,6.0,,283.5
2026-08-21,A,TD080,DTH,FERROBAMBA,420,13.5,5.833,12,173.5,29.74,,5.0,,283.5
2026-08-21,A,TD080,DTH,FERROBAMBA,480,14.5,6.833,14,199.5,29.2,,4.0,,283.5
2026-08-21,A,TD080,DTH,FERROBAMBA,540,15.5,7.833,15,223.5,28.53,,3.0,,283.5
2026-08-21,A,TD080,DTH,FERROBAMBA,600,16.5,8.583,16,238.5,27.79,,2.0,,283.5
2026-08-21,A,TD080,DTH,FERROBAMBA,660,17.5,9.083,17,253.5,27.91,,1.0,,283.5
2026-08-21,A,TD092,RTR,FERROBAMBA,60,7.5,0.0,0,0.0,0.0,,11.0,19.07,168.9
2026-08-21,A,TD092,RTR,FERROBAMBA,120,8.5,0.0,0,0.0,0.0,,10.0,19.07,168.9
2026-08-21,A,TD092,RTR,FERROBAMBA,180,9.5,0.0,0,0.0,0.0,,9.0,19.07,168.9
2026-08-21,A,TD092,RTR,FERROBAMBA,240,10.5,0.0,0,0.0,0.0,,8.0,19.07,168.9
2026-08-21,A,TD092,RTR,FERROBAMBA,300,11.5,0.333,1,10.79,32.36,,7.0,19.07,168.9
2026-08-21,A,TD092,RTR,FERROBAMBA,330,12.0,0.633,2,19.07,30.12,,6.5,19.07,168.9
2026-08-21,A,TD092,RTR,FERROBAMBA,360,12.5,1.1,2,30.2,27.45,,6.0,,168.9
2026-08-21,A,TD092,RTR,FERROBAMBA,420,13.5,2.083,4,53.15,25.51,,5.0,,168.9
2026-08-21,A,TD092,RTR,FERROBAMBA,480,14.5,3.067,5,76.1,24.82,,4.0,,168.9
2026-08-21,A,TD092,RTR,FERROBAMBA,540,15.5,4.033,7,98.67,24.46,,3.0,,168.9
2026-08-21,A,TD092,RTR,FERROBAMBA,600,16.5,5.0,8,120.95,24.19,,2.0,,168.9
2026-08-21,A,TD092,RTR,FERROBAMBA,660,17.5,5.917,10,144.1,24.35,,1.0,,168.9
2026-08-21,B,TD012,DTH,FERROBAMBA,60,19.5,0.0,0,0.0,0.0,,11.0,0.0,80.5
2026-08-21,B,TD012,DTH,FERROBAMBA,120,20.5,0.0,0,0.0,0.0,,10.0,0.0,80.5
2026-08-21,B,TD012,DTH,FERROBAMBA,180,21.5,0.0,0,0.0,0.0,,9.0,0.0,80.5
2026-08-21,B,TD012,DTH,FERROBAMBA,240,22.5,0.0,0,0.0,0.0,,8.0,0.0,80.5
2026-08-21,B,TD012,DTH,FERROBAMBA,300,23.5,0.0,0,0.0,0.0,,7.0,0.0,80.5
2026-08-21,B,TD012,DTH,FERROBAMBA,330,0.0,0.0,0,0.0,0.0,,6.5,0.0,80.5
2026-08-21,B,TD012,DTH,FERROBAMBA,360,0.5,0.0,0,0.0,0.0,,6.0,,80.5
2026-08-21,B,TD012,DTH,FERROBAMBA,420,1.5,0.0,0,0.0,0.0,,5.0,,80.5
2026-08-21,B,TD012,DTH,FERROBAMBA,480,2.5,0.0,0,0.0,0.0,,4.0,,80.5
2026-08-21,B,TD012,DTH,FERROBAMBA,540,3.5,0.0,0,0.0,0.0,,3.0,,80.5
2026-08-21,B,TD012,DTH,FERROBAMBA,600,4.5,0.0,0,0.0,0.0,,2.0,,80.5
2026-08-21,B,TD012,DTH,FERROBAMBA,660,5.5,0.0,0,0.0,0.0,,1.0,,80.5
2026-08-21,B,TD030,DTH,FERROBAMBA,60,19.5,0.0,0,0.0,0.0,,11.0,0.0,174.0
2026-08-21,B,TD030,DTH,FERROBAMBA,120,20.5,0.0,0,0.0,0.0,,10.0,0.0,174.0
2026-08-21,B,TD030,DTH,FERROBAMBA,180,21.5,0.0,0,0.0,0.0,,9.0,0.0,174.0
2026-08-21,B,TD030,DTH,FERROBAMBA,240,22.5,0.0,0,0.0,0.0,,8.0,0.0,174.0
2026-08-21,B,TD030,DTH,FERROBAMBA,300,23.5,0.0,0,0.0,0.0,,7.0,0.0,174.0
2026-08-21,B,TD030,DTH,FERROBAMBA,330,0.0,0.0,0,0.0,0.0,,6.5,0.0,174.0
2026-08-21,B,TD030,DTH,FERROBAMBA,360,0.5,0.0,0,0.0,0.0,,6.0,,174.0
2026-08-21,B,TD030,DTH,FERROBAMBA,420,1.5,0.0,0,0.0,0.0,,5.0,,174.0
2026-08-21,B,TD030,DTH,FERROBAMBA,480,2.5,0.0,0,0.0,0.0,,4.0,,174.0
2026-08-21,B,TD030,DTH,FERROBAMBA,540,3.5,0.0,0,0.0,0.0,,3.0,,174.0
2026-08-21,B,TD030,DTH,FERROBAMBA,600,4.5,0.0,0,0.0,0.0,,2.0,,174.0
2026-08-21,B,TD030,DTH,FERROBAMBA,660,5.5,0.0,0,0.0,0.0,,1.0,,174.0
2026-08-21,B,TD073,DTH,CHALCOBAMBA,60,19.5,0.0,0,0.0,0.0,,11.0,0.0,238.2
2026-08-21,B,TD073,DTH,CHALCOBAMBA,120,20.5,0.0,0,0.0,0.0,,10.0,0.0,238.2
2026-08-21,B,TD073,DTH,CHALCOBAMBA,180,21.5,0.0,0,0.0,0.0,,9.0,0.0,238.2
2026-08-21,B,TD073,DTH,CHALCOBAMBA,240,22.5,0.0,0,0.0,0.0,,8.0,0.0,238.2
2026-08-21,B,TD073,DTH,CHALCOBAMBA,300,23.5,0.0,0,0.0,0.0,,7.0,0.0,238.2
2026-08-21,B,TD073,DTH,CHALCOBAMBA,330,0.0,0.0,0,0.0,0.0,,6.5,0.0,238.2
2026-08-21,B,TD073,DTH,CHALCOBAMBA,360,0.5,0.0,0,0.0,0.0,,6.0,,238.2
2026-08-21,B,TD073,DTH,CHALCOBAMBA,420,1.5,0.0,0,0.0,0.0,,5.0,,238.2
2026-08-21,B,TD073,DTH,CHALCOBAMBA,480,2.5,0.0,0,0.0,0.0,,4.0,,238.2
2026-08-21,B,TD073,DTH,CHALCOBAMBA,540,3.5,0.0,0,0.0,0.0,,3.0,,238.2
2026-08-21,B,TD073,DTH,CHALCOBAMBA,600,4.5,0.0,0,0.0,0.0,,2.0,,238.2
2026-08-21,B,TD073,DTH,CHALCOBAMBA,660,5.5,0.0,0,0.0,0.0,,1.0,,238.2
2026-08-21,B,TD074,DTH,CHALCOBAMBA,60,19.5,0.0,0,0.0,0.0,,11.0,0.0,231.6
2026-08-21,B,TD074,DTH,CHALCOBAMBA,120,20.5,0.0,0,0.0,0.0,,10.0,0.0,231.6
2026-08-21,B,TD074,DTH,CHALCOBAMBA,180,21.5,0.0,0,0.0,0.0,,9.0,0.0,231.6
2026-08-21,B,TD074,DTH,CHALCOBAMBA,240,22.5,0.0,0,0.0,0.0,,8.0,0.0,231.6
2026-08-21,B,TD074,DTH,CHALCOBAMBA,300,23.5,0.0,0,0.0,0.0,,7.0,0.0,231.6
2026-08-21,B,TD074,DTH,CHALCOBAMBA,330,0.0,0.0,0,0.0,0.0,,6.5,0.0,231.6
2026-08-21,B,TD074,DTH,CHALCOBAMBA,360,0.5,0.0,0,0.0,0.0,,6.0,,231.6
2026-08-21,B,TD074,DTH,CHALCOBAMBA,420,1.5,0.0,0,0.0,0.0,,5.0,,231.6
2026-08-21,B,TD074,DTH,CHALCOBAMBA,480,2.5,0.0,0,0.0,0.0,,4.0,,231.6
2026-08-21,B,TD074,DTH,CHALCOBAMBA,540,3.5,0.0,0,0.0,0.0,,3.0,,231.6
2026-08-21,B,TD074,DTH,CHALCOBAMBA,600,4.5,0.0,0,0.0,0.0,,2.0,,231.6
2026-08-21,B,TD074,DTH,CHALCOBAMBA,660,5.5,0.0,0,0.0,0.0,,1.0,,231.6
2026-08-21,B,TD076,DTH,FERROBAMBA,60,19.5,0.0,0,0.0,0.0,,11.0,0.0,264.0
2026-08-21,B,TD076,DTH,FERROBAMBA,120,20.5,0.0,0,0.0,0.0,,10.0,0.0,264.0
2026-08-21,B,TD076,DTH,FERROBAMBA,180,21.5,0.0,0,0.0,0.0,,9.0,0.0,264.0
2026-08-21,B,TD076,DTH,FERROBAMBA,240,22.5,0.0,0,0.0,0.0,,8.0,0.0,264.0
2026-08-21,B,TD076,DTH,FERROBAMBA,300,23.5,0.0,0,0.0,0.0,,7.0,0.0,264.0
2026-08-21,B,TD076,DTH,FERROBAMBA,330,0.0,0.0,0,0.0,0.0,,6.5,0.0,264.0
2026-08-21,B,TD076,DTH,FERROBAMBA,360,0.5,0.0,0,0.0,0.0,,6.0,,264.0
2026-08-21,B,TD076,DTH,FERROBAMBA,420,1.5,0.0,0,0.0,0.0,,5.0,,264.0
2026-08-21,B,TD076,DTH,FERROBAMBA,480,2.5,0.0,0,0.0,0.0,,4.0,,264.0
2026-08-21,B,TD076,DTH,FERROBAMBA,540,3.5,0.0,0,0.0,0.0,,3.0,,264.0
2026-08-21,B,TD076,DTH,FERROBAMBA,600,4.5,0.0,0,0.0,0.0,,2.0,,264.0
2026-08-21,B,TD076,DTH,FERROBAMBA,660,5.5,0.0,0,0.0,0.0,,1.0,,264.0
2026-08-21,B,TD077,DTH,CHALCOBAMBA,60,19.5,0.0,0,0.0,0.0,,11.0,0.0,272.0
2026-08-21,B,TD077,DTH,CHALCOBAMBA,120,20.5,0.0,0,0.0,0.0,,10.0,0.0,272.0
2026-08-21,B,TD077,DTH,CHALCOBAMBA,180,21.5,0.0,0,0.0,0.0,,9.0,0.0,272.0
2026-08-21,B,TD077,DTH,CHALCOBAMBA,240,22.5,0.0,0,0.0,0.0,,8.0,0.0,272.0
2026-08-21,B,TD077,DTH,CHALCOBAMBA,300,23.5,0.0,0,0.0,0.0,,7.0,0.0,272.0
2026-08-21,B,TD077,DTH,CHALCOBAMBA,330,0.0,0.0,0,0.0,0.0,,6.5,0.0,272.0
2026-08-21,B,TD077,DTH,CHALCOBAMBA,360,0.5,0.0,0,0.0,0.0,,6.0,,272.0
2026-08-21,B,TD077,DTH,CHALCOBAMBA,420,1.5,0.0,0,0.0,0.0,,5.0,,272.0
2026-08-21,B,TD077,DTH,CHALCOBAMBA,480,2.5,0.0,0,0.0,0.0,,4.0,,272.0
2026-08-21,B,TD077,DTH,CHALCOBAMBA,540,3.5,0.0,0,0.0,0.0,,3.0,,272.0
2026-08-21,B,TD077,DTH,CHALCOBAMBA,600,4.5,0.0,0,0.0,0.0,,2.0,,272.0
2026-08-21,B,TD077,DTH,CHALCOBAMBA,660,5.5,0.0,0,0.0,0.0,,1.0,,272.0
2026-08-21,B,TD080,DTH,FERROBAMBA,60,19.5,0.0,0,0.0,0.0,,11.0,0.0,192.6
2026-08-21,B,TD080,DTH,FERROBAMBA,120,20.5,0.0,0,0.0,0.0,,10.0,0.0,192.6
2026-08-21,B,TD080,DTH,FERROBAMBA,180,21.5,0.0,0,0.0,0.0,,9.0,0.0,192.6
2026-08-21,B,TD080,DTH,FERROBAMBA,240,22.5,0.0,0,0.0,0.0,,8.0,0.0,192.6
2026-08-21,B,TD080,DTH,FERROBAMBA,300,23.5,0.0,0,0.0,0.0,,7.0,0.0,192.6
2026-08-21,B,TD080,DTH,FERROBAMBA,330,0.0,0.0,0,0.0,0.0,,6.5,0.0,192.6
2026-08-21,B,TD080,DTH,FERROBAMBA,360,0.5,0.0,0,0.0,0.0,,6.0,,192.6
2026-08-21,B,TD080,DTH,FERROBAMBA,420,1.5,0.0,0,0.0,0.0,,5.0,,192.6
2026-08-21,B,TD080,DTH,FERROBAMBA,480,2.5,0.0,0,0.0,0.0,,4.0,,192.6
2026-08-21,B,TD080,DTH,FERROBAMBA,540,3.5,0.0,0,0.0,0.0,,3.0,,192.6
2026-08-21,B,TD080,DTH,FERROBAMBA,600,4.5,0.0,0,0.0,0.0,,2.0,,192.6
2026-08-21,B,TD080,DTH,FERROBAMBA,660,5.5,0.0,0,0.0,0.0,,1.0,,192.6
2026-08-21,B,TD092,RTR,FERROBAMBA,60,19.5,0.0,0,0.0,0.0,,11.0,0.0,245.8
2026-08-21,B,TD092,RTR,FERROBAMBA,120,20.5,0.0,0,0.0,0.0,,10.0,0.0,245.8
2026-08-21,B,TD092,RTR,FERROBAMBA,180,21.5,0.0,0,0.0,0.0,,9.0,0.0,245.8
2026-08-21,B,TD092,RTR,FERROBAMBA,240,22.5,0.0,0,0.0,0.0,,8.0,0.0,245.8
2026-08-21,B,TD092,RTR,FERROBAMBA,300,23.5,0.0,0,0.0,0.0,,7.0,0.0,245.8
2026-08-21,B,TD092,RTR,FERROBAMBA,330,0.0,0.0,0,0.0,0.0,,6.5,0.0,245.8
2026-08-21,B,TD092,RTR,FERROBAMBA,360,0.5,0.0,0,0.0,0.0,,6.0,,245.8
2026-08-21,B,TD092,RTR,FERROBAMBA,420,1.5,0.0,0,0.0,0.0,,5.0,,245.8
2026-08-21,B,TD092,RTR,FERROBAMBA,480,2.5,0.0,0,0.0,0.0,,4.0,,245.8
2026-08-21,B,TD092,RTR,FERROBAMBA,540,3.5,0.0,0,0.0,0.0,,3.0,,245.8
2026-08-21,B,TD092,RTR,FERROBAMBA,600,4.5,0.0,0,0.0,0.0,,2.0,,245.8
2026-08-21,B,TD092,RTR,FERROBAMBA,660,5.5,0.0,0,0.0,0.0,,1.0,,245.8
2026-08-22,A,TD030,DTH,FERROBAMBA,60,7.5,1.0,9,54.0,54.0,,11.0,168.23,333.0
2026-08-22,A,TD030,DTH,FERROBAMBA,120,8.5,1.833,14,80.0,43.64,,10.0,168.23,333.0
2026-08-22,A,TD030,DTH,FERROBAMBA,180,9.5,2.833,18,109.37,38.6,,9.0,168.23,333.0
2026-08-22,A,TD030,DTH,FERROBAMBA,240,10.5,3.25,20,122.5,37.69,,8.0,168.23,333.0
2026-08-22,A,TD030,DTH,FERROBAMBA,300,11.5,4.25,25,152.95,35.99,,7.0,168.23,333.0
2026-08-22,A,TD030,DTH,FERROBAMBA,330,12.0,4.75,28,168.23,35.42,,6.5,168.23,333.0
2026-08-22,A,TD030,DTH,FERROBAMBA,360,12.5,5.25,30,183.5,34.95,,6.0,,333.0
2026-08-22,A,TD030,DTH,FERROBAMBA,420,13.5,5.583,32,195.5,35.01,,5.0,,333.0
2026-08-22,A,TD030,DTH,FERROBAMBA,480,14.5,6.25,36,217.5,34.8,,4.0,,333.0
2026-08-22,A,TD030,DTH,FERROBAMBA,540,15.5,7.25,41,248.95,34.34,,3.0,,333.0
2026-08-22,A,TD030,DTH,FERROBAMBA,600,16.5,8.25,46,280.83,34.04,,2.0,,333.0
2026-08-22,A,TD030,DTH,FERROBAMBA,660,17.5,9.25,50,309.44,33.45,,1.0,,333.0
2026-08-22,A,TD073,DTH,CHALCOBAMBA,60,7.5,0.0,0,0.0,0.0,,11.0,29.29,245.8
2026-08-22,A,TD073,DTH,CHALCOBAMBA,120,8.5,0.0,0,0.0,0.0,,10.0,29.29,245.8
2026-08-22,A,TD073,DTH,CHALCOBAMBA,180,9.5,0.0,0,0.0,0.0,,9.0,29.29,245.8
2026-08-22,A,TD073,DTH,CHALCOBAMBA,240,10.5,0.083,1,2.77,33.2,,8.0,29.29,245.8
2026-08-22,A,TD073,DTH,CHALCOBAMBA,300,11.5,1.083,2,23.44,21.63,,7.0,29.29,245.8
2026-08-22,A,TD073,DTH,CHALCOBAMBA,330,12.0,1.583,2,29.29,18.5,,6.5,29.29,245.8
2026-08-22,A,TD073,DTH,CHALCOBAMBA,360,12.5,2.083,3,38.73,18.59,,6.0,,245.8
2026-08-22,A,TD073,DTH,CHALCOBAMBA,420,13.5,3.083,5,74.7,24.23,,5.0,,245.8
2026-08-22,A,TD073,DTH,CHALCOBAMBA,480,14.5,3.917,7,102.37,26.14,,4.0,,245.8
2026-08-22,A,TD073,DTH,CHALCOBAMBA,540,15.5,4.917,9,136.12,27.69,,3.0,,245.8
2026-08-22,A,TD073,DTH,CHALCOBAMBA,600,16.5,5.917,11,171.8,29.04,,2.0,,245.8
2026-08-22,A,TD073,DTH,CHALCOBAMBA,660,17.5,6.917,13,208.07,30.08,,1.0,,245.8
2026-08-22,A,TD074,DTH,CHALCOBAMBA,60,7.5,0.0,0,0.0,0.0,,11.0,0.0,165.0
2026-08-22,A,TD074,DTH,CHALCOBAMBA,120,8.5,0.0,0,0.0,0.0,,10.0,0.0,165.0
2026-08-22,A,TD074,DTH,CHALCOBAMBA,180,9.5,0.0,0,0.0,0.0,,9.0,0.0,165.0
2026-08-22,A,TD074,DTH,CHALCOBAMBA,240,10.5,0.0,0,0.0,0.0,,8.0,0.0,165.0
2026-08-22,A,TD074,DTH,CHALCOBAMBA,300,11.5,0.0,0,0.0,0.0,,7.0,0.0,165.0
2026-08-22,A,TD074,DTH,CHALCOBAMBA,330,12.0,0.0,0,0.0,0.0,,6.5,0.0,165.0
2026-08-22,A,TD074,DTH,CHALCOBAMBA,360,12.5,0.0,0,0.0,0.0,,6.0,,165.0
2026-08-22,A,TD074,DTH,CHALCOBAMBA,420,13.5,0.5,1,16.5,33.0,,5.0,,165.0
2026-08-22,A,TD074,DTH,CHALCOBAMBA,480,14.5,1.333,3,44.0,33.0,,4.0,,165.0
2026-08-22,A,TD074,DTH,CHALCOBAMBA,540,15.5,2.333,5,70.5,30.21,,3.0,,165.0
2026-08-22,A,TD074,DTH,CHALCOBAMBA,600,16.5,3.333,6,93.5,28.05,,2.0,,165.0
2026-08-22,A,TD074,DTH,CHALCOBAMBA,660,17.5,4.333,8,126.5,29.19,,1.0,,165.0
2026-08-22,A,TD076,DTH,FERROBAMBA,60,7.5,1.0,1,16.8,16.8,,11.0,61.4,165.9
2026-08-22,A,TD076,DTH,FERROBAMBA,120,8.5,1.75,2,33.6,19.2,,10.0,61.4,165.9
2026-08-22,A,TD076,DTH,FERROBAMBA,180,9.5,2.417,3,50.4,20.86,,9.0,61.4,165.9
2026-08-22,A,TD076,DTH,FERROBAMBA,240,10.5,2.417,3,50.4,20.86,,8.0,61.4,165.9
2026-08-22,A,TD076,DTH,FERROBAMBA,300,11.5,3.083,5,61.4,19.91,,7.0,61.4,165.9
2026-08-22,A,TD076,DTH,FERROBAMBA,330,12.0,3.083,5,61.4,19.91,,6.5,61.4,165.9
2026-08-22,A,TD076,DTH,FERROBAMBA,360,12.5,3.583,7,69.65,19.44,,6.0,,165.9
2026-08-22,A,TD076,DTH,FERROBAMBA,420,13.5,4.583,10,86.15,18.8,,5.0,,165.9
2026-08-22,A,TD076,DTH,FERROBAMBA,480,14.5,5.583,13,102.65,18.39,,4.0,,165.9
2026-08-22,A,TD076,DTH,FERROBAMBA,540,15.5,6.583,16,119.15,18.1,,3.0,,165.9
2026-08-22,A,TD076,DTH,FERROBAMBA,600,16.5,7.583,19,135.65,17.89,,2.0,,165.9
2026-08-22,A,TD076,DTH,FERROBAMBA,660,17.5,8.583,22,152.15,17.73,,1.0,,165.9
2026-08-22,A,TD077,DTH,CHALCOBAMBA,60,7.5,0.0,0,0.0,0.0,,11.0,80.0,352.0
2026-08-22,A,TD077,DTH,CHALCOBAMBA,120,8.5,0.0,0,0.0,0.0,,10.0,80.0,352.0
2026-08-22,A,TD077,DTH,CHALCOBAMBA,180,9.5,0.0,0,0.0,0.0,,9.0,80.0,352.0
2026-08-22,A,TD077,DTH,CHALCOBAMBA,240,10.5,0.167,1,8.0,48.0,,8.0,80.0,352.0
2026-08-22,A,TD077,DTH,CHALCOBAMBA,300,11.5,1.167,4,56.0,48.0,,7.0,80.0,352.0
2026-08-22,A,TD077,DTH,CHALCOBAMBA,330,12.0,1.667,5,80.0,48.0,,6.5,80.0,352.0
2026-08-22,A,TD077,DTH,CHALCOBAMBA,360,12.5,2.167,7,104.0,48.0,,6.0,,352.0
2026-08-22,A,TD077,DTH,CHALCOBAMBA,420,13.5,3.167,10,152.0,48.0,,5.0,,352.0
2026-08-22,A,TD077,DTH,CHALCOBAMBA,480,14.5,4.167,13,200.0,48.0,,4.0,,352.0
2026-08-22,A,TD077,DTH,CHALCOBAMBA,540,15.5,4.917,15,230.4,46.86,,3.0,,352.0
2026-08-22,A,TD077,DTH,CHALCOBAMBA,600,16.5,5.917,17,268.8,45.43,,2.0,,352.0
2026-08-22,A,TD077,DTH,CHALCOBAMBA,660,17.5,6.917,20,307.2,44.41,,1.0,,352.0
2026-08-22,A,TD091,RTR,FERROBAMBA,60,7.5,0.0,0,0.0,0.0,,11.0,53.1,154.9
2026-08-22,A,TD091,RTR,FERROBAMBA,120,8.5,0.0,0,0.0,0.0,,10.0,53.1,154.9
2026-08-22,A,TD091,RTR,FERROBAMBA,180,9.5,0.333,1,9.76,29.27,,9.0,53.1,154.9
2026-08-22,A,TD091,RTR,FERROBAMBA,240,10.5,1.25,2,30.49,24.39,,8.0,53.1,154.9
2026-08-22,A,TD091,RTR,FERROBAMBA,300,11.5,2.15,3,46.08,21.43,,7.0,53.1,154.9
2026-08-22,A,TD091,RTR,FERROBAMBA,330,12.0,2.567,4,53.1,20.69,,6.5,53.1,154.9
2026-08-22,A,TD091,RTR,FERROBAMBA,360,12.5,3.067,4,61.5,20.05,,6.0,,154.9
2026-08-22,A,TD091,RTR,FERROBAMBA,420,13.5,3.983,5,76.81,19.28,,5.0,,154.9
2026-08-22,A,TD091,RTR,FERROBAMBA,480,14.5,4.9,6,92.11,18.8,,4.0,,154.9
2026-08-22,A,TD091,RTR,FERROBAMBA,540,15.5,5.817,7,107.67,18.51,,3.0,,154.9
2026-08-22,A,TD091,RTR,FERROBAMBA,600,16.5,6.733,8,122.92,18.25,,2.0,,154.9
2026-08-22,A,TD091,RTR,FERROBAMBA,660,17.5,7.65,9,138.56,18.11,,1.0,,154.9
2026-08-22,A,TD092,RTR,FERROBAMBA,60,7.5,0.767,1,15.6,20.35,,11.0,117.27,280.3
2026-08-22,A,TD092,RTR,FERROBAMBA,120,8.5,1.767,3,40.33,22.83,,10.0,117.27,280.3
2026-08-22,A,TD092,RTR,FERROBAMBA,180,9.5,2.767,4,61.02,22.05,,9.0,117.27,280.3
2026-08-22,A,TD092,RTR,FERROBAMBA,240,10.5,3.567,6,81.78,22.93,,8.0,117.27,280.3
2026-08-22,A,TD092,RTR,FERROBAMBA,300,11.5,4.567,7,106.05,23.22,,7.0,117.27,280.3
2026-08-22,A,TD092,RTR,FERROBAMBA,330,12.0,5.067,8,117.27,23.15,,6.5,117.27,280.3
2026-08-22,A,TD092,RTR,FERROBAMBA,360,12.5,5.533,9,127.68,23.07,,6.0,,280.3
2026-08-22,A,TD092,RTR,FERROBAMBA,420,13.5,6.5,10,150.9,23.21,,5.0,,280.3
2026-08-22,A,TD092,RTR,FERROBAMBA,480,14.5,7.467,12,174.06,23.31,,4.0,,280.3
2026-08-22,A,TD092,RTR,FERROBAMBA,540,15.5,8.433,13,195.69,23.2,,3.0,,280.3
2026-08-22,A,TD092,RTR,FERROBAMBA,600,16.5,9.4,14,217.56,23.14,,2.0,,280.3
2026-08-22,A,TD092,RTR,FERROBAMBA,660,17.5,10.35,16,249.1,24.07,,1.0,,280.3
2026-08-22,B,TD030,DTH,FERROBAMBA,60,19.5,0.0,0,0.0,0.0,,11.0,0.0,272.4
2026-08-22,B,TD030,DTH,FERROBAMBA,120,20.5,0.0,0,0.0,0.0,,10.0,0.0,272.4
2026-08-22,B,TD030,DTH,FERROBAMBA,180,21.5,0.0,0,0.0,0.0,,9.0,0.0,272.4
2026-08-22,B,TD030,DTH,FERROBAMBA,240,22.5,0.0,0,0.0,0.0,,8.0,0.0,272.4
2026-08-22,B,TD030,DTH,FERROBAMBA,300,23.5,0.0,0,0.0,0.0,,7.0,0.0,272.4
2026-08-22,B,TD030,DTH,FERROBAMBA,330,0.0,0.0,0,0.0,0.0,,6.5,0.0,272.4
2026-08-22,B,TD030,DTH,FERROBAMBA,360,0.5,0.0,0,0.0,0.0,,6.0,,272.4
2026-08-22,B,TD030,DTH,FERROBAMBA,420,1.5,0.0,0,0.0,0.0,,5.0,,272.4
2026-08-22,B,TD030,DTH,FERROBAMBA,480,2.5,0.0,0,0.0,0.0,,4.0,,272.4
2026-08-22,B,TD030,DTH,FERROBAMBA,540,3.5,0.0,0,0.0,0.0,,3.0,,272.4
2026-08-22,B,TD030,DTH,FERROBAMBA,600,4.5,0.0,0,0.0,0.0,,2.0,,272.4
2026-08-22,B,TD030,DTH,FERROBAMBA,660,5.5,0.0,0,0.0,0.0,,1.0,,272.4
2026-08-22,B,TD073,DTH,CHALCOBAMBA,60,19.5,0.0,0,0.0,0.0,,11.0,0.0,321.6
2026-08-22,B,TD073,DTH,CHALCOBAMBA,120,20.5,0.0,0,0.0,0.0,,10.0,0.0,321.6
2026-08-22,B,TD073,DTH,CHALCOBAMBA,180,21.5,0.0,0,0.0,0.0,,9.0,0.0,321.6
2026-08-22,B,TD073,DTH,CHALCOBAMBA,240,22.5,0.0,0,0.0,0.0,,8.0,0.0,321.6
2026-08-22,B,TD073,DTH,CHALCOBAMBA,300,23.5,0.0,0,0.0,0.0,,7.0,0.0,321.6
2026-08-22,B,TD073,DTH,CHALCOBAMBA,330,0.0,0.0,0,0.0,0.0,,6.5,0.0,321.6
2026-08-22,B,TD073,DTH,CHALCOBAMBA,360,0.5,0.0,0,0.0,0.0,,6.0,,321.6
2026-08-22,B,TD073,DTH,CHALCOBAMBA,420,1.5,0.0,0,0.0,0.0,,5.0,,321.6
2026-08-22,B,TD073,DTH,CHALCOBAMBA,480,2.5,0.0,0,0.0,0.0,,4.0,,321.6
2026-08-22,B,TD073,DTH,CHALCOBAMBA,540,3.5,0.0,0,0.0,0.0,,3.0,,321.6
2026-08-22,B,TD073,DTH,CHALCOBAMBA,600,4.5,0.0,0,0.0,0.0,,2.0,,321.6
2026-08-22,B,TD073,DTH,CHALCOBAMBA,660,5.5,0.0,0,0.0,0.0,,1.0,,321.6
2026-08-22,B,TD074,DTH,CHALCOBAMBA,60,19.5,0.0,0,0.0,0.0,,11.0,0.0,308.5
2026-08-22,B,TD074,DTH,CHALCOBAMBA,120,20.5,0.0,0,0.0,0.0,,10.0,0.0,308.5
2026-08-22,B,TD074,DTH,CHALCOBAMBA,180,21.5,0.0,0,0.0,0.0,,9.0,0.0,308.5
2026-08-22,B,TD074,DTH,CHALCOBAMBA,240,22.5,0.0,0,0.0,0.0,,8.0,0.0,308.5
2026-08-22,B,TD074,DTH,CHALCOBAMBA,300,23.5,0.0,0,0.0,0.0,,7.0,0.0,308.5
2026-08-22,B,TD074,DTH,CHALCOBAMBA,330,0.0,0.0,0,0.0,0.0,,6.5,0.0,308.5
2026-08-22,B,TD074,DTH,CHALCOBAMBA,360,0.5,0.0,0,0.0,0.0,,6.0,,308.5
2026-08-22,B,TD074,DTH,CHALCOBAMBA,420,1.5,0.0,0,0.0,0.0,,5.0,,308.5
2026-08-22,B,TD074,DTH,CHALCOBAMBA,480,2.5,0.0,0,0.0,0.0,,4.0,,308.5
2026-08-22,B,TD074,DTH,CHALCOBAMBA,540,3.5,0.0,0,0.0,0.0,,3.0,,308.5
2026-08-22,B,TD074,DTH,CHALCOBAMBA,600,4.5,0.0,0,0.0,0.0,,2.0,,308.5
2026-08-22,B,TD074,DTH,CHALCOBAMBA,660,5.5,0.0,0,0.0,0.0,,1.0,,308.5
2026-08-22,B,TD076,DTH,FERROBAMBA,60,19.5,0.0,0,0.0,0.0,,11.0,0.0,205.0
2026-08-22,B,TD076,DTH,FERROBAMBA,120,20.5,0.0,0,0.0,0.0,,10.0,0.0,205.0
2026-08-22,B,TD076,DTH,FERROBAMBA,180,21.5,0.0,0,0.0,0.0,,9.0,0.0,205.0
2026-08-22,B,TD076,DTH,FERROBAMBA,240,22.5,0.0,0,0.0,0.0,,8.0,0.0,205.0
2026-08-22,B,TD076,DTH,FERROBAMBA,300,23.5,0.0,0,0.0,0.0,,7.0,0.0,205.0
2026-08-22,B,TD076,DTH,FERROBAMBA,330,0.0,0.0,0,0.0,0.0,,6.5,0.0,205.0
2026-08-22,B,TD076,DTH,FERROBAMBA,360,0.5,0.0,0,0.0,0.0,,6.0,,205.0
2026-08-22,B,TD076,DTH,FERROBAMBA,420,1.5,0.0,0,0.0,0.0,,5.0,,205.0
2026-08-22,B,TD076,DTH,FERROBAMBA,480,2.5,0.0,0,0.0,0.0,,4.0,,205.0
2026-08-22,B,TD076,DTH,FERROBAMBA,540,3.5,0.0,0,0.0,0.0,,3.0,,205.0
2026-08-22,B,TD076,DTH,FERROBAMBA,600,4.5,0.0,0,0.0,0.0,,2.0,,205.0
2026-08-22,B,TD076,DTH,FERROBAMBA,660,5.5,0.0,0,0.0,0.0,,1.0,,205.0
2026-08-22,B,TD077,DTH,CHALCOBAMBA,60,19.5,0.0,0,0.0,0.0,,11.0,0.0,225.6
2026-08-22,B,TD077,DTH,CHALCOBAMBA,120,20.5,0.0,0,0.0,0.0,,10.0,0.0,225.6
2026-08-22,B,TD077,DTH,CHALCOBAMBA,180,21.5,0.0,0,0.0,0.0,,9.0,0.0,225.6
2026-08-22,B,TD077,DTH,CHALCOBAMBA,240,22.5,0.0,0,0.0,0.0,,8.0,0.0,225.6
2026-08-22,B,TD077,DTH,CHALCOBAMBA,300,23.5,0.0,0,0.0,0.0,,7.0,0.0,225.6
2026-08-22,B,TD077,DTH,CHALCOBAMBA,330,0.0,0.0,0,0.0,0.0,,6.5,0.0,225.6
2026-08-22,B,TD077,DTH,CHALCOBAMBA,360,0.5,0.0,0,0.0,0.0,,6.0,,225.6
2026-08-22,B,TD077,DTH,CHALCOBAMBA,420,1.5,0.0,0,0.0,0.0,,5.0,,225.6
2026-08-22,B,TD077,DTH,CHALCOBAMBA,480,2.5,0.0,0,0.0,0.0,,4.0,,225.6
2026-08-22,B,TD077,DTH,CHALCOBAMBA,540,3.5,0.0,0,0.0,0.0,,3.0,,225.6
2026-08-22,B,TD077,DTH,CHALCOBAMBA,600,4.5,0.0,0,0.0,0.0,,2.0,,225.6
2026-08-22,B,TD077,DTH,CHALCOBAMBA,660,5.5,0.0,0,0.0,0.0,,1.0,,225.6
2026-08-22,B,TD079,DTH,FERROBAMBA,60,19.5,0.0,0,0.0,0.0,,11.0,0.0,301.7
2026-08-22,B,TD079,DTH,FERROBAMBA,120,20.5,0.0,0,0.0,0.0,,10.0,0.0,301.7
2026-08-22,B,TD079,DTH,FERROBAMBA,180,21.5,0.0,0,0.0,0.0,,9.0,0.0,301.7
2026-08-22,B,TD079,DTH,FERROBAMBA,240,22.5,0.0,0,0.0,0.0,,8.0,0.0,301.7
2026-08-22,B,TD079,DTH,FERROBAMBA,300,23.5,0.0,0,0.0,0.0,,7.0,0.0,301.7
2026-08-22,B,TD079,DTH,FERROBAMBA,330,0.0,0.0,0,0.0,0.0,,6.5,0.0,301.7
2026-08-22,B,TD079,DTH,FERROBAMBA,360,0.5,0.0,0,0.0,0.0,,6.0,,301.7
2026-08-22,B,TD079,DTH,FERROBAMBA,420,1.5,0.0,0,0.0,0.0,,5.0,,301.7
2026-08-22,B,TD079,DTH,FERROBAMBA,480,2.5,0.0,0,0.0,0.0,,4.0,,301.7
2026-08-22,B,TD079,DTH,FERROBAMBA,540,3.5,0.0,0,0.0,0.0,,3.0,,301.7
2026-08-22,B,TD079,DTH,FERROBAMBA,600,4.5,0.0,0,0.0,0.0,,2.0,,301.7
2026-08-22,B,TD079,DTH,FERROBAMBA,660,5.5,0.0,0,0.0,0.0,,1.0,,301.7
2026-08-22,B,TD091,RTR,FERROBAMBA,60,19.5,0.0,0,0.0,0.0,,11.0,0.0,207.4
2026-08-22,B,TD091,RTR,FERROBAMBA,120,20.5,0.0,0,0.0,0.0,,10.0,0.0,207.4
2026-08-22,B,TD091,RTR,FERROBAMBA,180,21.5,0.0,0,0.0,0.0,,9.0,0.0,207.4
2026-08-22,B,TD091,RTR,FERROBAMBA,240,22.5,0.0,0,0.0,0.0,,8.0,0.0,207.4
2026-08-22,B,TD091,RTR,FERROBAMBA,300,23.5,0.0,0,0.0,0.0,,7.0,0.0,207.4
2026-08-22,B,TD091,RTR,FERROBAMBA,330,0.0,0.0,0,0.0,0.0,,6.5,0.0,207.4
2026-08-22,B,TD091,RTR,FERROBAMBA,360,0.5,0.0,0,0.0,0.0,,6.0,,207.4
2026-08-22,B,TD091,RTR,FERROBAMBA,420,1.5,0.0,0,0.0,0.0,,5.0,,207.4
2026-08-22,B,TD091,RTR,FERROBAMBA,480,2.5,0.0,0,0.0,0.0,,4.0,,207.4
2026-08-22,B,TD091,RTR,FERROBAMBA,540,3.5,0.0,0,0.0,0.0,,3.0,,207.4
2026-08-22,B,TD091,RTR,FERROBAMBA,600,4.5,0.0,0,0.0,0.0,,2.0,,207.4
2026-08-22,B,TD091,RTR,FERROBAMBA,660,5.5,0.0,0,0.0,0.0,,1.0,,207.4
2026-08-22,B,TD092,RTR,FERROBAMBA,60,19.5,0.0,0,0.0,0.0,,11.0,0.0,214.4
2026-08-22,B,TD092,RTR,FERROBAMBA,120,20.5,0.0,0,0.0,0.0,,10.0,0.0,214.4
2026-08-22,B,TD092,RTR,FERROBAMBA,180,21.5,0.0,0,0.0,0.0,,9.0,0.0,214.4
2026-08-22,B,TD092,RTR,FERROBAMBA,240,22.5,0.0,0,0.0,0.0,,8.0,0.0,214.4
2026-08-22,B,TD092,RTR,FERROBAMBA,300,23.5,0.0,0,0.0,0.0,,7.0,0.0,214.4
2026-08-22,B,TD092,RTR,FERROBAMBA,330,0.0,0.0,0,0.0,0.0,,6.5,0.0,214.4
2026-08-22,B,TD092,RTR,FERROBAMBA,360,0.5,0.0,0,0.0,0.0,,6.0,,214.4
2026-08-22,B,TD092,RTR,FERROBAMBA,420,1.5,0.0,0,0.0,0.0,,5.0,,214.4
2026-08-22,B,TD092,RTR,FERROBAMBA,480,2.5,0.0,0,0.0,0.0,,4.0,,214.4
2026-08-22,B,TD092,RTR,FERROBAMBA,540,3.5,0.0,0,0.0,0.0,,3.0,,214.4
2026-08-22,B,TD092,RTR,FERROBAMBA,600,4.5,0.0,0,0.0,0.0,,2.0,,214.4
2026-08-22,B,TD092,RTR,FERROBAMBA,660,5.5,0.0,0,0.0,0.0,,1.0,,214.4
2026-08-23,A,TD030,DTH,FERROBAMBA,60,7.5,0.0,0,0.0,0.0,,11.0,100.96,262.4
2026-08-23,A,TD030,DTH,FERROBAMBA,120,8.5,0.583,2,16.87,28.92,,10.0,100.96,262.4
2026-08-23,A,TD030,DTH,FERROBAMBA,180,9.5,1.583,3,44.98,28.41,,9.0,100.96,262.4
2026-08-23,A,TD030,DTH,FERROBAMBA,240,10.5,2.583,5,73.1,28.3,,8.0,100.96,262.4
2026-08-23,A,TD030,DTH,FERROBAMBA,300,11.5,3.417,6,98.4,28.8,,7.0,100.96,262.4
2026-08-23,A,TD030,DTH,FERROBAMBA,330,12.0,3.5,7,100.96,28.85,,6.5,100.96,262.4
2026-08-23,A,TD030,DTH,FERROBAMBA,360,12.5,4.0,8,116.17,29.04,,6.0,,262.4
2026-08-23,A,TD030,DTH,FERROBAMBA,420,13.5,5.0,9,143.85,28.77,,5.0,,262.4
2026-08-23,A,TD030,DTH,FERROBAMBA,480,14.5,6.0,11,170.4,28.4,,4.0,,262.4
2026-08-23,A,TD030,DTH,FERROBAMBA,540,15.5,7.0,12,196.8,28.11,,3.0,,262.4
2026-08-23,A,TD030,DTH,FERROBAMBA,600,16.5,8.0,14,226.87,28.36,,2.0,,262.4
2026-08-23,A,TD030,DTH,FERROBAMBA,660,17.5,8.083,14,229.6,28.4,,1.0,,262.4
2026-08-23,A,TD073,DTH,CHALCOBAMBA,60,7.5,0.0,0,0.0,0.0,,11.0,49.58,228.0
2026-08-23,A,TD073,DTH,CHALCOBAMBA,120,8.5,0.0,0,0.0,0.0,,10.0,49.58,228.0
2026-08-23,A,TD073,DTH,CHALCOBAMBA,180,9.5,0.0,0,0.0,0.0,,9.0,49.58,228.0
2026-08-23,A,TD073,DTH,CHALCOBAMBA,240,10.5,0.083,1,2.5,30.0,,8.0,49.58,228.0
2026-08-23,A,TD073,DTH,CHALCOBAMBA,300,11.5,1.083,2,32.5,30.0,,7.0,49.58,228.0
2026-08-23,A,TD073,DTH,CHALCOBAMBA,330,12.0,1.583,3,49.58,31.32,,6.5,49.58,228.0
2026-08-23,A,TD073,DTH,CHALCOBAMBA,360,12.5,2.083,4,63.44,30.45,,6.0,,228.0
2026-08-23,A,TD073,DTH,CHALCOBAMBA,420,13.5,2.5,5,74.38,29.75,,5.0,,228.0
2026-08-23,A,TD073,DTH,CHALCOBAMBA,480,14.5,3.5,6,100.62,28.75,,4.0,,228.0
2026-08-23,A,TD073,DTH,CHALCOBAMBA,540,15.5,4.333,7,122.5,28.27,,3.0,,228.0
2026-08-23,A,TD073,DTH,CHALCOBAMBA,600,16.5,5.25,9,154.67,29.46,,2.0,,228.0
2026-08-23,A,TD073,DTH,CHALCOBAMBA,660,17.5,6.25,11,192.8,30.85,,1.0,,228.0
2026-08-23,A,TD074,DTH,CHALCOBAMBA,60,7.5,0.0,0,0.0,0.0,,11.0,43.25,155.7
2026-08-23,A,TD074,DTH,CHALCOBAMBA,120,8.5,0.0,0,0.0,0.0,,10.0,43.25,155.7
2026-08-23,A,TD074,DTH,CHALCOBAMBA,180,9.5,0.0,0,0.0,0.0,,9.0,43.25,155.7
2026-08-23,A,TD074,DTH,CHALCOBAMBA,240,10.5,0.167,1,4.33,25.95,,8.0,43.25,155.7
2026-08-23,A,TD074,DTH,CHALCOBAMBA,300,11.5,1.167,2,30.27,25.95,,7.0,43.25,155.7
2026-08-23,A,TD074,DTH,CHALCOBAMBA,330,12.0,1.667,3,43.25,25.95,,6.5,43.25,155.7
2026-08-23,A,TD074,DTH,CHALCOBAMBA,360,12.5,2.167,4,55.74,25.73,,6.0,,155.7
2026-08-23,A,TD074,DTH,CHALCOBAMBA,420,13.5,3.167,5,80.01,25.27,,5.0,,155.7
2026-08-23,A,TD074,DTH,CHALCOBAMBA,480,14.5,3.75,6,98.03,26.14,,4.0,,155.7
2026-08-23,A,TD074,DTH,CHALCOBAMBA,540,15.5,4.583,8,123.02,26.84,,3.0,,155.7
2026-08-23,A,TD074,DTH,CHALCOBAMBA,600,16.5,5.583,8,134.56,24.1,,2.0,,155.7
2026-08-23,A,TD074,DTH,CHALCOBAMBA,660,17.5,6.583,9,148.29,22.52,,1.0,,155.7
2026-08-23,A,TD076,DTH,FERROBAMBA,60,7.5,0.0,0,0.0,0.0,,11.0,0.0,71.2
2026-08-23,A,TD076,DTH,FERROBAMBA,120,8.5,0.0,0,0.0,0.0,,10.0,0.0,71.2
2026-08-23,A,TD076,DTH,FERROBAMBA,180,9.5,0.0,0,0.0,0.0,,9.0,0.0,71.2
2026-08-23,A,TD076,DTH,FERROBAMBA,240,10.5,0.0,0,0.0,0.0,,8.0,0.0,71.2
2026-08-23,A,TD076,DTH,FERROBAMBA,300,11.5,0.0,0,0.0,0.0,,7.0,0.0,71.2
2026-08-23,A,TD076,DTH,FERROBAMBA,330,12.0,0.0,0,0.0,0.0,,6.5,0.0,71.2
2026-08-23,A,TD076,DTH,FERROBAMBA,360,12.5,0.0,0,0.0,0.0,,6.0,,71.2
2026-08-23,A,TD076,DTH,FERROBAMBA,420,13.5,0.417,1,7.42,17.8,,5.0,,71.2
2026-08-23,A,TD076,DTH,FERROBAMBA,480,14.5,1.0,1,17.8,17.8,,4.0,,71.2
2026-08-23,A,TD076,DTH,FERROBAMBA,540,15.5,1.917,2,35.6,18.57,,3.0,,71.2
2026-08-23,A,TD076,DTH,FERROBAMBA,600,16.5,2.917,4,61.03,20.92,,2.0,,71.2
2026-08-23,A,TD076,DTH,FERROBAMBA,660,17.5,3.25,4,71.2,21.91,,1.0,,71.2
2026-08-23,A,TD077,DTH,CHALCOBAMBA,60,7.5,0.0,0,0.0,0.0,,11.0,89.25,300.0
2026-08-23,A,TD077,DTH,CHALCOBAMBA,120,8.5,0.0,0,0.0,0.0,,10.0,89.25,300.0
2026-08-23,A,TD077,DTH,CHALCOBAMBA,180,9.5,0.0,0,0.0,0.0,,9.0,89.25,300.0
2026-08-23,A,TD077,DTH,CHALCOBAMBA,240,10.5,0.25,1,12.75,51.0,,8.0,89.25,300.0
2026-08-23,A,TD077,DTH,CHALCOBAMBA,300,11.5,1.25,4,63.75,51.0,,7.0,89.25,300.0
2026-08-23,A,TD077,DTH,CHALCOBAMBA,330,12.0,1.75,6,89.25,51.0,,6.5,89.25,300.0
2026-08-23,A,TD077,DTH,CHALCOBAMBA,360,12.5,2.25,7,115.5,51.33,,6.0,,300.0
2026-08-23,A,TD077,DTH,CHALCOBAMBA,420,13.5,2.75,8,138.0,50.18,,5.0,,300.0
2026-08-23,A,TD077,DTH,CHALCOBAMBA,480,14.5,3.75,10,174.0,46.4,,4.0,,300.0
2026-08-23,A,TD077,DTH,CHALCOBAMBA,540,15.5,4.583,12,210.0,45.82,,3.0,,300.0
2026-08-23,A,TD077,DTH,CHALCOBAMBA,600,16.5,5.25,13,228.0,43.43,,2.0,,300.0
2026-08-23,A,TD077,DTH,CHALCOBAMBA,660,17.5,6.25,15,264.0,42.24,,1.0,,300.0
2026-08-23,A,TD079,DTH,FERROBAMBA,60,7.5,0.0,0,0.0,0.0,,11.0,14.5,161.5
2026-08-23,A,TD079,DTH,FERROBAMBA,120,8.5,0.0,0,0.0,0.0,,10.0,14.5,161.5
2026-08-23,A,TD079,DTH,FERROBAMBA,180,9.5,0.0,0,0.0,0.0,,9.0,14.5,161.5
2026-08-23,A,TD079,DTH,FERROBAMBA,240,10.5,0.0,0,0.0,0.0,,8.0,14.5,161.5
2026-08-23,A,TD079,DTH,FERROBAMBA,300,11.5,0.0,0,0.0,0.0,,7.0,14.5,161.5
2026-08-23,A,TD079,DTH,FERROBAMBA,330,12.0,0.417,3,14.5,34.8,,6.5,14.5,161.5
2026-08-23,A,TD079,DTH,FERROBAMBA,360,12.5,0.917,6,31.5,34.36,,6.0,,161.5
2026-08-23,A,TD079,DTH,FERROBAMBA,420,13.5,1.917,10,55.5,28.96,,5.0,,161.5
2026-08-23,A,TD079,DTH,FERROBAMBA,480,14.5,2.917,14,79.5,27.26,,4.0,,161.5
2026-08-23,A,TD079,DTH,FERROBAMBA,540,15.5,3.917,18,103.0,26.3,,3.0,,161.5
2026-08-23,A,TD079,DTH,FERROBAMBA,600,16.5,4.917,22,125.0,25.42,,2.0,,161.5
2026-08-23,A,TD079,DTH,FERROBAMBA,660,17.5,5.917,26,146.0,24.68,,1.0,,161.5
2026-08-23,A,TD080,DTH,FERROBAMBA,60,7.5,0.0,0,0.0,0.0,,11.0,40.0,75.0
2026-08-23,A,TD080,DTH,FERROBAMBA,120,8.5,0.0,0,0.0,0.0,,10.0,40.0,75.0
2026-08-23,A,TD080,DTH,FERROBAMBA,180,9.5,0.0,0,0.0,0.0,,9.0,40.0,75.0
2026-08-23,A,TD080,DTH,FERROBAMBA,240,10.5,0.0,0,0.0,0.0,,8.0,40.0,75.0
2026-08-23,A,TD080,DTH,FERROBAMBA,300,11.5,0.833,2,25.0,30.0,,7.0,40.0,75.0
2026-08-23,A,TD080,DTH,FERROBAMBA,330,12.0,1.333,3,40.0,30.0,,6.5,40.0,75.0
2026-08-23,A,TD080,DTH,FERROBAMBA,360,12.5,1.833,4,55.0,30.0,,6.0,,75.0
2026-08-23,A,TD080,DTH,FERROBAMBA,420,13.5,2.5,5,75.0,30.0,,5.0,,75.0
2026-08-23,A,TD080,DTH,FERROBAMBA,480,14.5,2.5,5,75.0,30.0,,4.0,,75.0
2026-08-23,A,TD080,DTH,FERROBAMBA,540,15.5,2.5,5,75.0,30.0,,3.0,,75.0
2026-08-23,A,TD080,DTH,FERROBAMBA,600,16.5,2.5,5,75.0,30.0,,2.0,,75.0
2026-08-23,A,TD080,DTH,FERROBAMBA,660,17.5,2.5,5,75.0,30.0,,1.0,,75.0
2026-08-23,A,TD091,RTR,FERROBAMBA,60,7.5,0.0,0,0.0,0.0,,11.0,29.21,163.3
2026-08-23,A,TD091,RTR,FERROBAMBA,120,8.5,0.0,0,0.0,0.0,,10.0,29.21,163.3
2026-08-23,A,TD091,RTR,FERROBAMBA,180,9.5,0.0,0,0.0,0.0,,9.0,29.21,163.3
2026-08-23,A,TD091,RTR,FERROBAMBA,240,10.5,0.083,1,1.57,18.89,,8.0,29.21,163.3
2026-08-23,A,TD091,RTR,FERROBAMBA,300,11.5,1.0,2,19.04,19.04,,7.0,29.21,163.3
2026-08-23,A,TD091,RTR,FERROBAMBA,330,12.0,1.5,2,29.21,19.47,,6.5,29.21,163.3
2026-08-23,A,TD091,RTR,FERROBAMBA,360,12.5,1.75,2,34.3,19.6,,6.0,,163.3
2026-08-23,A,TD091,RTR,FERROBAMBA,420,13.5,2.533,4,52.76,20.82,,5.0,,163.3
2026-08-23,A,TD091,RTR,FERROBAMBA,480,14.5,3.45,5,74.3,21.54,,4.0,,163.3
2026-08-23,A,TD091,RTR,FERROBAMBA,540,15.5,4.367,6,96.19,22.03,,3.0,,163.3
2026-08-23,A,TD091,RTR,FERROBAMBA,600,16.5,5.2,8,116.49,22.4,,2.0,,163.3
2026-08-23,A,TD091,RTR,FERROBAMBA,660,17.5,6.117,9,139.91,22.87,,1.0,,163.3
2026-08-23,A,TD092,RTR,FERROBAMBA,60,7.5,0.0,0,0.0,0.0,,11.0,15.5,184.4
2026-08-23,A,TD092,RTR,FERROBAMBA,120,8.5,0.0,0,0.0,0.0,,10.0,15.5,184.4
2026-08-23,A,TD092,RTR,FERROBAMBA,180,9.5,0.0,0,0.0,0.0,,9.0,15.5,184.4
2026-08-23,A,TD092,RTR,FERROBAMBA,240,10.5,0.0,0,0.0,0.0,,8.0,15.5,184.4
2026-08-23,A,TD092,RTR,FERROBAMBA,300,11.5,0.0,0,0.0,0.0,,7.0,15.5,184.4
2026-08-23,A,TD092,RTR,FERROBAMBA,330,12.0,0.5,1,15.5,31.0,,6.5,15.5,184.4
2026-08-23,A,TD092,RTR,FERROBAMBA,360,12.5,0.8,2,23.47,29.34,,6.0,,184.4
2026-08-23,A,TD092,RTR,FERROBAMBA,420,13.5,1.767,4,48.72,27.58,,5.0,,184.4
2026-08-23,A,TD092,RTR,FERROBAMBA,480,14.5,2.733,5,73.94,27.05,,4.0,,184.4
2026-08-23,A,TD092,RTR,FERROBAMBA,540,15.5,3.7,7,101.65,27.47,,3.0,,184.4
2026-08-23,A,TD092,RTR,FERROBAMBA,600,16.5,4.667,9,129.88,27.83,,2.0,,184.4
2026-08-23,A,TD092,RTR,FERROBAMBA,660,17.5,5.667,11,160.79,28.37,,1.0,,184.4
2026-08-23,B,TD030,DTH,FERROBAMBA,60,19.5,0.0,0,0.0,0.0,,11.0,0.0,272.6
2026-08-23,B,TD030,DTH,FERROBAMBA,120,20.5,0.0,0,0.0,0.0,,10.0,0.0,272.6
2026-08-23,B,TD030,DTH,FERROBAMBA,180,21.5,0.0,0,0.0,0.0,,9.0,0.0,272.6
2026-08-23,B,TD030,DTH,FERROBAMBA,240,22.5,0.0,0,0.0,0.0,,8.0,0.0,272.6
2026-08-23,B,TD030,DTH,FERROBAMBA,300,23.5,0.0,0,0.0,0.0,,7.0,0.0,272.6
2026-08-23,B,TD030,DTH,FERROBAMBA,330,0.0,0.0,0,0.0,0.0,,6.5,0.0,272.6
2026-08-23,B,TD030,DTH,FERROBAMBA,360,0.5,0.0,0,0.0,0.0,,6.0,,272.6
2026-08-23,B,TD030,DTH,FERROBAMBA,420,1.5,0.0,0,0.0,0.0,,5.0,,272.6
2026-08-23,B,TD030,DTH,FERROBAMBA,480,2.5,0.0,0,0.0,0.0,,4.0,,272.6
2026-08-23,B,TD030,DTH,FERROBAMBA,540,3.5,0.0,0,0.0,0.0,,3.0,,272.6
2026-08-23,B,TD030,DTH,FERROBAMBA,600,4.5,0.0,0,0.0,0.0,,2.0,,272.6
2026-08-23,B,TD030,DTH,FERROBAMBA,660,5.5,0.0,0,0.0,0.0,,1.0,,272.6
2026-08-23,B,TD074,DTH,CHALCOBAMBA,60,19.5,0.0,0,0.0,0.0,,11.0,0.0,338.0
2026-08-23,B,TD074,DTH,CHALCOBAMBA,120,20.5,0.0,0,0.0,0.0,,10.0,0.0,338.0
2026-08-23,B,TD074,DTH,CHALCOBAMBA,180,21.5,0.0,0,0.0,0.0,,9.0,0.0,338.0
2026-08-23,B,TD074,DTH,CHALCOBAMBA,240,22.5,0.0,0,0.0,0.0,,8.0,0.0,338.0
2026-08-23,B,TD074,DTH,CHALCOBAMBA,300,23.5,0.0,0,0.0,0.0,,7.0,0.0,338.0
2026-08-23,B,TD074,DTH,CHALCOBAMBA,330,0.0,0.0,0,0.0,0.0,,6.5,0.0,338.0
2026-08-23,B,TD074,DTH,CHALCOBAMBA,360,0.5,0.0,0,0.0,0.0,,6.0,,338.0
2026-08-23,B,TD074,DTH,CHALCOBAMBA,420,1.5,0.0,0,0.0,0.0,,5.0,,338.0
2026-08-23,B,TD074,DTH,CHALCOBAMBA,480,2.5,0.0,0,0.0,0.0,,4.0,,338.0
2026-08-23,B,TD074,DTH,CHALCOBAMBA,540,3.5,0.0,0,0.0,0.0,,3.0,,338.0
2026-08-23,B,TD074,DTH,CHALCOBAMBA,600,4.5,0.0,0,0.0,0.0,,2.0,,338.0
2026-08-23,B,TD074,DTH,CHALCOBAMBA,660,5.5,0.0,0,0.0,0.0,,1.0,,338.0
2026-08-23,B,TD076,DTH,FERROBAMBA,60,19.5,0.0,0,0.0,0.0,,11.0,0.0,280.0
2026-08-23,B,TD076,DTH,FERROBAMBA,120,20.5,0.0,0,0.0,0.0,,10.0,0.0,280.0
2026-08-23,B,TD076,DTH,FERROBAMBA,180,21.5,0.0,0,0.0,0.0,,9.0,0.0,280.0
2026-08-23,B,TD076,DTH,FERROBAMBA,240,22.5,0.0,0,0.0,0.0,,8.0,0.0,280.0
2026-08-23,B,TD076,DTH,FERROBAMBA,300,23.5,0.0,0,0.0,0.0,,7.0,0.0,280.0
2026-08-23,B,TD076,DTH,FERROBAMBA,330,0.0,0.0,0,0.0,0.0,,6.5,0.0,280.0
2026-08-23,B,TD076,DTH,FERROBAMBA,360,0.5,0.0,0,0.0,0.0,,6.0,,280.0
2026-08-23,B,TD076,DTH,FERROBAMBA,420,1.5,0.0,0,0.0,0.0,,5.0,,280.0
2026-08-23,B,TD076,DTH,FERROBAMBA,480,2.5,0.0,0,0.0,0.0,,4.0,,280.0
2026-08-23,B,TD076,DTH,FERROBAMBA,540,3.5,0.0,0,0.0,0.0,,3.0,,280.0
2026-08-23,B,TD076,DTH,FERROBAMBA,600,4.5,0.0,0,0.0,0.0,,2.0,,280.0
2026-08-23,B,TD076,DTH,FERROBAMBA,660,5.5,0.0,0,0.0,0.0,,1.0,,280.0
2026-08-23,B,TD077,DTH,CHALCOBAMBA,60,19.5,0.0,0,0.0,0.0,,11.0,0.0,126.0
2026-08-23,B,TD077,DTH,CHALCOBAMBA,120,20.5,0.0,0,0.0,0.0,,10.0,0.0,126.0
2026-08-23,B,TD077,DTH,CHALCOBAMBA,180,21.5,0.0,0,0.0,0.0,,9.0,0.0,126.0
2026-08-23,B,TD077,DTH,CHALCOBAMBA,240,22.5,0.0,0,0.0,0.0,,8.0,0.0,126.0
2026-08-23,B,TD077,DTH,CHALCOBAMBA,300,23.5,0.0,0,0.0,0.0,,7.0,0.0,126.0
2026-08-23,B,TD077,DTH,CHALCOBAMBA,330,0.0,0.0,0,0.0,0.0,,6.5,0.0,126.0
2026-08-23,B,TD077,DTH,CHALCOBAMBA,360,0.5,0.0,0,0.0,0.0,,6.0,,126.0
2026-08-23,B,TD077,DTH,CHALCOBAMBA,420,1.5,0.0,0,0.0,0.0,,5.0,,126.0
2026-08-23,B,TD077,DTH,CHALCOBAMBA,480,2.5,0.0,0,0.0,0.0,,4.0,,126.0
2026-08-23,B,TD077,DTH,CHALCOBAMBA,540,3.5,0.0,0,0.0,0.0,,3.0,,126.0
2026-08-23,B,TD077,DTH,CHALCOBAMBA,600,4.5,0.0,0,0.0,0.0,,2.0,,126.0
2026-08-23,B,TD077,DTH,CHALCOBAMBA,660,5.5,0.0,0,0.0,0.0,,1.0,,126.0
2026-08-23,B,TD079,DTH,FERROBAMBA,60,19.5,0.0,0,0.0,0.0,,11.0,0.0,151.8
2026-08-23,B,TD079,DTH,FERROBAMBA,120,20.5,0.0,0,0.0,0.0,,10.0,0.0,151.8
2026-08-23,B,TD079,DTH,FERROBAMBA,180,21.5,0.0,0,0.0,0.0,,9.0,0.0,151.8
2026-08-23,B,TD079,DTH,FERROBAMBA,240,22.5,0.0,0,0.0,0.0,,8.0,0.0,151.8
2026-08-23,B,TD079,DTH,FERROBAMBA,300,23.5,0.0,0,0.0,0.0,,7.0,0.0,151.8
2026-08-23,B,TD079,DTH,FERROBAMBA,330,0.0,0.0,0,0.0,0.0,,6.5,0.0,151.8
2026-08-23,B,TD079,DTH,FERROBAMBA,360,0.5,0.0,0,0.0,0.0,,6.0,,151.8
2026-08-23,B,TD079,DTH,FERROBAMBA,420,1.5,0.0,0,0.0,0.0,,5.0,,151.8
2026-08-23,B,TD079,DTH,FERROBAMBA,480,2.5,0.0,0,0.0,0.0,,4.0,,151.8
2026-08-23,B,TD079,DTH,FERROBAMBA,540,3.5,0.0,0,0.0,0.0,,3.0,,151.8
2026-08-23,B,TD079,DTH,FERROBAMBA,600,4.5,0.0,0,0.0,0.0,,2.0,,151.8
2026-08-23,B,TD079,DTH,FERROBAMBA,660,5.5,0.0,0,0.0,0.0,,1.0,,151.8
2026-08-23,B,TD081,DTH,FERROBAMBA,60,19.5,0.0,0,0.0,0.0,,11.0,0.0,204.2
2026-08-23,B,TD081,DTH,FERROBAMBA,120,20.5,0.0,0,0.0,0.0,,10.0,0.0,204.2
2026-08-23,B,TD081,DTH,FERROBAMBA,180,21.5,0.0,0,0.0,0.0,,9.0,0.0,204.2
2026-08-23,B,TD081,DTH,FERROBAMBA,240,22.5,0.0,0,0.0,0.0,,8.0,0.0,204.2
2026-08-23,B,TD081,DTH,FERROBAMBA,300,23.5,0.0,0,0.0,0.0,,7.0,0.0,204.2
2026-08-23,B,TD081,DTH,FERROBAMBA,330,0.0,0.0,0,0.0,0.0,,6.5,0.0,204.2
2026-08-23,B,TD081,DTH,FERROBAMBA,360,0.5,0.0,0,0.0,0.0,,6.0,,204.2
2026-08-23,B,TD081,DTH,FERROBAMBA,420,1.5,0.0,0,0.0,0.0,,5.0,,204.2
2026-08-23,B,TD081,DTH,FERROBAMBA,480,2.5,0.0,0,0.0,0.0,,4.0,,204.2
2026-08-23,B,TD081,DTH,FERROBAMBA,540,3.5,0.0,0,0.0,0.0,,3.0,,204.2
2026-08-23,B,TD081,DTH,FERROBAMBA,600,4.5,0.0,0,0.0,0.0,,2.0,,204.2
2026-08-23,B,TD081,DTH,FERROBAMBA,660,5.5,0.0,0,0.0,0.0,,1.0,,204.2
2026-08-23,B,TD091,RTR,FERROBAMBA,60,19.5,0.0,0,0.0,0.0,,11.0,0.0,223.5
2026-08-23,B,TD091,RTR,FERROBAMBA,120,20.5,0.0,0,0.0,0.0,,10.0,0.0,223.5
2026-08-23,B,TD091,RTR,FERROBAMBA,180,21.5,0.0,0,0.0,0.0,,9.0,0.0,223.5
2026-08-23,B,TD091,RTR,FERROBAMBA,240,22.5,0.0,0,0.0,0.0,,8.0,0.0,223.5
2026-08-23,B,TD091,RTR,FERROBAMBA,300,23.5,0.0,0,0.0,0.0,,7.0,0.0,223.5
2026-08-23,B,TD091,RTR,FERROBAMBA,330,0.0,0.0,0,0.0,0.0,,6.5,0.0,223.5
2026-08-23,B,TD091,RTR,FERROBAMBA,360,0.5,0.0,0,0.0,0.0,,6.0,,223.5
2026-08-23,B,TD091,RTR,FERROBAMBA,420,1.5,0.0,0,0.0,0.0,,5.0,,223.5
2026-08-23,B,TD091,RTR,FERROBAMBA,480,2.5,0.0,0,0.0,0.0,,4.0,,223.5
2026-08-23,B,TD091,RTR,FERROBAMBA,540,3.5,0.0,0,0.0,0.0,,3.0,,223.5
2026-08-23,B,TD091,RTR,FERROBAMBA,600,4.5,0.0,0,0.0,0.0,,2.0,,223.5
2026-08-23,B,TD091,RTR,FERROBAMBA,660,5.5,0.0,0,0.0,0.0,,1.0,,223.5
2026-08-23,B,TD092,RTR,FERROBAMBA,60,19.5,0.0,0,0.0,0.0,,11.0,0.0,286.1
2026-08-23,B,TD092,RTR,FERROBAMBA,120,20.5,0.0,0,0.0,0.0,,10.0,0.0,286.1
2026-08-23,B,TD092,RTR,FERROBAMBA,180,21.5,0.0,0,0.0,0.0,,9.0,0.0,286.1
2026-08-23,B,TD092,RTR,FERROBAMBA,240,22.5,0.0,0,0.0,0.0,,8.0,0.0,286.1
2026-08-23,B,TD092,RTR,FERROBAMBA,300,23.5,0.0,0,0.0,0.0,,7.0,0.0,286.1
2026-08-23,B,TD092,RTR,FERROBAMBA,330,0.0,0.0,0,0.0,0.0,,6.5,0.0,286.1
2026-08-23,B,TD092,RTR,FERROBAMBA,360,0.5,0.0,0,0.0,0.0,,6.0,,286.1
2026-08-23,B,TD092,RTR,FERROBAMBA,420,1.5,0.0,0,0.0,0.0,,5.0,,286.1
2026-08-23,B,TD092,RTR,FERROBAMBA,480,2.5,0.0,0,0.0,0.0,,4.0,,286.1
2026-08-23,B,TD092,RTR,FERROBAMBA,540,3.5,0.0,0,0.0,0.0,,3.0,,286.1
2026-08-23,B,TD092,RTR,FERROBAMBA,600,4.5,0.0,0,0.0,0.0,,2.0,,286.1
2026-08-23,B,TD092,RTR,FERROBAMBA,660,5.5,0.0,0,0.0,0.0,,1.0,,286.1
2026-08-24,A,TD073,DTH,FERROBAMBA,60,7.5,0.0,0,0.0,0.0,,11.0,0.0,32.8
2026-08-24,A,TD073,DTH,FERROBAMBA,120,8.5,0.0,0,0.0,0.0,,10.0,0.0,32.8
2026-08-24,A,TD073,DTH,FERROBAMBA,180,9.5,0.0,0,0.0,0.0,,9.0,0.0,32.8
2026-08-24,A,TD073,DTH,FERROBAMBA,240,10.5,0.0,0,0.0,0.0,,8.0,0.0,32.8
2026-08-24,A,TD073,DTH,FERROBAMBA,300,11.5,0.0,0,0.0,0.0,,7.0,0.0,32.8
2026-08-24,A,TD073,DTH,FERROBAMBA,330,12.0,0.0,0,0.0,0.0,,6.5,0.0,32.8
2026-08-24,A,TD073,DTH,FERROBAMBA,360,12.5,0.0,0,0.0,0.0,,6.0,,32.8
2026-08-24,A,TD073,DTH,FERROBAMBA,420,13.5,0.0,0,0.0,0.0,,5.0,,32.8
2026-08-24,A,TD073,DTH,FERROBAMBA,480,14.5,0.0,0,0.0,0.0,,4.0,,32.8
2026-08-24,A,TD073,DTH,FERROBAMBA,540,15.5,0.0,0,0.0,0.0,,3.0,,32.8
2026-08-24,A,TD073,DTH,FERROBAMBA,600,16.5,0.0,0,0.0,0.0,,2.0,,32.8
2026-08-24,A,TD073,DTH,FERROBAMBA,660,17.5,0.0,0,0.0,0.0,,1.0,,32.8
2026-08-24,A,TD074,DTH,CHALCOBAMBA,60,7.5,0.0,0,0.0,0.0,,11.0,123.33,166.5
2026-08-24,A,TD074,DTH,CHALCOBAMBA,120,8.5,0.167,1,7.4,44.4,,10.0,123.33,166.5
2026-08-24,A,TD074,DTH,CHALCOBAMBA,180,9.5,1.167,3,55.5,47.57,,9.0,123.33,166.5
2026-08-24,A,TD074,DTH,CHALCOBAMBA,240,10.5,1.833,5,92.5,50.45,,8.0,123.33,166.5
2026-08-24,A,TD074,DTH,CHALCOBAMBA,300,11.5,2.25,6,106.52,47.34,,7.0,123.33,166.5
2026-08-24,A,TD074,DTH,CHALCOBAMBA,330,12.0,2.75,7,123.33,44.85,,6.5,123.33,166.5
2026-08-24,A,TD074,DTH,CHALCOBAMBA,360,12.5,3.25,8,139.84,43.03,,6.0,,166.5
2026-08-24,A,TD074,DTH,CHALCOBAMBA,420,13.5,4.083,9,166.5,40.78,,5.0,,166.5
2026-08-24,A,TD074,DTH,CHALCOBAMBA,480,14.5,4.083,9,166.5,40.78,,4.0,,166.5
2026-08-24,A,TD074,DTH,CHALCOBAMBA,540,15.5,4.083,9,166.5,40.78,,3.0,,166.5
2026-08-24,A,TD074,DTH,CHALCOBAMBA,600,16.5,4.083,9,166.5,40.78,,2.0,,166.5
2026-08-24,A,TD074,DTH,CHALCOBAMBA,660,17.5,4.083,9,166.5,40.78,,1.0,,166.5
2026-08-24,A,TD076,DTH,FERROBAMBA,60,7.5,1.0,1,17.8,17.8,,11.0,89.0,284.8
2026-08-24,A,TD076,DTH,FERROBAMBA,120,8.5,1.0,1,17.8,17.8,,10.0,89.0,284.8
2026-08-24,A,TD076,DTH,FERROBAMBA,180,9.5,1.833,2,35.6,19.42,,9.0,89.0,284.8
2026-08-24,A,TD076,DTH,FERROBAMBA,240,10.5,2.833,4,56.96,20.1,,8.0,89.0,284.8
2026-08-24,A,TD076,DTH,FERROBAMBA,300,11.5,3.833,5,78.32,20.43,,7.0,89.0,284.8
2026-08-24,A,TD076,DTH,FERROBAMBA,330,12.0,4.333,5,89.0,20.54,,6.5,89.0,284.8
2026-08-24,A,TD076,DTH,FERROBAMBA,360,12.5,4.833,6,102.35,21.18,,6.0,,284.8
2026-08-24,A,TD076,DTH,FERROBAMBA,420,13.5,5.833,7,124.6,21.36,,5.0,,284.8
2026-08-24,A,TD076,DTH,FERROBAMBA,480,14.5,6.833,9,146.85,21.49,,4.0,,284.8
2026-08-24,A,TD076,DTH,FERROBAMBA,540,15.5,7.833,10,178.0,22.72,,3.0,,284.8
2026-08-24,A,TD076,DTH,FERROBAMBA,600,16.5,8.833,12,213.6,24.18,,2.0,,284.8
2026-08-24,A,TD076,DTH,FERROBAMBA,660,17.5,9.833,14,249.2,25.34,,1.0,,284.8
2026-08-24,A,TD079,DTH,FERROBAMBA,60,7.5,0.0,0,0.0,0.0,,11.0,51.8,251.8
2026-08-24,A,TD079,DTH,FERROBAMBA,120,8.5,0.0,0,0.0,0.0,,10.0,51.8,251.8
2026-08-24,A,TD079,DTH,FERROBAMBA,180,9.5,0.0,0,0.0,0.0,,9.0,51.8,251.8
2026-08-24,A,TD079,DTH,FERROBAMBA,240,10.5,0.417,2,20.88,50.11,,8.0,51.8,251.8
2026-08-24,A,TD079,DTH,FERROBAMBA,300,11.5,1.167,4,51.8,44.4,,7.0,51.8,251.8
2026-08-24,A,TD079,DTH,FERROBAMBA,330,12.0,1.167,4,51.8,44.4,,6.5,51.8,251.8
2026-08-24,A,TD079,DTH,FERROBAMBA,360,12.5,1.167,4,51.8,44.4,,6.0,,251.8
2026-08-24,A,TD079,DTH,FERROBAMBA,420,13.5,1.417,6,63.47,44.8,,5.0,,251.8
2026-08-24,A,TD079,DTH,FERROBAMBA,480,14.5,2.417,11,115.36,47.73,,4.0,,251.8
2026-08-24,A,TD079,DTH,FERROBAMBA,540,15.5,3.417,17,165.3,48.38,,3.0,,251.8
2026-08-24,A,TD079,DTH,FERROBAMBA,600,16.5,3.917,22,192.8,49.23,,2.0,,251.8
2026-08-24,A,TD079,DTH,FERROBAMBA,660,17.5,4.333,25,212.8,49.11,,1.0,,251.8
2026-08-24,A,TD081,DTH,FERROBAMBA,60,7.5,1.0,2,29.5,29.5,,11.0,124.5,328.5
2026-08-24,A,TD081,DTH,FERROBAMBA,120,8.5,1.167,2,35.4,30.34,,10.0,124.5,328.5
2026-08-24,A,TD081,DTH,FERROBAMBA,180,9.5,1.833,4,58.24,31.77,,9.0,124.5,328.5
2026-08-24,A,TD081,DTH,FERROBAMBA,240,10.5,2.833,6,92.56,32.67,,8.0,124.5,328.5
2026-08-24,A,TD081,DTH,FERROBAMBA,300,11.5,3.75,7,124.5,33.2,,7.0,124.5,328.5
2026-08-24,A,TD081,DTH,FERROBAMBA,330,12.0,3.75,7,124.5,33.2,,6.5,124.5,328.5
2026-08-24,A,TD081,DTH,FERROBAMBA,360,12.5,3.75,7,124.5,33.2,,6.0,,328.5
2026-08-24,A,TD081,DTH,FERROBAMBA,420,13.5,3.75,7,124.5,33.2,,5.0,,328.5
2026-08-24,A,TD081,DTH,FERROBAMBA,480,14.5,4.75,10,170.21,35.83,,4.0,,328.5
2026-08-24,A,TD081,DTH,FERROBAMBA,540,15.5,5.75,13,215.93,37.55,,3.0,,328.5
2026-08-24,A,TD081,DTH,FERROBAMBA,600,16.5,6.75,16,256.5,38.0,,2.0,,328.5
2026-08-24,A,TD081,DTH,FERROBAMBA,660,17.5,7.75,19,296.5,38.26,,1.0,,328.5
2026-08-24,A,TD091,RTR,FERROBAMBA,60,7.5,0.833,1,16.0,19.2,,11.0,103.74,232.3
2026-08-24,A,TD091,RTR,FERROBAMBA,120,8.5,1.583,2,32.0,20.21,,10.0,103.74,232.3
2026-08-24,A,TD091,RTR,FERROBAMBA,180,9.5,2.083,3,43.78,21.01,,9.0,103.74,232.3
2026-08-24,A,TD091,RTR,FERROBAMBA,240,10.5,2.917,5,66.43,22.78,,8.0,103.74,232.3
2026-08-24,A,TD091,RTR,FERROBAMBA,300,11.5,3.817,6,92.2,24.16,,7.0,103.74,232.3
2026-08-24,A,TD091,RTR,FERROBAMBA,330,12.0,4.267,7,103.74,24.31,,6.5,103.74,232.3
2026-08-24,A,TD091,RTR,FERROBAMBA,360,12.5,4.7,8,114.3,24.32,,6.0,,232.3
2026-08-24,A,TD091,RTR,FERROBAMBA,420,13.5,5.467,9,137.5,25.15,,5.0,,232.3
2026-08-24,A,TD091,RTR,FERROBAMBA,480,14.5,6.133,10,154.7,25.22,,4.0,,232.3
2026-08-24,A,TD091,RTR,FERROBAMBA,540,15.5,6.967,12,172.38,24.74,,3.0,,232.3
2026-08-24,A,TD091,RTR,FERROBAMBA,600,16.5,7.883,13,191.51,24.29,,2.0,,232.3
2026-08-24,A,TD091,RTR,FERROBAMBA,660,17.5,8.8,14,210.21,23.89,,1.0,,232.3
2026-08-24,A,TD092,RTR,FERROBAMBA,60,7.5,0.583,1,16.0,27.43,,11.0,98.3,132.1
2026-08-24,A,TD092,RTR,FERROBAMBA,120,8.5,0.583,1,16.0,27.43,,10.0,98.3,132.1
2026-08-24,A,TD092,RTR,FERROBAMBA,180,9.5,1.333,3,35.64,26.73,,9.0,98.3,132.1
2026-08-24,A,TD092,RTR,FERROBAMBA,240,10.5,2.333,4,60.92,26.11,,8.0,98.3,132.1
2026-08-24,A,TD092,RTR,FERROBAMBA,300,11.5,3.133,6,88.05,28.1,,7.0,98.3,132.1
2026-08-24,A,TD092,RTR,FERROBAMBA,330,12.0,3.383,6,98.3,29.05,,6.5,98.3,132.1
2026-08-24,A,TD092,RTR,FERROBAMBA,360,12.5,3.383,6,98.3,29.05,,6.0,,132.1
2026-08-24,A,TD092,RTR,FERROBAMBA,420,13.5,3.383,6,98.3,29.05,,5.0,,132.1
2026-08-24,A,TD092,RTR,FERROBAMBA,480,14.5,3.383,6,98.3,29.05,,4.0,,132.1
2026-08-24,A,TD092,RTR,FERROBAMBA,540,15.5,3.383,6,98.3,29.05,,3.0,,132.1
2026-08-24,A,TD092,RTR,FERROBAMBA,600,16.5,4.05,8,119.53,29.51,,2.0,,132.1
2026-08-24,A,TD092,RTR,FERROBAMBA,660,17.5,4.467,8,132.1,29.57,,1.0,,132.1
2026-08-24,B,TD073,DTH,FERROBAMBA,60,19.5,0.0,0,0.0,0.0,,11.0,0.0,228.2
2026-08-24,B,TD073,DTH,FERROBAMBA,120,20.5,0.0,0,0.0,0.0,,10.0,0.0,228.2
2026-08-24,B,TD073,DTH,FERROBAMBA,180,21.5,0.0,0,0.0,0.0,,9.0,0.0,228.2
2026-08-24,B,TD073,DTH,FERROBAMBA,240,22.5,0.0,0,0.0,0.0,,8.0,0.0,228.2
2026-08-24,B,TD073,DTH,FERROBAMBA,300,23.5,0.0,0,0.0,0.0,,7.0,0.0,228.2
2026-08-24,B,TD073,DTH,FERROBAMBA,330,0.0,0.0,0,0.0,0.0,,6.5,0.0,228.2
2026-08-24,B,TD073,DTH,FERROBAMBA,360,0.5,0.0,0,0.0,0.0,,6.0,,228.2
2026-08-24,B,TD073,DTH,FERROBAMBA,420,1.5,0.0,0,0.0,0.0,,5.0,,228.2
2026-08-24,B,TD073,DTH,FERROBAMBA,480,2.5,0.0,0,0.0,0.0,,4.0,,228.2
2026-08-24,B,TD073,DTH,FERROBAMBA,540,3.5,0.0,0,0.0,0.0,,3.0,,228.2
2026-08-24,B,TD073,DTH,FERROBAMBA,600,4.5,0.0,0,0.0,0.0,,2.0,,228.2
2026-08-24,B,TD073,DTH,FERROBAMBA,660,5.5,0.0,0,0.0,0.0,,1.0,,228.2
2026-08-24,B,TD076,DTH,FERROBAMBA,60,19.5,0.0,0,0.0,0.0,,11.0,0.0,258.8
2026-08-24,B,TD076,DTH,FERROBAMBA,120,20.5,0.0,0,0.0,0.0,,10.0,0.0,258.8
2026-08-24,B,TD076,DTH,FERROBAMBA,180,21.5,0.0,0,0.0,0.0,,9.0,0.0,258.8
2026-08-24,B,TD076,DTH,FERROBAMBA,240,22.5,0.0,0,0.0,0.0,,8.0,0.0,258.8
2026-08-24,B,TD076,DTH,FERROBAMBA,300,23.5,0.0,0,0.0,0.0,,7.0,0.0,258.8
2026-08-24,B,TD076,DTH,FERROBAMBA,330,0.0,0.0,0,0.0,0.0,,6.5,0.0,258.8
2026-08-24,B,TD076,DTH,FERROBAMBA,360,0.5,0.0,0,0.0,0.0,,6.0,,258.8
2026-08-24,B,TD076,DTH,FERROBAMBA,420,1.5,0.0,0,0.0,0.0,,5.0,,258.8
2026-08-24,B,TD076,DTH,FERROBAMBA,480,2.5,0.0,0,0.0,0.0,,4.0,,258.8
2026-08-24,B,TD076,DTH,FERROBAMBA,540,3.5,0.0,0,0.0,0.0,,3.0,,258.8
2026-08-24,B,TD076,DTH,FERROBAMBA,600,4.5,0.0,0,0.0,0.0,,2.0,,258.8
2026-08-24,B,TD076,DTH,FERROBAMBA,660,5.5,0.0,0,0.0,0.0,,1.0,,258.8
2026-08-24,B,TD077,DTH,CHALCOBAMBA,60,19.5,0.0,0,0.0,0.0,,11.0,0.0,112.5
2026-08-24,B,TD077,DTH,CHALCOBAMBA,120,20.5,0.0,0,0.0,0.0,,10.0,0.0,112.5
2026-08-24,B,TD077,DTH,CHALCOBAMBA,180,21.5,0.0,0,0.0,0.0,,9.0,0.0,112.5
2026-08-24,B,TD077,DTH,CHALCOBAMBA,240,22.5,0.0,0,0.0,0.0,,8.0,0.0,112.5
2026-08-24,B,TD077,DTH,CHALCOBAMBA,300,23.5,0.0,0,0.0,0.0,,7.0,0.0,112.5
2026-08-24,B,TD077,DTH,CHALCOBAMBA,330,0.0,0.0,0,0.0,0.0,,6.5,0.0,112.5
2026-08-24,B,TD077,DTH,CHALCOBAMBA,360,0.5,0.0,0,0.0,0.0,,6.0,,112.5
2026-08-24,B,TD077,DTH,CHALCOBAMBA,420,1.5,0.0,0,0.0,0.0,,5.0,,112.5
2026-08-24,B,TD077,DTH,CHALCOBAMBA,480,2.5,0.0,0,0.0,0.0,,4.0,,112.5
2026-08-24,B,TD077,DTH,CHALCOBAMBA,540,3.5,0.0,0,0.0,0.0,,3.0,,112.5
2026-08-24,B,TD077,DTH,CHALCOBAMBA,600,4.5,0.0,0,0.0,0.0,,2.0,,112.5
2026-08-24,B,TD077,DTH,CHALCOBAMBA,660,5.5,0.0,0,0.0,0.0,,1.0,,112.5
2026-08-24,B,TD079,DTH,FERROBAMBA,60,19.5,0.0,0,0.0,0.0,,11.0,0.0,140.0
2026-08-24,B,TD079,DTH,FERROBAMBA,120,20.5,0.0,0,0.0,0.0,,10.0,0.0,140.0
2026-08-24,B,TD079,DTH,FERROBAMBA,180,21.5,0.0,0,0.0,0.0,,9.0,0.0,140.0
2026-08-24,B,TD079,DTH,FERROBAMBA,240,22.5,0.0,0,0.0,0.0,,8.0,0.0,140.0
2026-08-24,B,TD079,DTH,FERROBAMBA,300,23.5,0.0,0,0.0,0.0,,7.0,0.0,140.0
2026-08-24,B,TD079,DTH,FERROBAMBA,330,0.0,0.0,0,0.0,0.0,,6.5,0.0,140.0
2026-08-24,B,TD079,DTH,FERROBAMBA,360,0.5,0.0,0,0.0,0.0,,6.0,,140.0
2026-08-24,B,TD079,DTH,FERROBAMBA,420,1.5,0.0,0,0.0,0.0,,5.0,,140.0
2026-08-24,B,TD079,DTH,FERROBAMBA,480,2.5,0.0,0,0.0,0.0,,4.0,,140.0
2026-08-24,B,TD079,DTH,FERROBAMBA,540,3.5,0.0,0,0.0,0.0,,3.0,,140.0
2026-08-24,B,TD079,DTH,FERROBAMBA,600,4.5,0.0,0,0.0,0.0,,2.0,,140.0
2026-08-24,B,TD079,DTH,FERROBAMBA,660,5.5,0.0,0,0.0,0.0,,1.0,,140.0
2026-08-24,B,TD080,DTH,FERROBAMBA,60,19.5,0.0,0,0.0,0.0,,11.0,0.0,40.6
2026-08-24,B,TD080,DTH,FERROBAMBA,120,20.5,0.0,0,0.0,0.0,,10.0,0.0,40.6
2026-08-24,B,TD080,DTH,FERROBAMBA,180,21.5,0.0,0,0.0,0.0,,9.0,0.0,40.6
2026-08-24,B,TD080,DTH,FERROBAMBA,240,22.5,0.0,0,0.0,0.0,,8.0,0.0,40.6
2026-08-24,B,TD080,DTH,FERROBAMBA,300,23.5,0.0,0,0.0,0.0,,7.0,0.0,40.6
2026-08-24,B,TD080,DTH,FERROBAMBA,330,0.0,0.0,0,0.0,0.0,,6.5,0.0,40.6
2026-08-24,B,TD080,DTH,FERROBAMBA,360,0.5,0.0,0,0.0,0.0,,6.0,,40.6
2026-08-24,B,TD080,DTH,FERROBAMBA,420,1.5,0.0,0,0.0,0.0,,5.0,,40.6
2026-08-24,B,TD080,DTH,FERROBAMBA,480,2.5,0.0,0,0.0,0.0,,4.0,,40.6
2026-08-24,B,TD080,DTH,FERROBAMBA,540,3.5,0.0,0,0.0,0.0,,3.0,,40.6
2026-08-24,B,TD080,DTH,FERROBAMBA,600,4.5,0.0,0,0.0,0.0,,2.0,,40.6
2026-08-24,B,TD080,DTH,FERROBAMBA,660,5.5,0.0,0,0.0,0.0,,1.0,,40.6
2026-08-24,B,TD081,DTH,FERROBAMBA,60,19.5,0.0,0,0.0,0.0,,11.0,0.0,484.1
2026-08-24,B,TD081,DTH,FERROBAMBA,120,20.5,0.0,0,0.0,0.0,,10.0,0.0,484.1
2026-08-24,B,TD081,DTH,FERROBAMBA,180,21.5,0.0,0,0.0,0.0,,9.0,0.0,484.1
2026-08-24,B,TD081,DTH,FERROBAMBA,240,22.5,0.0,0,0.0,0.0,,8.0,0.0,484.1
2026-08-24,B,TD081,DTH,FERROBAMBA,300,23.5,0.0,0,0.0,0.0,,7.0,0.0,484.1
2026-08-24,B,TD081,DTH,FERROBAMBA,330,0.0,0.0,0,0.0,0.0,,6.5,0.0,484.1
2026-08-24,B,TD081,DTH,FERROBAMBA,360,0.5,0.0,0,0.0,0.0,,6.0,,484.1
2026-08-24,B,TD081,DTH,FERROBAMBA,420,1.5,0.0,0,0.0,0.0,,5.0,,484.1
2026-08-24,B,TD081,DTH,FERROBAMBA,480,2.5,0.0,0,0.0,0.0,,4.0,,484.1
2026-08-24,B,TD081,DTH,FERROBAMBA,540,3.5,0.0,0,0.0,0.0,,3.0,,484.1
2026-08-24,B,TD081,DTH,FERROBAMBA,600,4.5,0.0,0,0.0,0.0,,2.0,,484.1
2026-08-24,B,TD081,DTH,FERROBAMBA,660,5.5,0.0,0,0.0,0.0,,1.0,,484.1
2026-08-24,B,TD091,RTR,FERROBAMBA,60,19.5,0.0,0,0.0,0.0,,11.0,0.0,235.9
2026-08-24,B,TD091,RTR,FERROBAMBA,120,20.5,0.0,0,0.0,0.0,,10.0,0.0,235.9
2026-08-24,B,TD091,RTR,FERROBAMBA,180,21.5,0.0,0,0.0,0.0,,9.0,0.0,235.9
2026-08-24,B,TD091,RTR,FERROBAMBA,240,22.5,0.0,0,0.0,0.0,,8.0,0.0,235.9
2026-08-24,B,TD091,RTR,FERROBAMBA,300,23.5,0.0,0,0.0,0.0,,7.0,0.0,235.9
2026-08-24,B,TD091,RTR,FERROBAMBA,330,0.0,0.0,0,0.0,0.0,,6.5,0.0,235.9
2026-08-24,B,TD091,RTR,FERROBAMBA,360,0.5,0.0,0,0.0,0.0,,6.0,,235.9
2026-08-24,B,TD091,RTR,FERROBAMBA,420,1.5,0.0,0,0.0,0.0,,5.0,,235.9
2026-08-24,B,TD091,RTR,FERROBAMBA,480,2.5,0.0,0,0.0,0.0,,4.0,,235.9
2026-08-24,B,TD091,RTR,FERROBAMBA,540,3.5,0.0,0,0.0,0.0,,3.0,,235.9
2026-08-24,B,TD091,RTR,FERROBAMBA,600,4.5,0.0,0,0.0,0.0,,2.0,,235.9
2026-08-24,B,TD091,RTR,FERROBAMBA,660,5.5,0.0,0,0.0,0.0,,1.0,,235.9
2026-08-24,B,TD092,RTR,CHALCOBAMBA,60,19.5,0.0,0,0.0,0.0,,11.0,0.0,169.5
2026-08-24,B,TD092,RTR,CHALCOBAMBA,120,20.5,0.0,0,0.0,0.0,,10.0,0.0,169.5
2026-08-24,B,TD092,RTR,CHALCOBAMBA,180,21.5,0.0,0,0.0,0.0,,9.0,0.0,169.5
2026-08-24,B,TD092,RTR,CHALCOBAMBA,240,22.5,0.0,0,0.0,0.0,,8.0,0.0,169.5
2026-08-24,B,TD092,RTR,CHALCOBAMBA,300,23.5,0.0,0,0.0,0.0,,7.0,0.0,169.5
2026-08-24,B,TD092,RTR,CHALCOBAMBA,330,0.0,0.0,0,0.0,0.0,,6.5,0.0,169.5
2026-08-24,B,TD092,RTR,CHALCOBAMBA,360,0.5,0.0,0,0.0,0.0,,6.0,,169.5
2026-08-24,B,TD092,RTR,CHALCOBAMBA,420,1.5,0.0,0,0.0,0.0,,5.0,,169.5
2026-08-24,B,TD092,RTR,CHALCOBAMBA,480,2.5,0.0,0,0.0,0.0,,4.0,,169.5
2026-08-24,B,TD092,RTR,CHALCOBAMBA,540,3.5,0.0,0,0.0,0.0,,3.0,,169.5
2026-08-24,B,TD092,RTR,CHALCOBAMBA,600,4.5,0.0,0,0.0,0.0,,2.0,,169.5
2026-08-24,B,TD092,RTR,CHALCOBAMBA,660,5.5,0.0,0,0.0,0.0,,1.0,,169.5
2026-08-25,A,TD076,DTH,FERROBAMBA,60,7.5,1.0,1,17.5,17.5,,11.0,17.5,145.5
2026-08-25,A,TD076,DTH,FERROBAMBA,120,8.5,1.0,1,17.5,17.5,,10.0,17.5,145.5
2026-08-25,A,TD076,DTH,FERROBAMBA,180,9.5,1.0,1,17.5,17.5,,9.0,17.5,145.5
2026-08-25,A,TD076,DTH,FERROBAMBA,240,10.5,1.0,1,17.5,17.5,,8.0,17.5,145.5
2026-08-25,A,TD076,DTH,FERROBAMBA,300,11.5,1.0,1,17.5,17.5,,7.0,17.5,145.5
2026-08-25,A,TD076,DTH,FERROBAMBA,330,12.0,1.0,1,17.5,17.5,,6.5,17.5,145.5
2026-08-25,A,TD076,DTH,FERROBAMBA,360,12.5,1.0,1,17.5,17.5,,6.0,,145.5
2026-08-25,A,TD076,DTH,FERROBAMBA,420,13.5,2.0,3,38.5,19.25,,5.0,,145.5
2026-08-25,A,TD076,DTH,FERROBAMBA,480,14.5,3.0,4,59.5,19.83,,4.0,,145.5
2026-08-25,A,TD076,DTH,FERROBAMBA,540,15.5,4.0,5,80.5,20.12,,3.0,,145.5
2026-08-25,A,TD076,DTH,FERROBAMBA,600,16.5,5.0,6,99.17,19.83,,2.0,,145.5
2026-08-25,A,TD076,DTH,FERROBAMBA,660,17.5,5.667,8,114.0,20.12,,1.0,,145.5
2026-08-25,A,TD077,DTH,CHALCOBAMBA,60,7.5,0.0,0,0.0,0.0,,11.0,91.4,192.0
2026-08-25,A,TD077,DTH,CHALCOBAMBA,120,8.5,0.833,2,16.25,19.5,,10.0,91.4,192.0
2026-08-25,A,TD077,DTH,CHALCOBAMBA,180,9.5,1.833,3,37.14,20.26,,9.0,91.4,192.0
2026-08-25,A,TD077,DTH,CHALCOBAMBA,240,10.5,2.25,5,47.2,20.98,,8.0,91.4,192.0
2026-08-25,A,TD077,DTH,CHALCOBAMBA,300,11.5,2.833,7,72.33,25.53,,7.0,91.4,192.0
2026-08-25,A,TD077,DTH,CHALCOBAMBA,330,12.0,3.333,8,91.4,27.42,,6.5,91.4,192.0
2026-08-25,A,TD077,DTH,CHALCOBAMBA,360,12.5,3.833,9,104.83,27.35,,6.0,,192.0
2026-08-25,A,TD077,DTH,CHALCOBAMBA,420,13.5,4.667,12,125.5,26.89,,5.0,,192.0
2026-08-25,A,TD077,DTH,CHALCOBAMBA,480,14.5,5.667,16,140.0,24.71,,4.0,,192.0
2026-08-25,A,TD077,DTH,CHALCOBAMBA,540,15.5,5.667,16,140.0,24.71,,3.0,,192.0
2026-08-25,A,TD077,DTH,CHALCOBAMBA,600,16.5,6.417,18,166.0,25.87,,2.0,,192.0
2026-08-25,A,TD077,DTH,CHALCOBAMBA,660,17.5,7.417,20,188.75,25.45,,1.0,,192.0
2026-08-25,A,TD079,DTH,FERROBAMBA,60,7.5,0.0,0,0.0,0.0,,11.0,93.7,319.6
2026-08-25,A,TD079,DTH,FERROBAMBA,120,8.5,0.0,0,0.0,0.0,,10.0,93.7,319.6
2026-08-25,A,TD079,DTH,FERROBAMBA,180,9.5,0.417,1,16.25,39.0,,9.0,93.7,319.6
2026-08-25,A,TD079,DTH,FERROBAMBA,240,10.5,1.417,3,51.56,36.4,,8.0,93.7,319.6
2026-08-25,A,TD079,DTH,FERROBAMBA,300,11.5,2.417,5,82.0,33.93,,7.0,93.7,319.6
2026-08-25,A,TD079,DTH,FERROBAMBA,330,12.0,2.917,5,93.7,32.13,,6.5,93.7,319.6
2026-08-25,A,TD079,DTH,FERROBAMBA,360,12.5,3.083,5,97.6,31.65,,6.0,,319.6
2026-08-25,A,TD079,DTH,FERROBAMBA,420,13.5,4.083,7,131.39,32.18,,5.0,,319.6
2026-08-25,A,TD079,DTH,FERROBAMBA,480,14.5,5.083,9,161.77,31.82,,4.0,,319.6
2026-08-25,A,TD079,DTH,FERROBAMBA,540,15.5,6.083,11,200.6,32.98,,3.0,,319.6
2026-08-25,A,TD079,DTH,FERROBAMBA,600,16.5,7.083,14,237.12,33.48,,2.0,,319.6
2026-08-25,A,TD079,DTH,FERROBAMBA,660,17.5,8.083,17,277.04,34.27,,1.0,,319.6
2026-08-25,A,TD080,DTH,FERROBAMBA,60,7.5,0.0,0,0.0,0.0,,11.0,0.0,30.0
2026-08-25,A,TD080,DTH,FERROBAMBA,120,8.5,0.0,0,0.0,0.0,,10.0,0.0,30.0
2026-08-25,A,TD080,DTH,FERROBAMBA,180,9.5,0.0,0,0.0,0.0,,9.0,0.0,30.0
2026-08-25,A,TD080,DTH,FERROBAMBA,240,10.5,0.0,0,0.0,0.0,,8.0,0.0,30.0
2026-08-25,A,TD080,DTH,FERROBAMBA,300,11.5,0.0,0,0.0,0.0,,7.0,0.0,30.0
2026-08-25,A,TD080,DTH,FERROBAMBA,330,12.0,0.0,0,0.0,0.0,,6.5,0.0,30.0
2026-08-25,A,TD080,DTH,FERROBAMBA,360,12.5,0.0,0,0.0,0.0,,6.0,,30.0
2026-08-25,A,TD080,DTH,FERROBAMBA,420,13.5,1.0,4,26.25,26.25,,5.0,,30.0
2026-08-25,A,TD080,DTH,FERROBAMBA,480,14.5,1.167,4,30.0,25.71,,4.0,,30.0
2026-08-25,A,TD080,DTH,FERROBAMBA,540,15.5,1.167,4,30.0,25.71,,3.0,,30.0
2026-08-25,A,TD080,DTH,FERROBAMBA,600,16.5,1.167,4,30.0,25.71,,2.0,,30.0
2026-08-25,A,TD080,DTH,FERROBAMBA,660,17.5,1.167,4,30.0,25.71,,1.0,,30.0
2026-08-25,A,TD081,DTH,FERROBAMBA,60,7.5,0.0,0,0.0,0.0,,11.0,22.0,109.0
2026-08-25,A,TD081,DTH,FERROBAMBA,120,8.5,0.0,0,0.0,0.0,,10.0,22.0,109.0
2026-08-25,A,TD081,DTH,FERROBAMBA,180,9.5,0.0,0,0.0,0.0,,9.0,22.0,109.0
2026-08-25,A,TD081,DTH,FERROBAMBA,240,10.5,0.0,0,0.0,0.0,,8.0,22.0,109.0
2026-08-25,A,TD081,DTH,FERROBAMBA,300,11.5,0.667,3,22.0,33.0,,7.0,22.0,109.0
2026-08-25,A,TD081,DTH,FERROBAMBA,330,12.0,0.667,3,22.0,33.0,,6.5,22.0,109.0
2026-08-25,A,TD081,DTH,FERROBAMBA,360,12.5,0.667,3,22.0,33.0,,6.0,,109.0
2026-08-25,A,TD081,DTH,FERROBAMBA,420,13.5,0.667,3,22.0,33.0,,5.0,,109.0
2026-08-25,A,TD081,DTH,FERROBAMBA,480,14.5,1.667,9,56.73,34.04,,4.0,,109.0
2026-08-25,A,TD081,DTH,FERROBAMBA,540,15.5,2.0,10,66.0,33.0,,3.0,,109.0
2026-08-25,A,TD081,DTH,FERROBAMBA,600,16.5,2.0,10,66.0,33.0,,2.0,,109.0
2026-08-25,A,TD081,DTH,FERROBAMBA,660,17.5,2.25,12,74.12,32.94,,1.0,,109.0
2026-08-25,A,TD091,RTR,FERROBAMBA,60,7.5,0.917,2,18.15,19.8,,11.0,66.1,161.5
2026-08-25,A,TD091,RTR,FERROBAMBA,120,8.5,1.667,2,33.0,19.8,,10.0,66.1,161.5
2026-08-25,A,TD091,RTR,FERROBAMBA,180,9.5,2.583,3,48.65,18.83,,9.0,66.1,161.5
2026-08-25,A,TD091,RTR,FERROBAMBA,240,10.5,3.5,4,64.64,18.47,,8.0,66.1,161.5
2026-08-25,A,TD091,RTR,FERROBAMBA,300,11.5,3.583,4,66.1,18.45,,7.0,66.1,161.5
2026-08-25,A,TD091,RTR,FERROBAMBA,330,12.0,3.583,4,66.1,18.45,,6.5,66.1,161.5
2026-08-25,A,TD091,RTR,FERROBAMBA,360,12.5,3.583,4,66.1,18.45,,6.0,,161.5
2026-08-25,A,TD091,RTR,FERROBAMBA,420,13.5,3.583,4,66.1,18.45,,5.0,,161.5
2026-08-25,A,TD091,RTR,FERROBAMBA,480,14.5,4.383,5,81.0,18.48,,4.0,,161.5
2026-08-25,A,TD091,RTR,FERROBAMBA,540,15.5,5.333,6,98.0,18.38,,3.0,,161.5
2026-08-25,A,TD091,RTR,FERROBAMBA,600,16.5,6.25,8,116.7,18.67,,2.0,,161.5
2026-08-25,A,TD091,RTR,FERROBAMBA,660,17.5,7.217,9,137.5,19.05,,1.0,,161.5
2026-08-25,A,TD092,RTR,CHALCOBAMBA,60,7.5,0.0,0,0.0,0.0,,11.0,103.36,247.4
2026-08-25,A,TD092,RTR,CHALCOBAMBA,120,8.5,0.75,2,19.41,25.88,,10.0,103.36,247.4
2026-08-25,A,TD092,RTR,CHALCOBAMBA,180,9.5,1.55,3,42.17,27.2,,9.0,103.36,247.4
2026-08-25,A,TD092,RTR,CHALCOBAMBA,240,10.5,2.55,5,68.8,26.98,,8.0,103.36,247.4
2026-08-25,A,TD092,RTR,CHALCOBAMBA,300,11.5,3.55,6,91.67,25.82,,7.0,103.36,247.4
2026-08-25,A,TD092,RTR,CHALCOBAMBA,330,12.0,4.05,7,103.36,25.52,,6.5,103.36,247.4
2026-08-25,A,TD092,RTR,CHALCOBAMBA,360,12.5,4.55,8,116.88,25.69,,6.0,,247.4
2026-08-25,A,TD092,RTR,CHALCOBAMBA,420,13.5,5.217,9,133.84,25.66,,5.0,,247.4
2026-08-25,A,TD092,RTR,CHALCOBAMBA,480,14.5,6.167,10,159.99,25.94,,4.0,,247.4
2026-08-25,A,TD092,RTR,CHALCOBAMBA,540,15.5,7.067,11,181.2,25.64,,3.0,,247.4
2026-08-25,A,TD092,RTR,CHALCOBAMBA,600,16.5,8.017,13,205.43,25.63,,2.0,,247.4
2026-08-25,A,TD092,RTR,CHALCOBAMBA,660,17.5,8.983,14,228.91,25.48,,1.0,,247.4
2026-08-25,B,TD076,DTH,FERROBAMBA,60,19.5,0.0,0,0.0,0.0,,11.0,0.0,242.8
2026-08-25,B,TD076,DTH,FERROBAMBA,120,20.5,0.0,0,0.0,0.0,,10.0,0.0,242.8
2026-08-25,B,TD076,DTH,FERROBAMBA,180,21.5,0.0,0,0.0,0.0,,9.0,0.0,242.8
2026-08-25,B,TD076,DTH,FERROBAMBA,240,22.5,0.0,0,0.0,0.0,,8.0,0.0,242.8
2026-08-25,B,TD076,DTH,FERROBAMBA,300,23.5,0.0,0,0.0,0.0,,7.0,0.0,242.8
2026-08-25,B,TD076,DTH,FERROBAMBA,330,0.0,0.0,0,0.0,0.0,,6.5,0.0,242.8
2026-08-25,B,TD076,DTH,FERROBAMBA,360,0.5,0.0,0,0.0,0.0,,6.0,,242.8
2026-08-25,B,TD076,DTH,FERROBAMBA,420,1.5,0.0,0,0.0,0.0,,5.0,,242.8
2026-08-25,B,TD076,DTH,FERROBAMBA,480,2.5,0.0,0,0.0,0.0,,4.0,,242.8
2026-08-25,B,TD076,DTH,FERROBAMBA,540,3.5,0.0,0,0.0,0.0,,3.0,,242.8
2026-08-25,B,TD076,DTH,FERROBAMBA,600,4.5,0.0,0,0.0,0.0,,2.0,,242.8
2026-08-25,B,TD076,DTH,FERROBAMBA,660,5.5,0.0,0,0.0,0.0,,1.0,,242.8
2026-08-25,B,TD077,DTH,CHALCOBAMBA,60,19.5,0.0,0,0.0,0.0,,11.0,0.0,52.0
2026-08-25,B,TD077,DTH,CHALCOBAMBA,120,20.5,0.0,0,0.0,0.0,,10.0,0.0,52.0
2026-08-25,B,TD077,DTH,CHALCOBAMBA,180,21.5,0.0,0,0.0,0.0,,9.0,0.0,52.0
2026-08-25,B,TD077,DTH,CHALCOBAMBA,240,22.5,0.0,0,0.0,0.0,,8.0,0.0,52.0
2026-08-25,B,TD077,DTH,CHALCOBAMBA,300,23.5,0.0,0,0.0,0.0,,7.0,0.0,52.0
2026-08-25,B,TD077,DTH,CHALCOBAMBA,330,0.0,0.0,0,0.0,0.0,,6.5,0.0,52.0
2026-08-25,B,TD077,DTH,CHALCOBAMBA,360,0.5,0.0,0,0.0,0.0,,6.0,,52.0
2026-08-25,B,TD077,DTH,CHALCOBAMBA,420,1.5,0.0,0,0.0,0.0,,5.0,,52.0
2026-08-25,B,TD077,DTH,CHALCOBAMBA,480,2.5,0.0,0,0.0,0.0,,4.0,,52.0
2026-08-25,B,TD077,DTH,CHALCOBAMBA,540,3.5,0.0,0,0.0,0.0,,3.0,,52.0
2026-08-25,B,TD077,DTH,CHALCOBAMBA,600,4.5,0.0,0,0.0,0.0,,2.0,,52.0
2026-08-25,B,TD077,DTH,CHALCOBAMBA,660,5.5,0.0,0,0.0,0.0,,1.0,,52.0
2026-08-25,B,TD079,DTH,FERROBAMBA,60,19.5,0.0,0,0.0,0.0,,11.0,0.0,102.0
2026-08-25,B,TD079,DTH,FERROBAMBA,120,20.5,0.0,0,0.0,0.0,,10.0,0.0,102.0
2026-08-25,B,TD079,DTH,FERROBAMBA,180,21.5,0.0,0,0.0,0.0,,9.0,0.0,102.0
2026-08-25,B,TD079,DTH,FERROBAMBA,240,22.5,0.0,0,0.0,0.0,,8.0,0.0,102.0
2026-08-25,B,TD079,DTH,FERROBAMBA,300,23.5,0.0,0,0.0,0.0,,7.0,0.0,102.0
2026-08-25,B,TD079,DTH,FERROBAMBA,330,0.0,0.0,0,0.0,0.0,,6.5,0.0,102.0
2026-08-25,B,TD079,DTH,FERROBAMBA,360,0.5,0.0,0,0.0,0.0,,6.0,,102.0
2026-08-25,B,TD079,DTH,FERROBAMBA,420,1.5,0.0,0,0.0,0.0,,5.0,,102.0
2026-08-25,B,TD079,DTH,FERROBAMBA,480,2.5,0.0,0,0.0,0.0,,4.0,,102.0
2026-08-25,B,TD079,DTH,FERROBAMBA,540,3.5,0.0,0,0.0,0.0,,3.0,,102.0
2026-08-25,B,TD079,DTH,FERROBAMBA,600,4.5,0.0,0,0.0,0.0,,2.0,,102.0
2026-08-25,B,TD079,DTH,FERROBAMBA,660,5.5,0.0,0,0.0,0.0,,1.0,,102.0
2026-08-25,B,TD080,DTH,FERROBAMBA,60,19.5,0.0,0,0.0,0.0,,11.0,0.0,35.0
2026-08-25,B,TD080,DTH,FERROBAMBA,120,20.5,0.0,0,0.0,0.0,,10.0,0.0,35.0
2026-08-25,B,TD080,DTH,FERROBAMBA,180,21.5,0.0,0,0.0,0.0,,9.0,0.0,35.0
2026-08-25,B,TD080,DTH,FERROBAMBA,240,22.5,0.0,0,0.0,0.0,,8.0,0.0,35.0
2026-08-25,B,TD080,DTH,FERROBAMBA,300,23.5,0.0,0,0.0,0.0,,7.0,0.0,35.0
2026-08-25,B,TD080,DTH,FERROBAMBA,330,0.0,0.0,0,0.0,0.0,,6.5,0.0,35.0
2026-08-25,B,TD080,DTH,FERROBAMBA,360,0.5,0.0,0,0.0,0.0,,6.0,,35.0
2026-08-25,B,TD080,DTH,FERROBAMBA,420,1.5,0.0,0,0.0,0.0,,5.0,,35.0
2026-08-25,B,TD080,DTH,FERROBAMBA,480,2.5,0.0,0,0.0,0.0,,4.0,,35.0
2026-08-25,B,TD080,DTH,FERROBAMBA,540,3.5,0.0,0,0.0,0.0,,3.0,,35.0
2026-08-25,B,TD080,DTH,FERROBAMBA,600,4.5,0.0,0,0.0,0.0,,2.0,,35.0
2026-08-25,B,TD080,DTH,FERROBAMBA,660,5.5,0.0,0,0.0,0.0,,1.0,,35.0
2026-08-25,B,TD081,DTH,FERROBAMBA,60,19.5,0.0,0,0.0,0.0,,11.0,0.0,328.3
2026-08-25,B,TD081,DTH,FERROBAMBA,120,20.5,0.0,0,0.0,0.0,,10.0,0.0,328.3
2026-08-25,B,TD081,DTH,FERROBAMBA,180,21.5,0.0,0,0.0,0.0,,9.0,0.0,328.3
2026-08-25,B,TD081,DTH,FERROBAMBA,240,22.5,0.0,0,0.0,0.0,,8.0,0.0,328.3
2026-08-25,B,TD081,DTH,FERROBAMBA,300,23.5,0.0,0,0.0,0.0,,7.0,0.0,328.3
2026-08-25,B,TD081,DTH,FERROBAMBA,330,0.0,0.0,0,0.0,0.0,,6.5,0.0,328.3
2026-08-25,B,TD081,DTH,FERROBAMBA,360,0.5,0.0,0,0.0,0.0,,6.0,,328.3
2026-08-25,B,TD081,DTH,FERROBAMBA,420,1.5,0.0,0,0.0,0.0,,5.0,,328.3
2026-08-25,B,TD081,DTH,FERROBAMBA,480,2.5,0.0,0,0.0,0.0,,4.0,,328.3
2026-08-25,B,TD081,DTH,FERROBAMBA,540,3.5,0.0,0,0.0,0.0,,3.0,,328.3
2026-08-25,B,TD081,DTH,FERROBAMBA,600,4.5,0.0,0,0.0,0.0,,2.0,,328.3
2026-08-25,B,TD081,DTH,FERROBAMBA,660,5.5,0.0,0,0.0,0.0,,1.0,,328.3
2026-08-25,B,TD091,RTR,FERROBAMBA,60,19.5,0.0,0,0.0,0.0,,11.0,0.0,190.3
2026-08-25,B,TD091,RTR,FERROBAMBA,120,20.5,0.0,0,0.0,0.0,,10.0,0.0,190.3
2026-08-25,B,TD091,RTR,FERROBAMBA,180,21.5,0.0,0,0.0,0.0,,9.0,0.0,190.3
2026-08-25,B,TD091,RTR,FERROBAMBA,240,22.5,0.0,0,0.0,0.0,,8.0,0.0,190.3
2026-08-25,B,TD091,RTR,FERROBAMBA,300,23.5,0.0,0,0.0,0.0,,7.0,0.0,190.3
2026-08-25,B,TD091,RTR,FERROBAMBA,330,0.0,0.0,0,0.0,0.0,,6.5,0.0,190.3
2026-08-25,B,TD091,RTR,FERROBAMBA,360,0.5,0.0,0,0.0,0.0,,6.0,,190.3
2026-08-25,B,TD091,RTR,FERROBAMBA,420,1.5,0.0,0,0.0,0.0,,5.0,,190.3
2026-08-25,B,TD091,RTR,FERROBAMBA,480,2.5,0.0,0,0.0,0.0,,4.0,,190.3
2026-08-25,B,TD091,RTR,FERROBAMBA,540,3.5,0.0,0,0.0,0.0,,3.0,,190.3
2026-08-25,B,TD091,RTR,FERROBAMBA,600,4.5,0.0,0,0.0,0.0,,2.0,,190.3
2026-08-25,B,TD091,RTR,FERROBAMBA,660,5.5,0.0,0,0.0,0.0,,1.0,,190.3
2026-08-25,B,TD092,RTR,CHALCOBAMBA,60,19.5,0.0,0,0.0,0.0,,11.0,0.0,179.5
2026-08-25,B,TD092,RTR,CHALCOBAMBA,120,20.5,0.0,0,0.0,0.0,,10.0,0.0,179.5
2026-08-25,B,TD092,RTR,CHALCOBAMBA,180,21.5,0.0,0,0.0,0.0,,9.0,0.0,179.5
2026-08-25,B,TD092,RTR,CHALCOBAMBA,240,22.5,0.0,0,0.0,0.0,,8.0,0.0,179.5
2026-08-25,B,TD092,RTR,CHALCOBAMBA,300,23.5,0.0,0,0.0,0.0,,7.0,0.0,179.5
2026-08-25,B,TD092,RTR,CHALCOBAMBA,330,0.0,0.0,0,0.0,0.0,,6.5,0.0,179.5
2026-08-25,B,TD092,RTR,CHALCOBAMBA,360,0.5,0.0,0,0.0,0.0,,6.0,,179.5
2026-08-25,B,TD092,RTR,CHALCOBAMBA,420,1.5,0.0,0,0.0,0.0,,5.0,,179.5
2026-08-25,B,TD092,RTR,CHALCOBAMBA,480,2.5,0.0,0,0.0,0.0,,4.0,,179.5
2026-08-25,B,TD092,RTR,CHALCOBAMBA,540,3.5,0.0,0,0.0,0.0,,3.0,,179.5
2026-08-25,B,TD092,RTR,CHALCOBAMBA,600,4.5,0.0,0,0.0,0.0,,2.0,,179.5
2026-08-25,B,TD092,RTR,CHALCOBAMBA,660,5.5,0.0,0,0.0,0.0,,1.0,,179.5
